-- MariaDB dump 10.19-11.1.2-MariaDB, for debian-linux-gnu (x86_64)
--
-- Host: localhost    Database: DoughSaverDB
-- ------------------------------------------------------
-- Server version	11.1.2-MariaDB-1:11.1.2+maria~ubu2204

/*!40101 SET @OLD_CHARACTER_SET_CLIENT=@@CHARACTER_SET_CLIENT */;
/*!40101 SET @OLD_CHARACTER_SET_RESULTS=@@CHARACTER_SET_RESULTS */;
/*!40101 SET @OLD_COLLATION_CONNECTION=@@COLLATION_CONNECTION */;
/*!40101 SET NAMES utf8mb4 */;
/*!40103 SET @OLD_TIME_ZONE=@@TIME_ZONE */;
/*!40103 SET TIME_ZONE='+00:00' */;
/*!40014 SET @OLD_UNIQUE_CHECKS=@@UNIQUE_CHECKS, UNIQUE_CHECKS=0 */;
/*!40014 SET @OLD_FOREIGN_KEY_CHECKS=@@FOREIGN_KEY_CHECKS, FOREIGN_KEY_CHECKS=0 */;
/*!40101 SET @OLD_SQL_MODE=@@SQL_MODE, SQL_MODE='NO_AUTO_VALUE_ON_ZERO' */;
/*!40111 SET @OLD_SQL_NOTES=@@SQL_NOTES, SQL_NOTES=0 */;

CREATE DATABASE /*!32312 IF NOT EXISTS*/ `DoughSaverDB` /*!40100 DEFAULT CHARACTER SET latin1 */;

USE `DoughSaverDB`;
--
-- Table structure for table `Customer`
--

DROP TABLE IF EXISTS `Customer`;
/*!40101 SET @saved_cs_client     = @@character_set_client */;
/*!40101 SET character_set_client = utf8 */;
CREATE TABLE `Customer` (
  `UserId` int(11) NOT NULL AUTO_INCREMENT,
  `Password` char(60) NOT NULL,
  `Name` char(25) NOT NULL,
  `Email` char(50) NOT NULL,
  `PrimaryLocation` int(5) NOT NULL,
  `Address` char(75) DEFAULT NULL,
  `CreationDate` datetime NOT NULL,
  `LastLogin` datetime NOT NULL,
  PRIMARY KEY (`UserId`),
  UNIQUE KEY `Email` (`Email`)
) ENGINE=InnoDB AUTO_INCREMENT=3 DEFAULT CHARSET=latin1 COLLATE=latin1_swedish_ci;
/*!40101 SET character_set_client = @saved_cs_client */;

--
-- Dumping data for table `Customer`
--

LOCK TABLES `Customer` WRITE;
/*!40000 ALTER TABLE `Customer` DISABLE KEYS */;
/*!40000 ALTER TABLE `Customer` ENABLE KEYS */;
UNLOCK TABLES;

--
-- Table structure for table `GroceryStore`
--

DROP TABLE IF EXISTS `GroceryStore`;
/*!40101 SET @saved_cs_client     = @@character_set_client */;
/*!40101 SET character_set_client = utf8 */;
CREATE TABLE `GroceryStore` (
  `StoreId` int(7) NOT NULL AUTO_INCREMENT,
  `StoreName` char(25) NOT NULL,
  `Address` char(75) NOT NULL,
  PRIMARY KEY (`StoreId`)
) ENGINE=InnoDB AUTO_INCREMENT=9 DEFAULT CHARSET=latin1 COLLATE=latin1_swedish_ci;
/*!40101 SET character_set_client = @saved_cs_client */;

--
-- Dumping data for table `GroceryStore`
--

LOCK TABLES `GroceryStore` WRITE;
/*!40000 ALTER TABLE `GroceryStore` DISABLE KEYS */;
INSERT INTO `GroceryStore` VALUES
(1,'Food Lion','2200 Main Street'),
(2,'Harris Teeter','1350 15th Street'),
(3,'Walmart','550 Fake Avenue'),
(4,'ALDI','440 20th Street'),
(5,'Publix','560 Fake Avenue'),
(8,'Walmart(Real)','26036 Lankford Hwy');
/*!40000 ALTER TABLE `GroceryStore` ENABLE KEYS */;
UNLOCK TABLES;

--
-- Table structure for table `Ingredient`
--

DROP TABLE IF EXISTS `Ingredient`;
/*!40101 SET @saved_cs_client     = @@character_set_client */;
/*!40101 SET character_set_client = utf8 */;
CREATE TABLE `Ingredient` (
  `IngredientID` int(7) NOT NULL AUTO_INCREMENT,
  `IngredientName` varchar(150) DEFAULT NULL,
  `Brand` varchar(25) DEFAULT NULL,
  `Quantity` float(6,2) NOT NULL,
  `Unit` varchar(25) NOT NULL,
  `IsPrivate` tinyint(1) NOT NULL,
  `PrivateUID` int(7) DEFAULT NULL,
  PRIMARY KEY (`IngredientID`)
) ENGINE=InnoDB AUTO_INCREMENT=61 DEFAULT CHARSET=latin1 COLLATE=latin1_swedish_ci;
/*!40101 SET character_set_client = @saved_cs_client */;

--
-- Dumping data for table `Ingredient`
--

LOCK TABLES `Ingredient` WRITE;
/*!40000 ALTER TABLE `Ingredient` DISABLE KEYS */;
INSERT INTO `Ingredient` VALUES
(1,'Ribeye Steak',NULL,1.00,'lb',0,NULL),
(2,'New York Strip Steak',NULL,1.00,'lb',0,NULL),
(3,'Bananas',NULL,1.00,'lb',0,NULL),
(4,'Yellow Onion',NULL,1.00,'lb',0,NULL),
(5,'T-Bone Steak',NULL,1.00,'lb',0,NULL),
(6,'Tomatoes',NULL,1.00,'lb',0,NULL),
(7,'Pork Butt',NULL,1.00,'lb',0,NULL),
(8,'Pork Chops',NULL,1.00,'lb',0,NULL),
(9,'Pork Loin',NULL,1.00,'lb',0,NULL),
(10,'Snow Crab',NULL,1.00,'lb',0,NULL),
(11,'Strawberries',NULL,1.00,'lb',0,NULL),
(12,'Bacon',NULL,1.00,'lb',0,NULL),
(13,'Asparagus',NULL,1.00,'lb',0,NULL),
(14,'Broccoli',NULL,1.00,'lb',0,NULL),
(15,'Butter',NULL,1.00,'lb',0,NULL),
(16,'Chicken Breast',NULL,1.00,'lb',0,NULL),
(17,'Green Beans',NULL,1.00,'lb',0,NULL),
(18,'Ground Beef 73/27',NULL,1.00,'lb',0,NULL),
(19,'Ground Beef 80/20',NULL,1.00,'lb',0,NULL),
(20,'Ground Beef 85/15',NULL,1.00,'lb',0,NULL),
(21,'Ground Beef 93/7',NULL,1.00,'lb',0,NULL),
(22,'Eggs',NULL,12.00,'each',0,NULL),
(23,'Pineapple',NULL,1.00,'each',0,NULL),
(24,'Milk',NULL,1.00,'Gallon',0,NULL),
(25,'Heavy Cream',NULL,32.00,'Oz',0,NULL),
(26,'Russet Potatoes',NULL,5.00,'lb',0,NULL),
(27,'Cream Cheese',NULL,8.00,'oz',0,NULL),
(28,'Orange Juice',NULL,52.00,'oz',0,NULL),
(29,'Wonder Bread',NULL,20.00,'oz',0,NULL),
(30,'Potato Chips',NULL,13.00,'oz',0,NULL);
/*!40000 ALTER TABLE `Ingredient` ENABLE KEYS */;
UNLOCK TABLES;

--
-- Table structure for table `IngredientCollection`
--

DROP TABLE IF EXISTS `IngredientCollection`;
/*!40101 SET @saved_cs_client     = @@character_set_client */;
/*!40101 SET character_set_client = utf8 */;
CREATE TABLE `IngredientCollection` (
  `UserID` int(11) NOT NULL,
  `IngredientID` int(7) NOT NULL,
  `DjangoID` int(11) NOT NULL AUTO_INCREMENT,
  `target_price` float(6,2) DEFAULT NULL,
  PRIMARY KEY (`DjangoID`),
  UNIQUE KEY `uc_UserID_IngredientID` (`UserID`,`IngredientID`),
  KEY `ShoppingListCollection_UserID_AuthUser_ID` (`UserID`),
  KEY `fk_IngredientCollection_IngredientID` (`IngredientID`),
  CONSTRAINT `IngredientCollection_UserID_AuthUser_ID` FOREIGN KEY (`UserID`) REFERENCES `auth_user` (`id`),
  CONSTRAINT `fk_IngredientCollection_IngredientID` FOREIGN KEY (`IngredientID`) REFERENCES `Ingredient` (`IngredientID`)
) ENGINE=InnoDB AUTO_INCREMENT=18 DEFAULT CHARSET=latin1 COLLATE=latin1_swedish_ci;
/*!40101 SET character_set_client = @saved_cs_client */;

--
-- Dumping data for table `IngredientCollection`
--

LOCK TABLES `IngredientCollection` WRITE;
/*!40000 ALTER TABLE `IngredientCollection` DISABLE KEYS */;
INSERT INTO `IngredientCollection` VALUES
(2,28,3,2.89),
(2,26,4,3.65),
(2,25,5,5.00),
(2,27,6,5.19),
(6,4,8,NULL),
(6,17,9,NULL),
(6,11,10,NULL),
(2,16,11,1.89),
(2,3,13,0.49),
(8,1,14,NULL),
(8,2,15,NULL),
(2,1,17,12.00);
/*!40000 ALTER TABLE `IngredientCollection` ENABLE KEYS */;
UNLOCK TABLES;

--
-- Table structure for table `PriceData`
--

DROP TABLE IF EXISTS `PriceData`;
/*!40101 SET @saved_cs_client     = @@character_set_client */;
/*!40101 SET character_set_client = utf8 */;
CREATE TABLE `PriceData` (
  `StoreID` int(7) NOT NULL,
  `IngredientID` int(7) NOT NULL,
  `Link` varchar(150) NOT NULL,
  `RegularPrice` float(6,2) DEFAULT NULL,
  `CurrentPrice` float(6,2) NOT NULL,
  `UpdateTimestamp` datetime NOT NULL,
  `IsPaused` tinyint(1) DEFAULT NULL,
  `DjangoID` int(11) NOT NULL AUTO_INCREMENT,
  PRIMARY KEY (`StoreID`,`IngredientID`),
  UNIQUE KEY `DjangoID` (`DjangoID`),
  KEY `PriceData_IngredientID_Ingredient_IngredientID` (`IngredientID`),
  CONSTRAINT `PriceData_IngredientID_Ingredient_IngredientID` FOREIGN KEY (`IngredientID`) REFERENCES `Ingredient` (`IngredientID`),
  CONSTRAINT `PriceData_StoreID_GroceryStore_StoreId` FOREIGN KEY (`StoreID`) REFERENCES `GroceryStore` (`StoreId`)
) ENGINE=InnoDB AUTO_INCREMENT=155 DEFAULT CHARSET=latin1 COLLATE=latin1_swedish_ci;
/*!40101 SET character_set_client = @saved_cs_client */;

--
-- Dumping data for table `PriceData`
--

LOCK TABLES `PriceData` WRITE;
/*!40000 ALTER TABLE `PriceData` DISABLE KEYS */;
INSERT INTO `PriceData` VALUES
(1,1,'nolink',NULL,12.74,'2023-12-12 14:50:38',NULL,1),
(1,2,'nolink',NULL,12.74,'2023-12-12 14:49:55',NULL,2),
(1,3,'nolink',NULL,0.37,'2023-12-12 18:11:53',NULL,3),
(1,4,'nolink',NULL,1.36,'2023-12-12 18:12:37',NULL,4),
(1,5,'nolink',NULL,11.64,'2023-12-12 18:12:54',NULL,5),
(1,6,'nolink',NULL,1.82,'2023-12-12 18:13:01',NULL,6),
(1,7,'nolink',NULL,2.45,'2023-12-12 18:13:12',NULL,7),
(1,8,'nolink',NULL,3.81,'2023-12-12 18:13:19',NULL,8),
(1,9,'nolink',NULL,3.43,'2023-12-12 18:13:26',NULL,9),
(1,10,'nolink',NULL,14.63,'2023-12-12 18:13:35',NULL,10),
(1,11,'nolink',NULL,4.07,'2023-12-12 18:13:42',NULL,11),
(1,12,'nolink',NULL,7.79,'2023-12-12 18:13:52',NULL,12),
(1,13,'nolink',NULL,3.90,'2023-12-12 18:14:01',NULL,13),
(1,14,'nolink',NULL,1.70,'2023-12-12 18:14:09',NULL,14),
(1,15,'nolink',NULL,7.51,'2023-12-12 18:14:17',NULL,15),
(1,16,'nolink',NULL,2.04,'2023-12-12 18:14:26',NULL,16),
(1,17,'nolink',NULL,1.70,'2023-12-12 18:14:36',NULL,17),
(1,18,'nolink',NULL,4.64,'2023-12-12 18:14:53',NULL,18),
(1,19,'nolink',NULL,5.27,'2023-12-12 18:15:00',NULL,19),
(1,20,'nolink',NULL,6.55,'2023-12-12 18:15:06',NULL,20),
(1,21,'nolink',NULL,7.11,'2023-12-12 18:15:13',NULL,21),
(1,22,'nolink',NULL,3.14,'2023-12-12 18:15:24',NULL,22),
(1,23,'nolink',NULL,2.76,'2023-12-12 18:15:52',NULL,23),
(1,24,'nolink',NULL,3.47,'2023-12-12 18:17:06',NULL,24),
(1,25,'nolink',NULL,5.03,'2023-12-12 18:17:24',NULL,25),
(1,26,'nolink',NULL,3.85,'2023-12-12 18:17:40',NULL,26),
(1,27,'nolink',NULL,5.13,'2023-12-12 18:17:49',NULL,27),
(1,28,'nolink',NULL,3.42,'2023-12-12 18:18:00',NULL,28),
(1,29,'nolink',NULL,3.46,'2023-12-12 18:18:17',NULL,29),
(1,30,'nolink',NULL,5.55,'2023-12-12 18:18:39',NULL,30),
(2,1,'nolink',NULL,13.54,'2023-12-12 14:50:38',NULL,31),
(2,2,'nolink',NULL,14.06,'2023-12-12 14:49:55',NULL,32),
(2,3,'nolink',NULL,0.35,'2023-12-12 18:11:53',NULL,33),
(2,4,'nolink',NULL,1.32,'2023-12-12 18:12:37',NULL,34),
(2,5,'nolink',NULL,11.42,'2023-12-12 18:12:54',NULL,35),
(2,6,'nolink',NULL,1.80,'2023-12-12 18:13:01',NULL,36),
(2,7,'nolink',NULL,2.66,'2023-12-12 18:13:12',NULL,37),
(2,8,'nolink',NULL,3.46,'2023-12-12 18:13:19',NULL,38),
(2,9,'nolink',NULL,2.69,'2023-12-12 18:13:26',NULL,39),
(2,10,'nolink',NULL,14.00,'2023-12-12 18:13:35',NULL,40),
(2,11,'nolink',NULL,4.73,'2023-12-12 18:13:42',NULL,41),
(2,12,'nolink',NULL,7.50,'2023-12-12 18:13:52',NULL,42),
(2,13,'nolink',NULL,4.15,'2023-12-12 18:14:01',NULL,43),
(2,14,'nolink',NULL,1.72,'2023-12-12 18:14:09',NULL,44),
(2,15,'nolink',NULL,7.43,'2023-12-12 18:14:17',NULL,45),
(2,16,'nolink',NULL,1.99,'2023-12-12 18:14:26',NULL,46),
(2,17,'nolink',NULL,1.84,'2023-12-12 18:14:36',NULL,47),
(2,18,'nolink',NULL,5.20,'2023-12-12 18:14:53',NULL,48),
(2,19,'nolink',NULL,5.16,'2023-12-12 18:15:00',NULL,49),
(2,20,'nolink',NULL,6.46,'2023-12-12 18:15:06',NULL,50),
(2,21,'nolink',NULL,6.79,'2023-12-12 18:15:13',NULL,51),
(2,22,'nolink',NULL,3.37,'2023-12-12 18:15:24',NULL,52),
(2,23,'nolink',NULL,2.31,'2023-12-12 18:15:52',NULL,53),
(2,24,'nolink',NULL,3.58,'2023-12-12 18:17:06',NULL,54),
(2,25,'nolink',NULL,5.30,'2023-12-12 18:17:24',NULL,55),
(2,26,'nolink',NULL,5.27,'2023-12-12 18:17:40',NULL,56),
(2,27,'nolink',NULL,5.95,'2023-12-12 18:17:49',NULL,57),
(2,28,'nolink',NULL,3.24,'2023-12-12 18:18:00',NULL,58),
(2,29,'nolink',NULL,3.26,'2023-12-12 18:18:17',NULL,59),
(2,30,'nolink',NULL,5.53,'2023-12-12 18:18:39',NULL,60),
(3,1,'nolink',NULL,13.54,'2023-12-12 14:50:38',NULL,61),
(3,2,'nolink',NULL,13.50,'2023-12-12 14:49:55',NULL,62),
(3,3,'nolink',NULL,0.45,'2023-12-12 18:11:53',NULL,63),
(3,4,'nolink',NULL,1.61,'2023-12-12 18:12:37',NULL,64),
(3,5,'nolink',NULL,11.36,'2023-12-12 18:12:54',NULL,65),
(3,6,'nolink',NULL,1.97,'2023-12-12 18:13:01',NULL,66),
(3,7,'nolink',NULL,2.33,'2023-12-12 18:13:12',NULL,67),
(3,8,'nolink',NULL,3.65,'2023-12-12 18:13:19',NULL,68),
(3,9,'nolink',NULL,2.54,'2023-12-12 18:13:26',NULL,69),
(3,10,'nolink',NULL,14.79,'2023-12-12 18:13:35',NULL,70),
(3,11,'nolink',NULL,4.64,'2023-12-12 18:13:42',NULL,71),
(3,12,'nolink',NULL,8.86,'2023-12-12 18:13:52',NULL,72),
(3,13,'nolink',NULL,3.86,'2023-12-12 18:14:01',NULL,73),
(3,14,'nolink',NULL,1.52,'2023-12-12 18:14:09',NULL,74),
(3,15,'nolink',NULL,7.62,'2023-12-12 18:14:17',NULL,75),
(3,16,'nolink',NULL,2.33,'2023-12-12 18:14:26',NULL,76),
(3,17,'nolink',NULL,2.07,'2023-12-12 18:14:36',NULL,77),
(3,18,'nolink',NULL,4.55,'2023-12-12 18:14:53',NULL,78),
(3,19,'nolink',NULL,5.09,'2023-12-12 18:15:00',NULL,79),
(3,20,'nolink',NULL,5.96,'2023-12-12 18:15:06',NULL,80),
(3,21,'nolink',NULL,6.96,'2023-12-12 18:15:13',NULL,81),
(3,22,'nolink',NULL,2.62,'2023-12-12 18:15:24',NULL,82),
(3,23,'nolink',NULL,2.72,'2023-12-12 18:15:52',NULL,83),
(3,24,'nolink',NULL,3.10,'2023-12-12 18:17:06',NULL,84),
(3,25,'nolink',NULL,4.37,'2023-12-12 18:17:24',NULL,85),
(3,26,'nolink',NULL,4.93,'2023-12-12 18:17:40',NULL,86),
(3,27,'nolink',NULL,5.80,'2023-12-12 18:17:49',NULL,87),
(3,28,'nolink',NULL,3.69,'2023-12-12 18:18:00',NULL,88),
(3,29,'nolink',NULL,3.65,'2023-12-12 18:18:17',NULL,89),
(3,30,'nolink',NULL,5.41,'2023-12-12 18:18:39',NULL,90),
(4,1,'nolink',NULL,12.83,'2023-12-12 14:50:38',NULL,91),
(4,2,'nolink',NULL,13.21,'2023-12-12 14:49:55',NULL,92),
(4,3,'nolink',NULL,0.38,'2023-12-12 18:11:53',NULL,93),
(4,4,'nolink',NULL,1.40,'2023-12-12 18:12:37',NULL,94),
(4,5,'nolink',NULL,12.41,'2023-12-12 18:12:54',NULL,95),
(4,6,'nolink',NULL,1.84,'2023-12-12 18:13:01',NULL,96),
(4,7,'nolink',NULL,1.99,'2023-12-12 18:13:12',NULL,97),
(4,8,'nolink',NULL,3.61,'2023-12-12 18:13:19',NULL,98),
(4,9,'nolink',NULL,1.74,'2023-12-12 18:13:26',NULL,99),
(4,10,'nolink',NULL,16.32,'2023-12-12 18:13:35',NULL,100),
(4,11,'nolink',NULL,5.03,'2023-12-12 18:13:42',NULL,101),
(4,12,'nolink',NULL,8.00,'2023-12-12 18:13:52',NULL,102),
(4,13,'nolink',NULL,3.65,'2023-12-12 18:14:01',NULL,103),
(4,14,'nolink',NULL,1.63,'2023-12-12 18:14:09',NULL,104),
(4,15,'nolink',NULL,7.45,'2023-12-12 18:14:17',NULL,105),
(4,16,'nolink',NULL,2.15,'2023-12-12 18:14:26',NULL,106),
(4,17,'nolink',NULL,1.83,'2023-12-12 18:14:36',NULL,107),
(4,18,'nolink',NULL,4.51,'2023-12-12 18:14:53',NULL,108),
(4,19,'nolink',NULL,3.78,'2023-12-12 18:15:00',NULL,109),
(4,20,'nolink',NULL,6.75,'2023-12-12 18:15:06',NULL,110),
(4,21,'nolink',NULL,7.58,'2023-12-12 18:15:13',NULL,111),
(4,22,'nolink',NULL,2.67,'2023-12-12 18:15:24',NULL,112),
(4,23,'nolink',NULL,2.88,'2023-12-12 18:15:52',NULL,113),
(4,24,'nolink',NULL,3.48,'2023-12-12 18:17:06',NULL,114),
(4,25,'nolink',NULL,5.47,'2023-12-12 18:17:24',NULL,115),
(4,26,'nolink',NULL,4.87,'2023-12-12 18:17:40',NULL,116),
(4,27,'nolink',NULL,5.59,'2023-12-12 18:17:49',NULL,117),
(4,28,'nolink',NULL,3.62,'2023-12-12 18:18:00',NULL,118),
(4,29,'nolink',NULL,2.69,'2023-12-12 18:18:17',NULL,119),
(4,30,'nolink',NULL,5.04,'2023-12-12 18:18:39',NULL,120),
(5,1,'nolink',NULL,13.56,'2023-12-12 14:50:38',NULL,121),
(5,2,'nolink',NULL,13.25,'2023-12-12 14:49:55',NULL,122),
(5,3,'nolink',NULL,0.43,'2023-12-12 18:11:53',NULL,123),
(5,4,'nolink',NULL,1.15,'2023-12-12 18:12:37',NULL,124),
(5,5,'nolink',NULL,11.50,'2023-12-12 18:12:54',NULL,125),
(5,6,'nolink',NULL,1.86,'2023-12-12 18:13:01',NULL,126),
(5,7,'nolink',NULL,2.71,'2023-12-12 18:13:12',NULL,127),
(5,8,'nolink',NULL,3.06,'2023-12-12 18:13:19',NULL,128),
(5,9,'nolink',NULL,2.69,'2023-12-12 18:13:26',NULL,129),
(5,10,'nolink',NULL,14.17,'2023-12-12 18:13:35',NULL,130),
(5,11,'nolink',NULL,3.43,'2023-12-12 18:13:42',NULL,131),
(5,12,'nolink',NULL,8.38,'2023-12-12 18:13:52',NULL,132),
(5,13,'nolink',NULL,3.74,'2023-12-12 18:14:01',NULL,133),
(5,14,'nolink',NULL,1.40,'2023-12-12 18:14:09',NULL,134),
(5,15,'nolink',NULL,8.20,'2023-12-12 18:14:17',NULL,135),
(5,16,'nolink',NULL,1.83,'2023-12-12 18:14:26',NULL,136),
(5,17,'nolink',NULL,1.99,'2023-12-12 18:14:36',NULL,137),
(5,18,'nolink',NULL,4.81,'2023-12-12 18:14:53',NULL,138),
(5,19,'nolink',NULL,5.76,'2023-12-12 18:15:00',NULL,139),
(5,20,'nolink',NULL,5.86,'2023-12-12 18:15:06',NULL,140),
(5,21,'nolink',NULL,6.88,'2023-12-12 18:15:13',NULL,141),
(5,22,'nolink',NULL,2.76,'2023-12-12 18:15:24',NULL,142),
(5,23,'nolink',NULL,2.61,'2023-12-12 18:15:52',NULL,143),
(5,24,'nolink',NULL,3.34,'2023-12-12 18:17:06',NULL,144),
(5,25,'nolink',NULL,4.69,'2023-12-12 18:17:24',NULL,145),
(5,26,'nolink',NULL,5.61,'2023-12-12 18:17:40',NULL,146),
(5,27,'nolink',NULL,5.74,'2023-12-12 18:17:49',NULL,147),
(5,28,'nolink',NULL,3.59,'2023-12-12 18:18:00',NULL,148),
(5,29,'nolink',NULL,3.43,'2023-12-12 18:18:17',NULL,149),
(5,30,'nolink',NULL,4.99,'2023-12-12 18:18:39',NULL,150),
(8,19,'https://www.walmart.com/ip/All-Natural-80-Lean-20-Fat-Ground-Beef-Chuck-Roll-1-lb/15136791',NULL,4.77,'2023-12-12 21:02:30',NULL,151),
(8,24,'https://www.walmart.com/ip/Great-Value-2-Reduced-Fat-Milk-128-Fl-Oz/10450115',NULL,2.87,'2023-12-12 19:00:57',NULL,152);
/*!40000 ALTER TABLE `PriceData` ENABLE KEYS */;
UNLOCK TABLES;

--
-- Table structure for table `PriceHistory`
--

DROP TABLE IF EXISTS `PriceHistory`;
/*!40101 SET @saved_cs_client     = @@character_set_client */;
/*!40101 SET character_set_client = utf8 */;
CREATE TABLE `PriceHistory` (
  `StoreID` int(7) NOT NULL,
  `IngredientID` int(7) NOT NULL,
  `UpdateTimestamp` datetime NOT NULL,
  `HistoricalPrice` float(6,2) NOT NULL,
  `DjangoID` int(11) NOT NULL AUTO_INCREMENT,
  PRIMARY KEY (`StoreID`,`IngredientID`,`UpdateTimestamp`),
  UNIQUE KEY `DjangoID` (`DjangoID`),
  KEY `PriceHistory_IngredientID_Ingredient_IngredientID` (`IngredientID`),
  CONSTRAINT `PriceHistory_IngredientID_Ingredient_IngredientID` FOREIGN KEY (`IngredientID`) REFERENCES `Ingredient` (`IngredientID`),
  CONSTRAINT `PriceHistory_StoreID_GroceryStore_StoreId` FOREIGN KEY (`StoreID`) REFERENCES `GroceryStore` (`StoreId`)
) ENGINE=InnoDB AUTO_INCREMENT=22395 DEFAULT CHARSET=latin1 COLLATE=latin1_swedish_ci;
/*!40101 SET character_set_client = @saved_cs_client */;

--
-- Dumping data for table `PriceHistory`
--

LOCK TABLES `PriceHistory` WRITE;
/*!40000 ALTER TABLE `PriceHistory` DISABLE KEYS */;
INSERT INTO `PriceHistory` VALUES
(1,1,'2022-10-21 14:50:38',12.23,17481),
(1,1,'2022-10-28 14:50:38',7.86,17482),
(1,1,'2022-11-04 14:50:38',10.52,17483),
(1,1,'2022-11-18 14:50:38',12.23,17484),
(1,1,'2022-12-02 14:50:38',12.35,17485),
(1,1,'2023-01-13 14:50:38',12.25,17486),
(1,1,'2023-01-27 14:50:38',12.37,17487),
(1,1,'2023-02-03 14:50:38',10.57,17488),
(1,1,'2023-03-09 14:50:38',12.37,17489),
(1,1,'2023-03-23 14:50:38',12.45,17490),
(1,1,'2023-03-30 14:50:38',10.37,17491),
(1,1,'2023-04-06 14:50:38',12.45,17492),
(1,1,'2023-04-13 14:50:38',9.36,17493),
(1,1,'2023-06-22 14:50:38',12.36,17494),
(1,1,'2023-07-13 14:50:38',12.50,17495),
(1,1,'2023-07-27 14:50:38',12.43,17496),
(1,1,'2023-08-03 14:50:38',12.54,17497),
(1,1,'2023-08-10 14:50:38',12.49,17498),
(1,1,'2023-08-17 14:50:38',12.64,17499),
(1,1,'2023-08-31 14:50:38',12.77,17500),
(1,1,'2023-10-12 14:50:38',12.74,17501),
(1,1,'2023-10-19 14:50:38',9.13,17502),
(1,1,'2023-11-16 14:50:38',12.74,17503),
(1,1,'2023-11-23 14:50:38',11.20,17504),
(1,1,'2023-12-21 14:50:38',12.74,17505),
(1,1,'2024-01-04 14:50:38',12.49,17506),
(1,1,'2024-01-11 14:50:38',12.39,17507),
(1,1,'2024-01-25 14:50:38',12.46,17508),
(1,1,'2024-03-22 14:50:38',12.74,17509),
(1,1,'2024-04-19 14:50:38',12.71,17510),
(1,1,'2024-04-26 14:50:38',12.68,17511),
(1,1,'2024-05-03 14:50:38',8.33,17512),
(1,1,'2024-05-17 14:50:38',12.83,17513),
(1,1,'2024-06-07 14:50:38',12.73,17514),
(1,1,'2024-07-19 14:50:38',12.85,17515),
(1,1,'2024-07-26 14:50:38',11.09,17516),
(1,1,'2024-08-09 14:50:38',12.94,17517),
(1,1,'2024-08-16 14:50:38',12.85,17518),
(1,1,'2024-08-23 14:50:38',12.98,17519),
(1,1,'2024-09-20 14:50:38',13.35,17520),
(1,1,'2024-09-27 14:50:38',9.63,17521),
(1,1,'2024-10-11 14:50:38',13.35,17522),
(1,1,'2024-12-06 14:50:38',13.08,17523),
(1,1,'2024-12-13 14:50:38',13.10,17524),
(1,2,'2022-10-07 14:49:55',12.74,17525),
(1,2,'2022-10-14 14:49:55',7.80,17526),
(1,2,'2022-10-28 14:49:55',12.74,17527),
(1,2,'2023-01-13 14:49:55',12.65,17528),
(1,2,'2023-01-27 14:49:55',12.54,17529),
(1,2,'2023-02-10 14:49:55',12.74,17530),
(1,2,'2023-02-24 14:49:55',12.88,17531),
(1,2,'2023-03-30 14:49:55',12.86,17532),
(1,2,'2023-04-27 14:49:55',12.77,17533),
(1,2,'2023-05-11 14:49:55',12.75,17534),
(1,2,'2023-05-18 14:49:55',12.77,17535),
(1,2,'2023-05-25 14:49:55',12.84,17536),
(1,2,'2023-07-27 14:49:55',12.73,17537),
(1,2,'2023-08-03 14:49:55',9.20,17538),
(1,2,'2023-08-17 14:49:55',12.73,17539),
(1,2,'2023-08-31 14:49:55',12.62,17540),
(1,2,'2023-09-07 14:49:55',10.79,17541),
(1,2,'2023-09-28 14:49:55',12.62,17542),
(1,2,'2023-10-05 14:49:55',8.84,17543),
(1,2,'2023-10-26 14:49:55',12.63,17544),
(1,2,'2023-11-02 14:49:55',12.74,17545),
(1,2,'2023-11-09 14:49:55',11.33,17546),
(1,2,'2023-12-21 14:49:55',12.74,17547),
(1,2,'2024-01-04 14:49:55',13.14,17548),
(1,2,'2024-01-25 14:49:55',13.23,17549),
(1,2,'2024-02-22 14:49:55',13.36,17550),
(1,2,'2024-03-08 14:49:55',13.30,17551),
(1,2,'2024-03-22 14:49:55',13.43,17552),
(1,2,'2024-04-12 14:49:55',13.42,17553),
(1,2,'2024-05-17 14:49:55',13.55,17554),
(1,2,'2024-05-24 14:49:55',10.64,17555),
(1,2,'2024-06-07 14:49:55',13.55,17556),
(1,2,'2024-08-16 14:49:55',13.65,17557),
(1,2,'2024-09-13 14:49:55',13.79,17558),
(1,2,'2024-09-20 14:49:55',10.27,17559),
(1,2,'2024-11-01 14:49:55',14.11,17560),
(1,2,'2024-11-08 14:49:55',9.74,17561),
(1,2,'2024-11-15 14:49:55',14.11,17562),
(1,2,'2024-11-29 14:49:55',14.06,17563),
(1,3,'2022-11-04 18:11:53',0.35,17564),
(1,3,'2022-11-18 18:11:53',0.36,17565),
(1,3,'2023-02-03 18:11:53',0.35,17566),
(1,3,'2023-02-10 18:11:53',0.36,17567),
(1,3,'2023-09-14 18:11:53',0.35,17568),
(1,3,'2024-07-19 18:11:53',0.37,17569),
(1,3,'2024-09-06 18:11:53',0.39,17570),
(1,4,'2022-10-07 18:12:37',1.41,17571),
(1,4,'2022-10-14 18:12:37',1.09,17572),
(1,4,'2022-10-21 18:12:37',1.41,17573),
(1,4,'2022-10-28 18:12:37',1.09,17574),
(1,4,'2023-01-13 18:12:37',1.41,17575),
(1,4,'2023-01-20 18:12:37',1.33,17576),
(1,4,'2023-02-03 18:12:37',1.30,17577),
(1,4,'2023-02-10 18:12:37',1.09,17578),
(1,4,'2023-03-02 18:12:37',1.27,17579),
(1,4,'2023-03-09 18:12:37',1.09,17580),
(1,4,'2023-03-23 18:12:37',1.27,17581),
(1,4,'2023-03-30 18:12:37',1.07,17582),
(1,4,'2023-04-20 18:12:37',1.27,17583),
(1,4,'2023-05-11 18:12:37',1.29,17584),
(1,4,'2023-05-18 18:12:37',1.09,17585),
(1,4,'2023-05-25 18:12:37',1.29,17586),
(1,4,'2023-06-01 18:12:37',1.09,17587),
(1,4,'2023-06-15 18:12:37',1.29,17588),
(1,4,'2023-06-22 18:12:37',1.28,17589),
(1,4,'2023-09-14 18:12:37',1.33,17590),
(1,4,'2023-09-28 18:12:37',1.38,17591),
(1,4,'2023-11-02 18:12:37',1.32,17592),
(1,4,'2023-11-09 18:12:37',1.09,17593),
(1,4,'2023-12-07 18:12:37',1.32,17594),
(1,4,'2024-01-11 18:12:37',1.36,17595),
(1,4,'2024-01-18 18:12:37',1.37,17596),
(1,4,'2024-02-01 18:12:37',1.41,17597),
(1,4,'2024-03-22 18:12:37',1.52,17598),
(1,4,'2024-04-12 18:12:37',1.48,17599),
(1,4,'2024-04-19 18:12:37',1.49,17600),
(1,4,'2024-08-16 18:12:37',1.53,17601),
(1,4,'2024-08-23 18:12:37',1.09,17602),
(1,4,'2024-10-25 18:12:37',1.53,17603),
(1,5,'2022-10-21 18:12:54',11.46,17604),
(1,5,'2022-11-04 18:12:54',11.37,17605),
(1,5,'2022-11-11 18:12:54',6.32,17606),
(1,5,'2022-11-25 18:12:54',11.37,17607),
(1,5,'2022-12-02 18:12:54',8.09,17608),
(1,5,'2022-12-23 18:12:54',11.37,17609),
(1,5,'2023-03-02 18:12:54',11.46,17610),
(1,5,'2023-06-01 18:12:54',11.50,17611),
(1,5,'2023-06-08 18:12:54',6.53,17612),
(1,5,'2023-06-15 18:12:54',11.50,17613),
(1,5,'2023-06-22 18:12:54',5.84,17614),
(1,5,'2023-07-06 18:12:54',11.50,17615),
(1,5,'2023-07-13 18:12:54',6.69,17616),
(1,5,'2023-10-05 18:12:54',11.64,17617),
(1,5,'2023-10-12 18:12:54',7.94,17618),
(1,5,'2023-10-19 18:12:54',11.64,17619),
(1,5,'2023-10-26 18:12:54',6.94,17620),
(1,5,'2023-12-14 18:12:54',11.64,17621),
(1,5,'2023-12-21 18:12:54',7.88,17622),
(1,5,'2024-01-18 18:12:54',11.64,17623),
(1,5,'2024-01-25 18:12:54',7.53,17624),
(1,5,'2024-02-01 18:12:54',11.64,17625),
(1,5,'2024-02-08 18:12:54',7.54,17626),
(1,5,'2024-02-22 18:12:54',11.64,17627),
(1,5,'2024-03-29 18:12:54',11.55,17628),
(1,5,'2024-04-05 18:12:54',5.93,17629),
(1,5,'2024-04-12 18:12:54',11.55,17630),
(1,5,'2024-05-10 18:12:54',11.58,17631),
(1,5,'2024-05-17 18:12:54',6.87,17632),
(1,5,'2024-06-21 18:12:54',11.58,17633),
(1,5,'2024-06-28 18:12:54',6.69,17634),
(1,5,'2024-08-16 18:12:54',11.58,17635),
(1,5,'2024-08-23 18:12:54',6.54,17636),
(1,5,'2024-08-30 18:12:54',11.58,17637),
(1,5,'2024-09-20 18:12:54',11.61,17638),
(1,5,'2024-09-27 18:12:54',6.53,17639),
(1,5,'2024-11-15 18:12:54',11.59,17640),
(1,5,'2024-11-22 18:12:54',7.33,17641),
(1,6,'2022-11-11 18:13:01',1.79,17642),
(1,6,'2022-12-30 18:13:01',1.82,17643),
(1,6,'2023-01-06 18:13:01',1.62,17644),
(1,6,'2023-04-27 18:13:01',1.82,17645),
(1,6,'2023-05-11 18:13:01',1.81,17646),
(1,6,'2023-05-25 18:13:01',1.79,17647),
(1,6,'2023-06-01 18:13:01',1.82,17648),
(1,6,'2023-06-08 18:13:01',1.48,17649),
(1,6,'2023-08-17 18:13:01',1.82,17650),
(1,6,'2023-10-19 18:13:01',1.85,17651),
(1,6,'2024-02-01 18:13:01',1.82,17652),
(1,6,'2024-03-08 18:13:01',1.83,17653),
(1,6,'2024-03-15 18:13:01',1.41,17654),
(1,6,'2024-04-05 18:13:01',1.83,17655),
(1,6,'2024-04-12 18:13:01',1.46,17656),
(1,6,'2024-07-26 18:13:01',1.83,17657),
(1,6,'2024-08-02 18:13:01',1.48,17658),
(1,6,'2024-08-16 18:13:01',1.83,17659),
(1,6,'2024-08-30 18:13:01',1.82,17660),
(1,6,'2024-09-06 18:13:01',1.45,17661),
(1,6,'2024-09-13 18:13:01',1.92,17662),
(1,6,'2024-09-20 18:13:01',1.33,17663),
(1,6,'2024-10-04 18:13:01',1.92,17664),
(1,6,'2024-12-27 18:13:01',1.94,17665),
(1,7,'2022-10-07 18:13:12',2.35,17666),
(1,7,'2023-01-27 18:13:12',2.37,17667),
(1,7,'2023-02-03 18:13:12',1.58,17668),
(1,7,'2023-03-09 18:13:12',2.37,17669),
(1,7,'2023-03-16 18:13:12',2.38,17670),
(1,7,'2023-03-23 18:13:12',1.41,17671),
(1,7,'2023-05-04 18:13:12',2.38,17672),
(1,7,'2023-05-11 18:13:12',1.27,17673),
(1,7,'2023-06-01 18:13:12',2.38,17674),
(1,7,'2023-06-22 18:13:12',2.39,17675),
(1,7,'2023-07-13 18:13:12',2.40,17676),
(1,7,'2023-07-20 18:13:12',2.45,17677),
(1,7,'2023-09-14 18:13:12',2.44,17678),
(1,7,'2023-09-21 18:13:12',1.60,17679),
(1,7,'2023-11-23 18:13:12',2.44,17680),
(1,7,'2023-12-28 18:13:12',2.45,17681),
(1,7,'2024-01-04 18:13:12',2.50,17682),
(1,7,'2024-02-08 18:13:12',2.54,17683),
(1,7,'2024-02-15 18:13:12',1.48,17684),
(1,7,'2024-03-08 18:13:12',2.54,17685),
(1,7,'2024-03-15 18:13:12',1.36,17686),
(1,7,'2024-03-22 18:13:12',2.55,17687),
(1,7,'2024-03-29 18:13:12',1.87,17688),
(1,7,'2024-04-05 18:13:12',1.55,17689),
(1,7,'2024-04-26 18:13:12',2.55,17690),
(1,7,'2024-05-24 18:13:12',2.60,17691),
(1,7,'2024-05-31 18:13:12',1.43,17692),
(1,7,'2024-06-14 18:13:12',2.59,17693),
(1,7,'2024-06-21 18:13:12',1.54,17694),
(1,7,'2024-08-02 18:13:12',2.59,17695),
(1,7,'2024-08-16 18:13:12',2.60,17696),
(1,7,'2024-11-08 18:13:12',2.63,17697),
(1,7,'2024-11-15 18:13:12',1.91,17698),
(1,7,'2024-12-27 18:13:12',2.63,17699),
(1,8,'2022-11-11 18:13:19',3.55,17700),
(1,8,'2022-11-18 18:13:19',2.78,17701),
(1,8,'2022-12-23 18:13:19',3.61,17702),
(1,8,'2023-01-06 18:13:19',2.99,17703),
(1,8,'2023-01-13 18:13:19',3.61,17704),
(1,8,'2023-02-03 18:13:19',3.67,17705),
(1,8,'2023-02-10 18:13:19',2.99,17706),
(1,8,'2023-02-24 18:13:19',3.67,17707),
(1,8,'2023-03-02 18:13:19',2.99,17708),
(1,8,'2023-04-06 18:13:19',3.67,17709),
(1,8,'2023-06-01 18:13:19',3.80,17710),
(1,8,'2023-07-06 18:13:19',3.81,17711),
(1,8,'2023-07-13 18:13:19',3.91,17712),
(1,8,'2023-07-20 18:13:19',3.87,17713),
(1,8,'2023-07-27 18:13:19',3.81,17714),
(1,8,'2023-08-03 18:13:19',2.99,17715),
(1,8,'2023-09-28 18:13:19',3.81,17716),
(1,8,'2023-10-05 18:13:19',2.92,17717),
(1,8,'2023-11-30 18:13:19',3.81,17718),
(1,8,'2023-12-07 18:13:19',2.88,17719),
(1,8,'2024-01-04 18:13:19',3.81,17720),
(1,8,'2024-01-11 18:13:19',2.99,17721),
(1,8,'2024-01-18 18:13:19',2.93,17722),
(1,8,'2024-02-15 18:13:19',3.82,17723),
(1,8,'2024-02-22 18:13:19',2.93,17724),
(1,8,'2024-03-15 18:13:19',3.89,17725),
(1,8,'2024-04-05 18:13:19',3.90,17726),
(1,8,'2024-04-12 18:13:19',2.99,17727),
(1,8,'2024-04-26 18:13:19',3.90,17728),
(1,8,'2024-05-03 18:13:19',2.99,17729),
(1,8,'2024-06-14 18:13:19',3.90,17730),
(1,8,'2024-08-02 18:13:19',3.81,17731),
(1,8,'2024-09-13 18:13:19',3.88,17732),
(1,8,'2024-10-04 18:13:19',3.75,17733),
(1,8,'2024-10-11 18:13:19',2.99,17734),
(1,8,'2024-11-15 18:13:19',3.75,17735),
(1,8,'2024-12-06 18:13:19',3.72,17736),
(1,9,'2022-10-07 18:13:26',2.85,17737),
(1,9,'2022-10-14 18:13:26',2.47,17738),
(1,9,'2022-11-11 18:13:26',2.85,17739),
(1,9,'2022-12-02 18:13:26',2.99,17740),
(1,9,'2022-12-09 18:13:26',2.21,17741),
(1,9,'2022-12-30 18:13:26',2.99,17742),
(1,9,'2023-01-06 18:13:26',2.15,17743),
(1,9,'2023-01-13 18:13:26',3.10,17744),
(1,9,'2023-03-02 18:13:26',3.20,17745),
(1,9,'2023-03-09 18:13:26',2.42,17746),
(1,9,'2023-04-13 18:13:26',3.20,17747),
(1,9,'2023-04-27 18:13:26',3.25,17748),
(1,9,'2023-05-04 18:13:26',2.49,17749),
(1,9,'2023-06-08 18:13:26',3.25,17750),
(1,9,'2023-06-15 18:13:26',3.35,17751),
(1,9,'2023-06-29 18:13:26',3.38,17752),
(1,9,'2023-07-06 18:13:26',2.49,17753),
(1,9,'2023-07-20 18:13:26',3.38,17754),
(1,9,'2023-07-27 18:13:26',2.43,17755),
(1,9,'2023-08-03 18:13:26',3.38,17756),
(1,9,'2023-08-10 18:13:26',2.48,17757),
(1,9,'2023-09-07 18:13:26',3.43,17758),
(1,9,'2023-09-14 18:13:26',2.49,17759),
(1,9,'2023-09-21 18:13:26',3.43,17760),
(1,9,'2023-09-28 18:13:26',2.49,17761),
(1,9,'2023-11-02 18:13:26',3.43,17762),
(1,9,'2023-11-09 18:13:26',2.49,17763),
(1,9,'2023-12-28 18:13:26',3.43,17764),
(1,9,'2024-04-05 18:13:26',3.60,17765),
(1,9,'2024-05-24 18:13:26',3.67,17766),
(1,9,'2024-05-31 18:13:26',2.49,17767),
(1,9,'2024-06-28 18:13:26',3.74,17768),
(1,9,'2024-07-12 18:13:26',3.69,17769),
(1,9,'2024-07-19 18:13:26',2.49,17770),
(1,9,'2024-09-13 18:13:26',3.69,17771),
(1,9,'2024-12-06 18:13:26',3.74,17772),
(1,10,'2022-10-14 18:13:35',14.07,17773),
(1,10,'2022-11-18 18:13:35',14.05,17774),
(1,10,'2022-11-25 18:13:35',14.16,17775),
(1,10,'2022-12-02 18:13:35',14.03,17776),
(1,10,'2022-12-30 18:13:35',14.12,17777),
(1,10,'2023-01-06 18:13:35',7.84,17778),
(1,10,'2023-01-27 18:13:35',14.12,17779),
(1,10,'2023-02-17 18:13:35',14.18,17780),
(1,10,'2023-02-24 18:13:35',14.16,17781),
(1,10,'2023-03-02 18:13:35',10.14,17782),
(1,10,'2023-08-03 18:13:35',14.16,17783),
(1,10,'2023-08-24 18:13:35',14.25,17784),
(1,10,'2023-09-21 18:13:35',14.32,17785),
(1,10,'2023-09-28 18:13:35',9.75,17786),
(1,10,'2023-11-30 18:13:35',14.63,17787),
(1,10,'2023-12-07 18:13:35',11.57,17788),
(1,10,'2024-01-04 18:13:35',14.63,17789),
(1,10,'2024-01-11 18:13:35',5.10,17790),
(1,10,'2024-02-01 18:13:35',14.63,17791),
(1,10,'2024-03-01 18:13:35',14.67,17792),
(1,10,'2024-03-08 18:13:35',8.33,17793),
(1,10,'2024-04-05 18:13:35',14.67,17794),
(1,10,'2024-04-12 18:13:35',5.80,17795),
(1,10,'2024-04-19 18:13:35',14.67,17796),
(1,10,'2024-06-21 18:13:35',14.56,17797),
(1,10,'2024-06-28 18:13:35',5.55,17798),
(1,10,'2024-09-27 18:13:35',14.56,17799),
(1,10,'2024-10-11 18:13:35',14.47,17800),
(1,10,'2024-11-22 18:13:35',14.62,17801),
(1,10,'2024-12-06 18:13:35',14.78,17802),
(1,10,'2024-12-13 18:13:35',7.54,17803),
(1,11,'2022-10-14 18:13:42',3.86,17804),
(1,11,'2022-10-21 18:13:42',3.89,17805),
(1,11,'2022-11-18 18:13:42',3.72,17806),
(1,11,'2022-11-25 18:13:42',2.56,17807),
(1,11,'2023-02-03 18:13:42',3.72,17808),
(1,11,'2023-02-10 18:13:42',3.75,17809),
(1,11,'2023-02-17 18:13:42',3.74,17810),
(1,11,'2023-02-24 18:13:42',2.88,17811),
(1,11,'2023-03-02 18:13:42',2.01,17812),
(1,11,'2023-03-09 18:13:42',3.74,17813),
(1,11,'2023-04-27 18:13:42',3.90,17814),
(1,11,'2023-05-04 18:13:42',2.22,17815),
(1,11,'2023-06-15 18:13:42',3.90,17816),
(1,11,'2023-06-22 18:13:42',3.98,17817),
(1,11,'2023-07-20 18:13:42',4.11,17818),
(1,11,'2023-07-27 18:13:42',2.11,17819),
(1,11,'2023-08-03 18:13:42',3.14,17820),
(1,11,'2023-08-17 18:13:42',4.11,17821),
(1,11,'2023-08-24 18:13:42',4.25,17822),
(1,11,'2023-08-31 18:13:42',3.15,17823),
(1,11,'2023-09-14 18:13:42',4.25,17824),
(1,11,'2023-09-28 18:13:42',4.18,17825),
(1,11,'2023-10-05 18:13:42',2.99,17826),
(1,11,'2023-11-02 18:13:42',4.18,17827),
(1,11,'2024-02-08 18:13:42',4.07,17828),
(1,11,'2024-02-15 18:13:42',3.07,17829),
(1,11,'2024-04-19 18:13:42',4.07,17830),
(1,11,'2024-05-31 18:13:42',4.04,17831),
(1,11,'2024-06-07 18:13:42',2.89,17832),
(1,11,'2024-06-14 18:13:42',4.04,17833),
(1,11,'2024-06-21 18:13:42',2.32,17834),
(1,11,'2024-07-26 18:13:42',4.04,17835),
(1,11,'2024-08-02 18:13:42',3.39,17836),
(1,11,'2024-08-30 18:13:42',4.04,17837),
(1,11,'2024-09-27 18:13:42',3.98,17838),
(1,11,'2024-10-25 18:13:42',3.96,17839),
(1,11,'2024-12-20 18:13:42',4.08,17840),
(1,12,'2022-10-07 18:13:52',8.16,17841),
(1,12,'2022-11-25 18:13:52',8.00,17842),
(1,12,'2022-12-02 18:13:52',7.02,17843),
(1,12,'2022-12-30 18:13:52',8.00,17844),
(1,12,'2023-01-06 18:13:52',7.95,17845),
(1,12,'2023-01-27 18:13:52',7.83,17846),
(1,12,'2023-02-17 18:13:52',7.84,17847),
(1,12,'2023-02-24 18:13:52',6.90,17848),
(1,12,'2023-05-04 18:13:52',7.74,17849),
(1,12,'2023-05-11 18:13:52',6.65,17850),
(1,12,'2023-05-18 18:13:52',7.74,17851),
(1,12,'2023-06-01 18:13:52',7.96,17852),
(1,12,'2023-06-29 18:13:52',7.84,17853),
(1,12,'2023-07-06 18:13:52',6.95,17854),
(1,12,'2023-08-31 18:13:52',7.84,17855),
(1,12,'2023-11-23 18:13:52',7.79,17856),
(1,12,'2023-11-30 18:13:52',6.34,17857),
(1,12,'2024-01-18 18:13:52',7.79,17858),
(1,12,'2024-02-08 18:13:52',7.74,17859),
(1,12,'2024-02-15 18:13:52',7.70,17860),
(1,12,'2024-02-22 18:13:52',7.87,17861),
(1,12,'2024-03-01 18:13:52',6.20,17862),
(1,12,'2024-03-08 18:13:52',7.87,17863),
(1,12,'2024-03-15 18:13:52',7.83,17864),
(1,12,'2024-03-22 18:13:52',6.60,17865),
(1,12,'2024-04-05 18:13:52',7.83,17866),
(1,12,'2024-04-12 18:13:52',5.96,17867),
(1,12,'2024-04-19 18:13:52',7.01,17868),
(1,12,'2024-06-07 18:13:52',7.83,17869),
(1,12,'2024-08-30 18:13:52',7.76,17870),
(1,12,'2024-09-06 18:13:52',6.88,17871),
(1,12,'2024-11-15 18:13:52',7.76,17872),
(1,13,'2022-10-14 18:14:01',3.61,17873),
(1,13,'2022-10-21 18:14:01',2.67,17874),
(1,13,'2022-11-25 18:14:01',3.61,17875),
(1,13,'2022-12-02 18:14:01',2.75,17876),
(1,13,'2022-12-23 18:14:01',3.61,17877),
(1,13,'2023-01-13 18:14:01',3.69,17878),
(1,13,'2023-01-20 18:14:01',3.71,17879),
(1,13,'2023-03-16 18:14:01',3.82,17880),
(1,13,'2023-03-23 18:14:01',3.19,17881),
(1,13,'2023-04-27 18:14:01',3.82,17882),
(1,13,'2023-06-29 18:14:01',3.70,17883),
(1,13,'2023-07-06 18:14:01',3.24,17884),
(1,13,'2023-07-13 18:14:01',3.70,17885),
(1,13,'2023-07-20 18:14:01',3.73,17886),
(1,13,'2023-07-27 18:14:01',3.69,17887),
(1,13,'2023-11-23 18:14:01',3.80,17888),
(1,13,'2023-12-07 18:14:01',3.82,17889),
(1,13,'2024-01-18 18:14:01',3.90,17890),
(1,13,'2024-01-25 18:14:01',3.40,17891),
(1,13,'2024-02-15 18:14:01',3.90,17892),
(1,13,'2024-02-22 18:14:01',3.23,17893),
(1,13,'2024-06-28 18:14:01',3.93,17894),
(1,13,'2024-07-12 18:14:01',3.92,17895),
(1,13,'2024-08-02 18:14:01',4.00,17896),
(1,13,'2024-08-09 18:14:01',3.03,17897),
(1,13,'2024-08-23 18:14:01',4.00,17898),
(1,13,'2024-09-20 18:14:01',3.97,17899),
(1,13,'2024-10-18 18:14:01',4.07,17900),
(1,13,'2024-10-25 18:14:01',4.11,17901),
(1,13,'2024-11-01 18:14:01',4.06,17902),
(1,13,'2024-11-22 18:14:01',3.98,17903),
(1,13,'2024-11-29 18:14:01',3.90,17904),
(1,13,'2024-12-06 18:14:01',3.84,17905),
(1,13,'2024-12-13 18:14:01',3.16,17906),
(1,14,'2023-01-27 18:14:09',1.54,17907),
(1,14,'2023-02-03 18:14:09',1.18,17908),
(1,14,'2023-02-17 18:14:09',1.54,17909),
(1,14,'2023-02-24 18:14:09',1.61,17910),
(1,14,'2023-04-06 18:14:09',1.54,17911),
(1,14,'2023-04-13 18:14:09',1.20,17912),
(1,14,'2023-06-08 18:14:09',1.66,17913),
(1,14,'2023-06-15 18:14:09',1.34,17914),
(1,14,'2023-06-29 18:14:09',1.63,17915),
(1,14,'2023-07-20 18:14:09',1.58,17916),
(1,14,'2023-07-27 18:14:09',1.27,17917),
(1,14,'2023-08-10 18:14:09',1.58,17918),
(1,14,'2023-08-24 18:14:09',1.66,17919),
(1,14,'2023-09-07 18:14:09',1.73,17920),
(1,14,'2023-09-14 18:14:09',1.70,17921),
(1,14,'2023-09-21 18:14:09',1.40,17922),
(1,14,'2024-01-25 18:14:09',1.70,17923),
(1,14,'2024-02-08 18:14:09',1.74,17924),
(1,14,'2024-02-15 18:14:09',1.40,17925),
(1,14,'2024-04-12 18:14:09',1.74,17926),
(1,14,'2024-04-26 18:14:09',1.70,17927),
(1,14,'2024-05-03 18:14:09',1.71,17928),
(1,14,'2024-05-17 18:14:09',1.70,17929),
(1,14,'2024-06-21 18:14:09',1.82,17930),
(1,14,'2024-06-28 18:14:09',1.40,17931),
(1,14,'2024-07-26 18:14:09',1.88,17932),
(1,14,'2024-09-06 18:14:09',1.91,17933),
(1,14,'2024-09-13 18:14:09',1.96,17934),
(1,14,'2024-12-06 18:14:09',2.09,17935),
(1,14,'2024-12-13 18:14:09',2.08,17936),
(1,14,'2024-12-20 18:14:09',2.07,17937),
(1,15,'2023-01-20 18:14:17',7.48,17938),
(1,15,'2023-02-17 18:14:17',7.45,17939),
(1,15,'2023-02-24 18:14:17',6.03,17940),
(1,15,'2023-03-16 18:14:17',7.45,17941),
(1,15,'2023-04-06 18:14:17',7.47,17942),
(1,15,'2023-09-21 18:14:17',7.49,17943),
(1,15,'2023-10-19 18:14:17',7.61,17944),
(1,15,'2023-10-26 18:14:17',6.40,17945),
(1,15,'2023-12-07 18:14:17',7.61,17946),
(1,15,'2023-12-14 18:14:17',7.51,17947),
(1,15,'2023-12-28 18:14:17',7.57,17948),
(1,15,'2024-01-04 18:14:17',7.62,17949),
(1,15,'2024-02-22 18:14:17',7.63,17950),
(1,15,'2024-03-01 18:14:17',7.77,17951),
(1,15,'2024-03-08 18:14:17',7.79,17952),
(1,15,'2024-03-15 18:14:17',6.71,17953),
(1,15,'2024-05-17 18:14:17',7.79,17954),
(1,15,'2024-05-24 18:14:17',7.70,17955),
(1,15,'2024-06-07 18:14:17',7.87,17956),
(1,15,'2024-06-14 18:14:17',7.94,17957),
(1,15,'2024-07-05 18:14:17',7.98,17958),
(1,15,'2024-07-12 18:14:17',6.76,17959),
(1,15,'2024-07-26 18:14:17',7.98,17960),
(1,15,'2024-08-16 18:14:17',7.86,17961),
(1,15,'2024-09-27 18:14:17',8.10,17962),
(1,15,'2024-10-11 18:14:17',8.01,17963),
(1,15,'2024-12-13 18:14:17',7.99,17964),
(1,15,'2024-12-20 18:14:17',6.57,17965),
(1,16,'2022-12-02 18:14:26',2.05,17966),
(1,16,'2022-12-09 18:14:26',1.74,17967),
(1,16,'2023-01-20 18:14:26',2.05,17968),
(1,16,'2023-01-27 18:14:26',2.03,17969),
(1,16,'2023-03-23 18:14:26',2.11,17970),
(1,16,'2023-06-08 18:14:26',2.17,17971),
(1,16,'2023-07-27 18:14:26',2.15,17972),
(1,16,'2023-08-03 18:14:26',1.90,17973),
(1,16,'2023-08-17 18:14:26',2.15,17974),
(1,16,'2023-08-24 18:14:26',1.86,17975),
(1,16,'2023-08-31 18:14:26',2.15,17976),
(1,16,'2023-09-14 18:14:26',2.09,17977),
(1,16,'2023-09-21 18:14:26',1.95,17978),
(1,16,'2023-11-09 18:14:26',2.09,17979),
(1,16,'2023-11-30 18:14:26',2.04,17980),
(1,16,'2023-12-07 18:14:26',1.91,17981),
(1,16,'2024-01-25 18:14:26',2.04,17982),
(1,16,'2024-02-08 18:14:26',2.05,17983),
(1,16,'2024-03-08 18:14:26',2.08,17984),
(1,16,'2024-03-15 18:14:26',1.91,17985),
(1,16,'2024-05-10 18:14:26',2.09,17986),
(1,16,'2024-05-17 18:14:26',1.89,17987),
(1,16,'2024-05-31 18:14:26',2.09,17988),
(1,16,'2024-06-07 18:14:26',1.84,17989),
(1,16,'2024-08-02 18:14:26',2.09,17990),
(1,16,'2024-08-09 18:14:26',1.92,17991),
(1,16,'2024-08-16 18:14:26',1.91,17992),
(1,16,'2024-09-13 18:14:26',2.09,17993),
(1,16,'2024-09-20 18:14:26',1.95,17994),
(1,16,'2024-10-25 18:14:26',2.09,17995),
(1,16,'2024-11-08 18:14:26',2.08,17996),
(1,16,'2024-11-15 18:14:26',1.82,17997),
(1,16,'2024-11-22 18:14:26',2.08,17998),
(1,16,'2024-11-29 18:14:26',2.17,17999),
(1,16,'2024-12-20 18:14:26',2.23,18000),
(1,17,'2022-10-28 18:14:36',1.81,18001),
(1,17,'2022-11-04 18:14:36',1.51,18002),
(1,17,'2022-11-11 18:14:36',1.81,18003),
(1,17,'2022-12-30 18:14:36',1.73,18004),
(1,17,'2023-01-06 18:14:36',1.42,18005),
(1,17,'2023-02-17 18:14:36',1.73,18006),
(1,17,'2023-02-24 18:14:36',1.21,18007),
(1,17,'2023-03-09 18:14:36',1.73,18008),
(1,17,'2023-05-18 18:14:36',1.69,18009),
(1,17,'2023-05-25 18:14:36',1.26,18010),
(1,17,'2023-07-20 18:14:36',1.68,18011),
(1,17,'2023-08-03 18:14:36',1.64,18012),
(1,17,'2023-10-26 18:14:36',1.67,18013),
(1,17,'2023-11-02 18:14:36',1.42,18014),
(1,17,'2023-11-16 18:14:36',1.67,18015),
(1,17,'2023-12-28 18:14:36',1.70,18016),
(1,17,'2024-05-03 18:14:36',1.75,18017),
(1,17,'2024-05-10 18:14:36',1.54,18018),
(1,17,'2024-05-17 18:14:36',1.59,18019),
(1,17,'2024-05-24 18:14:36',1.75,18020),
(1,17,'2024-05-31 18:14:36',1.59,18021),
(1,17,'2024-06-07 18:14:36',1.33,18022),
(1,17,'2024-06-28 18:14:36',1.75,18023),
(1,17,'2024-07-05 18:14:36',1.31,18024),
(1,17,'2024-07-19 18:14:36',1.75,18025),
(1,17,'2024-07-26 18:14:36',1.44,18026),
(1,17,'2024-08-02 18:14:36',1.75,18027),
(1,17,'2024-08-09 18:14:36',1.52,18028),
(1,17,'2024-08-23 18:14:36',1.75,18029),
(1,17,'2024-08-30 18:14:36',1.42,18030),
(1,17,'2024-09-06 18:14:36',1.75,18031),
(1,17,'2024-09-13 18:14:36',1.24,18032),
(1,17,'2024-09-27 18:14:36',1.74,18033),
(1,17,'2024-10-11 18:14:36',1.79,18034),
(1,17,'2024-11-08 18:14:36',1.80,18035),
(1,17,'2024-11-15 18:14:36',1.58,18036),
(1,18,'2022-10-28 18:14:53',4.54,18037),
(1,18,'2022-11-04 18:14:53',3.75,18038),
(1,18,'2022-11-11 18:14:53',3.53,18039),
(1,18,'2022-11-25 18:14:53',4.54,18040),
(1,18,'2022-12-02 18:14:53',3.73,18041),
(1,18,'2023-01-20 18:14:53',4.54,18042),
(1,18,'2023-01-27 18:14:53',3.72,18043),
(1,18,'2023-02-10 18:14:53',4.54,18044),
(1,18,'2023-03-02 18:14:53',4.50,18045),
(1,18,'2023-03-23 18:14:53',4.54,18046),
(1,18,'2023-03-30 18:14:53',3.83,18047),
(1,18,'2023-04-06 18:14:53',4.54,18048),
(1,18,'2023-04-13 18:14:53',3.55,18049),
(1,18,'2023-04-20 18:14:53',4.03,18050),
(1,18,'2023-04-27 18:14:53',4.54,18051),
(1,18,'2023-05-04 18:14:53',3.62,18052),
(1,18,'2023-05-25 18:14:53',4.56,18053),
(1,18,'2023-06-01 18:14:53',3.47,18054),
(1,18,'2023-06-08 18:14:53',4.59,18055),
(1,18,'2023-06-15 18:14:53',4.57,18056),
(1,18,'2023-06-22 18:14:53',3.38,18057),
(1,18,'2023-07-06 18:14:53',4.57,18058),
(1,18,'2023-07-13 18:14:53',3.84,18059),
(1,18,'2023-07-20 18:14:53',4.57,18060),
(1,18,'2023-08-03 18:14:53',4.67,18061),
(1,18,'2023-08-10 18:14:53',3.70,18062),
(1,18,'2023-11-02 18:14:53',4.67,18063),
(1,18,'2023-11-09 18:14:53',4.09,18064),
(1,18,'2023-11-16 18:14:53',4.67,18065),
(1,18,'2023-11-30 18:14:53',4.59,18066),
(1,18,'2023-12-07 18:14:53',3.42,18067),
(1,18,'2023-12-21 18:14:53',4.64,18068),
(1,18,'2023-12-28 18:14:53',4.55,18069),
(1,18,'2024-01-04 18:14:53',3.99,18070),
(1,18,'2024-01-18 18:14:53',4.55,18071),
(1,18,'2024-03-15 18:14:53',4.63,18072),
(1,18,'2024-03-29 18:14:53',4.74,18073),
(1,18,'2024-05-17 18:14:53',4.72,18074),
(1,18,'2024-05-24 18:14:53',3.96,18075),
(1,18,'2024-07-05 18:14:53',4.72,18076),
(1,18,'2024-07-12 18:14:53',3.84,18077),
(1,18,'2024-08-02 18:14:53',4.87,18078),
(1,18,'2024-10-04 18:14:53',4.92,18079),
(1,18,'2024-11-01 18:14:53',5.10,18080),
(1,18,'2024-11-08 18:14:53',3.80,18081),
(1,18,'2024-11-29 18:14:53',5.22,18082),
(1,19,'2022-12-16 18:15:00',4.99,18083),
(1,19,'2022-12-23 18:15:00',5.03,18084),
(1,19,'2023-01-20 18:15:00',5.19,18085),
(1,19,'2023-01-27 18:15:00',4.45,18086),
(1,19,'2023-02-10 18:15:00',5.19,18087),
(1,19,'2023-03-02 18:15:00',5.11,18088),
(1,19,'2023-04-27 18:15:00',5.12,18089),
(1,19,'2023-05-04 18:15:00',3.84,18090),
(1,19,'2023-06-01 18:15:00',5.20,18091),
(1,19,'2023-06-08 18:15:00',4.29,18092),
(1,19,'2023-08-03 18:15:00',5.20,18093),
(1,19,'2023-09-28 18:15:00',5.16,18094),
(1,19,'2023-10-05 18:15:00',4.53,18095),
(1,19,'2023-11-09 18:15:00',5.22,18096),
(1,19,'2023-11-23 18:15:00',5.25,18097),
(1,19,'2023-12-14 18:15:00',5.27,18098),
(1,19,'2023-12-21 18:15:00',4.69,18099),
(1,19,'2024-04-05 18:15:00',5.27,18100),
(1,19,'2024-04-26 18:15:00',5.19,18101),
(1,19,'2024-06-28 18:15:00',5.16,18102),
(1,19,'2024-07-26 18:15:00',5.21,18103),
(1,19,'2024-09-06 18:15:00',5.22,18104),
(1,19,'2024-09-13 18:15:00',4.65,18105),
(1,19,'2024-11-01 18:15:00',5.22,18106),
(1,19,'2024-11-15 18:15:00',5.39,18107),
(1,19,'2024-11-22 18:15:00',4.78,18108),
(1,19,'2024-11-29 18:15:00',5.39,18109),
(1,19,'2024-12-06 18:15:00',4.45,18110),
(1,20,'2022-11-25 18:15:06',5.86,18111),
(1,20,'2022-12-02 18:15:06',4.84,18112),
(1,20,'2023-01-06 18:15:06',6.02,18113),
(1,20,'2023-02-03 18:15:06',6.13,18114),
(1,20,'2023-03-16 18:15:06',6.15,18115),
(1,20,'2023-03-23 18:15:06',4.96,18116),
(1,20,'2023-04-06 18:15:06',6.15,18117),
(1,20,'2023-04-27 18:15:06',6.07,18118),
(1,20,'2023-05-04 18:15:06',4.68,18119),
(1,20,'2023-05-11 18:15:06',6.07,18120),
(1,20,'2023-05-18 18:15:06',5.35,18121),
(1,20,'2023-07-13 18:15:06',6.19,18122),
(1,20,'2023-07-20 18:15:06',6.38,18123),
(1,20,'2023-07-27 18:15:06',5.22,18124),
(1,20,'2023-08-03 18:15:06',6.38,18125),
(1,20,'2023-08-10 18:15:06',4.65,18126),
(1,20,'2023-08-31 18:15:06',6.38,18127),
(1,20,'2023-10-12 18:15:06',6.41,18128),
(1,20,'2023-10-19 18:15:06',5.01,18129),
(1,20,'2023-10-26 18:15:06',6.41,18130),
(1,20,'2023-11-02 18:15:06',5.11,18131),
(1,20,'2023-11-09 18:15:06',5.48,18132),
(1,20,'2023-11-16 18:15:06',6.52,18133),
(1,20,'2023-11-23 18:15:06',6.48,18134),
(1,20,'2023-12-14 18:15:06',6.55,18135),
(1,20,'2023-12-21 18:15:06',4.80,18136),
(1,20,'2024-01-11 18:15:06',6.49,18137),
(1,20,'2024-01-18 18:15:06',4.72,18138),
(1,20,'2024-03-29 18:15:06',6.49,18139),
(1,20,'2024-05-03 18:15:06',6.53,18140),
(1,20,'2024-05-10 18:15:06',4.91,18141),
(1,20,'2024-06-14 18:15:06',6.53,18142),
(1,20,'2024-06-21 18:15:06',5.61,18143),
(1,20,'2024-07-05 18:15:06',6.62,18144),
(1,20,'2024-08-02 18:15:06',6.55,18145),
(1,20,'2024-12-06 18:15:06',6.62,18146),
(1,20,'2024-12-20 18:15:06',6.54,18147),
(1,21,'2022-10-28 18:15:13',7.19,18148),
(1,21,'2022-11-04 18:15:13',7.11,18149),
(1,21,'2023-02-03 18:15:13',7.12,18150),
(1,21,'2023-02-10 18:15:13',5.76,18151),
(1,21,'2023-03-16 18:15:13',7.12,18152),
(1,21,'2023-03-23 18:15:13',7.03,18153),
(1,21,'2023-04-13 18:15:13',7.14,18154),
(1,21,'2023-06-15 18:15:13',7.12,18155),
(1,21,'2023-06-22 18:15:13',6.01,18156),
(1,21,'2023-07-13 18:15:13',7.07,18157),
(1,21,'2023-07-20 18:15:13',5.65,18158),
(1,21,'2023-07-27 18:15:13',7.07,18159),
(1,21,'2023-08-03 18:15:13',5.21,18160),
(1,21,'2023-08-17 18:15:13',7.07,18161),
(1,21,'2023-08-31 18:15:13',7.08,18162),
(1,21,'2023-09-07 18:15:13',5.52,18163),
(1,21,'2023-09-21 18:15:13',7.08,18164),
(1,21,'2023-09-28 18:15:13',5.37,18165),
(1,21,'2023-11-02 18:15:13',7.15,18166),
(1,21,'2023-11-09 18:15:13',5.24,18167),
(1,21,'2023-11-16 18:15:13',5.65,18168),
(1,21,'2023-11-23 18:15:13',5.52,18169),
(1,21,'2023-11-30 18:15:13',7.15,18170),
(1,21,'2024-01-04 18:15:13',7.11,18171),
(1,21,'2024-01-25 18:15:13',7.02,18172),
(1,21,'2024-02-01 18:15:13',5.37,18173),
(1,21,'2024-02-22 18:15:13',7.02,18174),
(1,21,'2024-03-15 18:15:13',7.00,18175),
(1,21,'2024-03-22 18:15:13',5.01,18176),
(1,21,'2024-03-29 18:15:13',5.77,18177),
(1,21,'2024-04-12 18:15:13',7.00,18178),
(1,21,'2024-04-19 18:15:13',5.28,18179),
(1,21,'2024-05-17 18:15:13',7.00,18180),
(1,21,'2024-05-24 18:15:13',6.22,18181),
(1,21,'2024-06-21 18:15:13',7.00,18182),
(1,21,'2024-07-26 18:15:13',6.92,18183),
(1,21,'2024-08-02 18:15:13',6.83,18184),
(1,21,'2024-08-09 18:15:13',5.45,18185),
(1,21,'2024-08-30 18:15:13',6.83,18186),
(1,21,'2024-10-04 18:15:13',6.82,18187),
(1,22,'2022-10-21 18:15:24',3.10,18188),
(1,22,'2022-11-18 18:15:24',3.12,18189),
(1,22,'2022-12-16 18:15:24',3.08,18190),
(1,22,'2023-02-24 18:15:24',3.06,18191),
(1,22,'2023-03-02 18:15:24',3.23,18192),
(1,22,'2023-03-09 18:15:24',3.17,18193),
(1,22,'2023-04-20 18:15:24',3.21,18194),
(1,22,'2023-04-27 18:15:24',3.30,18195),
(1,22,'2023-05-25 18:15:24',3.23,18196),
(1,22,'2023-06-01 18:15:24',3.21,18197),
(1,22,'2023-08-10 18:15:24',3.19,18198),
(1,22,'2023-08-24 18:15:24',3.16,18199),
(1,22,'2023-08-31 18:15:24',3.12,18200),
(1,22,'2023-09-21 18:15:24',3.15,18201),
(1,22,'2023-10-12 18:15:24',3.09,18202),
(1,22,'2023-11-02 18:15:24',3.14,18203),
(1,22,'2023-11-09 18:15:24',3.17,18204),
(1,22,'2024-01-04 18:15:24',3.14,18205),
(1,22,'2024-01-25 18:15:24',3.20,18206),
(1,22,'2024-02-01 18:15:24',3.28,18207),
(1,22,'2024-02-08 18:15:24',3.33,18208),
(1,22,'2024-03-22 18:15:24',3.46,18209),
(1,22,'2024-04-05 18:15:24',3.56,18210),
(1,22,'2024-04-19 18:15:24',3.49,18211),
(1,22,'2024-04-26 18:15:24',3.55,18212),
(1,22,'2024-05-31 18:15:24',3.47,18213),
(1,22,'2024-06-07 18:15:24',3.42,18214),
(1,22,'2024-06-21 18:15:24',3.36,18215),
(1,22,'2024-06-28 18:15:24',3.48,18216),
(1,22,'2024-08-02 18:15:24',3.52,18217),
(1,22,'2024-09-20 18:15:24',3.53,18218),
(1,22,'2024-10-25 18:15:24',3.51,18219),
(1,22,'2024-11-22 18:15:24',3.45,18220),
(1,22,'2024-12-06 18:15:24',3.33,18221),
(1,22,'2024-12-13 18:15:24',3.30,18222),
(1,23,'2022-10-14 18:15:52',2.68,18223),
(1,23,'2022-10-21 18:15:52',2.24,18224),
(1,23,'2022-11-25 18:15:52',2.68,18225),
(1,23,'2022-12-09 18:15:52',2.73,18226),
(1,23,'2022-12-16 18:15:52',2.71,18227),
(1,23,'2022-12-30 18:15:52',2.73,18228),
(1,23,'2023-01-06 18:15:52',2.77,18229),
(1,23,'2023-01-13 18:15:52',2.29,18230),
(1,23,'2023-03-02 18:15:52',2.77,18231),
(1,23,'2023-03-09 18:15:52',2.29,18232),
(1,23,'2023-03-30 18:15:52',2.77,18233),
(1,23,'2023-04-06 18:15:52',2.29,18234),
(1,23,'2023-04-27 18:15:52',2.77,18235),
(1,23,'2023-05-04 18:15:52',2.24,18236),
(1,23,'2023-06-01 18:15:52',2.77,18237),
(1,23,'2023-06-08 18:15:52',2.23,18238),
(1,23,'2023-10-05 18:15:52',2.77,18239),
(1,23,'2023-10-12 18:15:52',2.29,18240),
(1,23,'2023-11-23 18:15:52',2.77,18241),
(1,23,'2024-02-15 18:15:52',2.76,18242),
(1,23,'2024-02-22 18:15:52',2.26,18243),
(1,23,'2024-05-24 18:15:52',2.76,18244),
(1,23,'2024-05-31 18:15:52',2.29,18245),
(1,23,'2024-06-28 18:15:52',2.76,18246),
(1,23,'2024-07-12 18:15:52',2.84,18247),
(1,23,'2024-07-19 18:15:52',2.28,18248),
(1,23,'2024-08-09 18:15:52',2.84,18249),
(1,23,'2024-08-16 18:15:52',2.79,18250),
(1,23,'2024-08-23 18:15:52',2.29,18251),
(1,23,'2024-09-06 18:15:52',2.79,18252),
(1,23,'2024-09-13 18:15:52',2.78,18253),
(1,23,'2024-09-20 18:15:52',2.75,18254),
(1,23,'2024-10-04 18:15:52',2.29,18255),
(1,23,'2024-11-15 18:15:52',2.75,18256),
(1,23,'2024-12-06 18:15:52',2.85,18257),
(1,24,'2022-11-04 18:17:06',3.26,18258),
(1,24,'2022-11-18 18:17:06',3.31,18259),
(1,24,'2022-12-16 18:17:06',3.28,18260),
(1,24,'2023-01-13 18:17:06',3.40,18261),
(1,24,'2023-03-09 18:17:06',3.60,18262),
(1,24,'2023-03-23 18:17:06',3.57,18263),
(1,24,'2023-04-27 18:17:06',3.67,18264),
(1,24,'2023-05-18 18:17:06',3.58,18265),
(1,24,'2023-06-22 18:17:06',3.62,18266),
(1,24,'2023-08-03 18:17:06',3.65,18267),
(1,24,'2023-08-17 18:17:06',3.51,18268),
(1,24,'2023-11-23 18:17:06',3.52,18269),
(1,24,'2023-12-28 18:17:06',3.47,18270),
(1,24,'2024-01-04 18:17:06',3.46,18271),
(1,24,'2024-01-25 18:17:06',3.53,18272),
(1,24,'2024-03-22 18:17:06',3.40,18273),
(1,24,'2024-05-03 18:17:06',3.53,18274),
(1,24,'2024-05-17 18:17:06',3.55,18275),
(1,24,'2024-07-12 18:17:06',3.58,18276),
(1,24,'2024-10-11 18:17:06',3.50,18277),
(1,24,'2024-11-08 18:17:06',3.63,18278),
(1,25,'2022-12-02 18:17:24',4.69,18279),
(1,25,'2022-12-09 18:17:24',4.75,18280),
(1,25,'2022-12-16 18:17:24',4.21,18281),
(1,25,'2022-12-23 18:17:24',4.20,18282),
(1,25,'2023-02-10 18:17:24',4.75,18283),
(1,25,'2023-03-16 18:17:24',4.91,18284),
(1,25,'2023-05-11 18:17:24',4.96,18285),
(1,25,'2023-06-29 18:17:24',5.03,18286),
(1,25,'2023-07-06 18:17:24',4.36,18287),
(1,25,'2023-12-21 18:17:24',5.03,18288),
(1,25,'2023-12-28 18:17:24',4.48,18289),
(1,25,'2024-02-01 18:17:24',5.03,18290),
(1,25,'2024-02-08 18:17:24',4.35,18291),
(1,25,'2024-03-15 18:17:24',4.96,18292),
(1,25,'2024-03-22 18:17:24',4.28,18293),
(1,25,'2024-03-29 18:17:24',4.96,18294),
(1,25,'2024-04-05 18:17:24',4.91,18295),
(1,25,'2024-04-26 18:17:24',4.94,18296),
(1,25,'2024-05-10 18:17:24',4.85,18297),
(1,25,'2024-05-17 18:17:24',3.89,18298),
(1,25,'2024-06-14 18:17:24',4.85,18299),
(1,25,'2024-06-21 18:17:24',4.03,18300),
(1,25,'2024-08-16 18:17:24',4.85,18301),
(1,25,'2024-08-23 18:17:24',3.91,18302),
(1,25,'2024-09-13 18:17:24',4.85,18303),
(1,25,'2024-10-04 18:17:24',4.79,18304),
(1,25,'2024-12-13 18:17:24',4.94,18305),
(1,26,'2023-01-27 18:17:40',4.79,18306),
(1,26,'2023-02-03 18:17:40',4.26,18307),
(1,26,'2023-04-06 18:17:40',4.79,18308),
(1,26,'2023-04-13 18:17:40',3.79,18309),
(1,26,'2023-06-08 18:17:40',4.79,18310),
(1,26,'2023-06-15 18:17:40',3.88,18311),
(1,26,'2023-09-07 18:17:40',4.79,18312),
(1,26,'2023-09-14 18:17:40',3.86,18313),
(1,26,'2023-09-21 18:17:40',4.79,18314),
(1,26,'2023-09-28 18:17:40',4.27,18315),
(1,26,'2023-10-05 18:17:40',4.04,18316),
(1,26,'2023-11-16 18:17:40',4.79,18317),
(1,26,'2023-11-23 18:17:40',3.68,18318),
(1,26,'2023-11-30 18:17:40',4.24,18319),
(1,26,'2023-12-07 18:17:40',4.79,18320),
(1,26,'2023-12-14 18:17:40',3.85,18321),
(1,26,'2023-12-21 18:17:40',4.79,18322),
(1,26,'2023-12-28 18:17:40',3.90,18323),
(1,26,'2024-02-22 18:17:40',4.79,18324),
(1,26,'2024-03-01 18:17:40',4.18,18325),
(1,26,'2024-04-05 18:17:40',4.79,18326),
(1,26,'2024-04-12 18:17:40',3.83,18327),
(1,26,'2024-04-26 18:17:40',4.79,18328),
(1,26,'2024-05-03 18:17:40',4.14,18329),
(1,26,'2024-05-17 18:17:40',4.79,18330),
(1,26,'2024-05-24 18:17:40',4.24,18331),
(1,26,'2024-05-31 18:17:40',4.79,18332),
(1,26,'2024-06-07 18:17:40',4.24,18333),
(1,26,'2024-06-21 18:17:40',4.79,18334),
(1,26,'2024-06-28 18:17:40',3.77,18335),
(1,26,'2024-08-23 18:17:40',4.79,18336),
(1,26,'2024-08-30 18:17:40',3.79,18337),
(1,26,'2024-11-08 18:17:40',4.79,18338),
(1,26,'2024-11-15 18:17:40',3.94,18339),
(1,26,'2024-12-06 18:17:40',4.79,18340),
(1,26,'2024-12-13 18:17:40',4.06,18341),
(1,27,'2022-10-14 18:17:49',5.02,18342),
(1,27,'2022-12-30 18:17:49',4.99,18343),
(1,27,'2023-01-06 18:17:49',4.06,18344),
(1,27,'2023-04-06 18:17:49',4.99,18345),
(1,27,'2023-04-13 18:17:49',5.12,18346),
(1,27,'2023-05-11 18:17:49',5.08,18347),
(1,27,'2023-06-01 18:17:49',5.06,18348),
(1,27,'2023-08-17 18:17:49',5.08,18349),
(1,27,'2023-08-31 18:17:49',5.03,18350),
(1,27,'2023-09-28 18:17:49',5.13,18351),
(1,27,'2023-10-05 18:17:49',4.56,18352),
(1,27,'2023-12-14 18:17:49',5.13,18353),
(1,27,'2023-12-21 18:17:49',5.24,18354),
(1,27,'2024-03-01 18:17:49',5.27,18355),
(1,27,'2024-03-08 18:17:49',4.17,18356),
(1,27,'2024-06-07 18:17:49',5.27,18357),
(1,27,'2024-06-14 18:17:49',4.25,18358),
(1,27,'2024-06-21 18:17:49',5.27,18359),
(1,27,'2024-06-28 18:17:49',5.30,18360),
(1,27,'2024-07-12 18:17:49',5.25,18361),
(1,27,'2024-07-26 18:17:49',5.38,18362),
(1,27,'2024-08-02 18:17:49',5.44,18363),
(1,27,'2024-08-09 18:17:49',4.79,18364),
(1,27,'2024-08-23 18:17:49',5.36,18365),
(1,27,'2024-10-25 18:17:49',5.40,18366),
(1,27,'2024-12-20 18:17:49',5.38,18367),
(1,27,'2024-12-27 18:17:49',4.66,18368),
(1,28,'2022-10-21 18:18:00',3.39,18369),
(1,28,'2022-11-04 18:18:00',3.43,18370),
(1,28,'2022-11-11 18:18:00',2.58,18371),
(1,28,'2022-12-02 18:18:00',3.43,18372),
(1,28,'2022-12-09 18:18:00',2.93,18373),
(1,28,'2022-12-16 18:18:00',2.95,18374),
(1,28,'2023-01-06 18:18:00',3.43,18375),
(1,28,'2023-01-13 18:18:00',3.39,18376),
(1,28,'2023-01-20 18:18:00',2.54,18377),
(1,28,'2023-01-27 18:18:00',3.39,18378),
(1,28,'2023-03-09 18:18:00',3.45,18379),
(1,28,'2023-03-16 18:18:00',2.31,18380),
(1,28,'2023-04-20 18:18:00',3.45,18381),
(1,28,'2023-05-04 18:18:00',3.41,18382),
(1,28,'2023-05-11 18:18:00',3.40,18383),
(1,28,'2023-05-18 18:18:00',3.05,18384),
(1,28,'2023-08-17 18:18:00',3.44,18385),
(1,28,'2023-08-24 18:18:00',2.36,18386),
(1,28,'2023-10-26 18:18:00',3.44,18387),
(1,28,'2023-11-30 18:18:00',3.39,18388),
(1,28,'2024-01-11 18:18:00',3.42,18389),
(1,28,'2024-02-22 18:18:00',3.39,18390),
(1,28,'2024-03-01 18:18:00',2.43,18391),
(1,28,'2024-03-22 18:18:00',3.39,18392),
(1,28,'2024-04-12 18:18:00',3.46,18393),
(1,28,'2024-05-31 18:18:00',3.50,18394),
(1,28,'2024-06-07 18:18:00',3.44,18395),
(1,28,'2024-07-05 18:18:00',3.41,18396),
(1,28,'2024-07-12 18:18:00',2.52,18397),
(1,28,'2024-07-19 18:18:00',3.41,18398),
(1,28,'2024-07-26 18:18:00',2.85,18399),
(1,28,'2024-08-30 18:18:00',3.41,18400),
(1,28,'2024-09-06 18:18:00',2.87,18401),
(1,28,'2024-10-18 18:18:00',3.41,18402),
(1,28,'2024-10-25 18:18:00',2.68,18403),
(1,28,'2024-11-01 18:18:00',3.41,18404),
(1,28,'2024-11-08 18:18:00',3.46,18405),
(1,29,'2022-10-28 18:18:17',3.08,18406),
(1,29,'2022-11-04 18:18:17',2.28,18407),
(1,29,'2022-11-18 18:18:17',3.08,18408),
(1,29,'2022-11-25 18:18:17',3.15,18409),
(1,29,'2022-12-09 18:18:17',3.13,18410),
(1,29,'2023-02-03 18:18:17',3.16,18411),
(1,29,'2023-03-02 18:18:17',3.20,18412),
(1,29,'2023-04-20 18:18:17',3.28,18413),
(1,29,'2023-04-27 18:18:17',2.98,18414),
(1,29,'2023-05-25 18:18:17',3.28,18415),
(1,29,'2023-06-01 18:18:17',3.33,18416),
(1,29,'2023-06-29 18:18:17',3.40,18417),
(1,29,'2023-08-03 18:18:17',3.38,18418),
(1,29,'2023-08-31 18:18:17',3.32,18419),
(1,29,'2023-09-07 18:18:17',2.47,18420),
(1,29,'2023-10-19 18:18:17',3.32,18421),
(1,29,'2023-11-30 18:18:17',3.45,18422),
(1,29,'2024-02-01 18:18:17',3.46,18423),
(1,29,'2024-02-08 18:18:17',2.68,18424),
(1,29,'2024-03-15 18:18:17',3.46,18425),
(1,29,'2024-05-17 18:18:17',3.48,18426),
(1,29,'2024-05-24 18:18:17',3.54,18427),
(1,29,'2024-06-14 18:18:17',3.56,18428),
(1,29,'2024-06-21 18:18:17',3.00,18429),
(1,29,'2024-06-28 18:18:17',2.60,18430),
(1,29,'2024-07-19 18:18:17',3.56,18431),
(1,29,'2024-08-23 18:18:17',3.70,18432),
(1,29,'2024-08-30 18:18:17',3.00,18433),
(1,29,'2024-10-04 18:18:17',3.70,18434),
(1,29,'2024-10-11 18:18:17',3.74,18435),
(1,29,'2024-11-01 18:18:17',3.83,18436),
(1,29,'2024-12-06 18:18:17',3.90,18437),
(1,29,'2024-12-13 18:18:17',3.91,18438),
(1,29,'2024-12-20 18:18:17',3.00,18439),
(1,30,'2022-11-11 18:18:39',5.53,18440),
(1,30,'2022-11-25 18:18:39',5.55,18441),
(1,30,'2023-04-20 18:18:39',5.50,18442),
(1,30,'2023-04-27 18:18:39',4.47,18443),
(1,30,'2023-06-01 18:18:39',5.50,18444),
(1,30,'2023-07-13 18:18:39',5.44,18445),
(1,30,'2023-09-21 18:18:39',5.55,18446),
(1,30,'2023-09-28 18:18:39',4.09,18447),
(1,30,'2023-11-23 18:18:39',5.55,18448),
(1,30,'2023-11-30 18:18:39',4.66,18449),
(1,30,'2023-12-14 18:18:39',5.55,18450),
(1,30,'2023-12-21 18:18:39',5.60,18451),
(1,30,'2023-12-28 18:18:39',4.41,18452),
(1,30,'2024-01-04 18:18:39',4.00,18453),
(1,30,'2024-01-25 18:18:39',5.60,18454),
(1,30,'2024-02-01 18:18:39',4.25,18455),
(1,30,'2024-04-12 18:18:39',5.60,18456),
(1,30,'2024-04-19 18:18:39',5.62,18457),
(1,30,'2024-04-26 18:18:39',4.12,18458),
(1,30,'2024-07-12 18:18:39',5.62,18459),
(1,30,'2024-07-19 18:18:39',4.60,18460),
(1,30,'2024-08-09 18:18:39',5.62,18461),
(1,30,'2024-08-16 18:18:39',4.61,18462),
(1,30,'2024-08-23 18:18:39',5.62,18463),
(1,30,'2024-09-27 18:18:39',5.73,18464),
(1,30,'2024-10-04 18:18:39',4.07,18465),
(1,30,'2024-11-29 18:18:39',5.68,18466),
(2,1,'2022-10-07 14:50:38',12.25,18467),
(2,1,'2022-10-14 14:50:38',12.23,18468),
(2,1,'2022-10-21 14:50:38',12.30,18469),
(2,1,'2023-01-06 14:50:38',12.69,18470),
(2,1,'2023-02-24 14:50:38',13.05,18471),
(2,1,'2023-03-02 14:50:38',8.13,18472),
(2,1,'2023-03-16 14:50:38',13.05,18473),
(2,1,'2023-03-23 14:50:38',13.18,18474),
(2,1,'2023-03-30 14:50:38',8.65,18475),
(2,1,'2023-04-13 14:50:38',13.19,18476),
(2,1,'2023-05-18 14:50:38',13.20,18477),
(2,1,'2023-05-25 14:50:38',13.27,18478),
(2,1,'2023-06-01 14:50:38',11.15,18479),
(2,1,'2023-07-27 14:50:38',13.27,18480),
(2,1,'2023-09-14 14:50:38',13.40,18481),
(2,1,'2023-09-21 14:50:38',8.94,18482),
(2,1,'2023-09-28 14:50:38',13.40,18483),
(2,1,'2023-12-21 14:50:38',13.54,18484),
(2,1,'2024-01-25 14:50:38',13.61,18485),
(2,1,'2024-02-15 14:50:38',13.56,18486),
(2,1,'2024-03-15 14:50:38',13.48,18487),
(2,1,'2024-04-26 14:50:38',13.45,18488),
(2,1,'2024-05-03 14:50:38',9.50,18489),
(2,1,'2024-06-21 14:50:38',13.45,18490),
(2,1,'2024-08-02 14:50:38',13.59,18491),
(2,1,'2024-08-09 14:50:38',13.55,18492),
(2,1,'2024-08-16 14:50:38',9.80,18493),
(2,1,'2024-09-06 14:50:38',13.53,18494),
(2,1,'2024-09-20 14:50:38',13.51,18495),
(2,1,'2024-09-27 14:50:38',9.48,18496),
(2,1,'2024-10-04 14:50:38',8.20,18497),
(2,1,'2024-10-25 14:50:38',13.51,18498),
(2,1,'2024-11-01 14:50:38',13.55,18499),
(2,1,'2024-11-08 14:50:38',13.50,18500),
(2,1,'2024-12-06 14:50:38',13.62,18501),
(2,2,'2022-10-28 14:49:55',13.12,18502),
(2,2,'2022-11-04 14:49:55',8.37,18503),
(2,2,'2022-11-18 14:49:55',13.24,18504),
(2,2,'2022-12-02 14:49:55',13.30,18505),
(2,2,'2022-12-09 14:49:55',10.13,18506),
(2,2,'2023-01-06 14:49:55',13.30,18507),
(2,2,'2023-01-13 14:49:55',9.81,18508),
(2,2,'2023-01-27 14:49:55',13.30,18509),
(2,2,'2023-02-03 14:49:55',10.45,18510),
(2,2,'2023-03-16 14:49:55',13.30,18511),
(2,2,'2023-04-06 14:49:55',13.29,18512),
(2,2,'2023-05-04 14:49:55',13.55,18513),
(2,2,'2023-05-11 14:49:55',11.00,18514),
(2,2,'2023-05-25 14:49:55',13.55,18515),
(2,2,'2023-07-13 14:49:55',13.43,18516),
(2,2,'2023-07-20 14:49:55',13.55,18517),
(2,2,'2023-07-27 14:49:55',13.61,18518),
(2,2,'2023-09-07 14:49:55',13.76,18519),
(2,2,'2023-09-14 14:49:55',8.51,18520),
(2,2,'2023-09-21 14:49:55',10.41,18521),
(2,2,'2023-11-16 14:49:55',13.76,18522),
(2,2,'2023-11-23 14:49:55',11.67,18523),
(2,2,'2023-11-30 14:49:55',14.09,18524),
(2,2,'2023-12-07 14:49:55',11.29,18525),
(2,2,'2024-01-18 14:49:55',14.06,18526),
(2,2,'2024-01-25 14:49:55',10.67,18527),
(2,2,'2024-02-15 14:49:55',14.06,18528),
(2,2,'2024-02-22 14:49:55',13.99,18529),
(2,2,'2024-03-08 14:49:55',13.90,18530),
(2,2,'2024-03-22 14:49:55',13.93,18531),
(2,2,'2024-03-29 14:49:55',11.99,18532),
(2,2,'2024-04-26 14:49:55',13.93,18533),
(2,2,'2024-05-03 14:49:55',10.38,18534),
(2,2,'2024-05-10 14:49:55',13.93,18535),
(2,2,'2024-06-28 14:49:55',13.94,18536),
(2,2,'2024-07-05 14:49:55',11.99,18537),
(2,2,'2024-08-23 14:49:55',13.94,18538),
(2,2,'2024-09-27 14:49:55',14.01,18539),
(2,2,'2024-11-22 14:49:55',14.11,18540),
(2,2,'2024-11-29 14:49:55',11.99,18541),
(2,2,'2024-12-06 14:49:55',10.02,18542),
(2,2,'2024-12-27 14:49:55',14.11,18543),
(2,3,'2022-10-21 18:11:53',0.35,18544),
(2,3,'2022-12-30 18:11:53',0.42,18545),
(2,3,'2023-03-02 18:11:53',0.40,18546),
(2,3,'2023-03-09 18:11:53',0.37,18547),
(2,3,'2023-05-04 18:11:53',0.35,18548),
(2,3,'2023-09-07 18:11:53',0.37,18549),
(2,3,'2024-01-11 18:11:53',0.35,18550),
(2,3,'2024-02-22 18:11:53',0.36,18551),
(2,3,'2024-03-01 18:11:53',0.35,18552),
(2,3,'2024-05-24 18:11:53',0.36,18553),
(2,3,'2024-06-14 18:11:53',0.35,18554),
(2,3,'2024-08-30 18:11:53',0.40,18555),
(2,3,'2024-10-18 18:11:53',0.46,18556),
(2,3,'2024-10-25 18:11:53',0.48,18557),
(2,3,'2024-11-01 18:11:53',0.51,18558),
(2,3,'2024-11-15 18:11:53',0.50,18559),
(2,4,'2022-10-28 18:12:37',1.19,18560),
(2,4,'2022-11-04 18:12:37',1.02,18561),
(2,4,'2023-01-20 18:12:37',1.20,18562),
(2,4,'2023-02-10 18:12:37',1.22,18563),
(2,4,'2023-02-17 18:12:37',1.03,18564),
(2,4,'2023-02-24 18:12:37',1.18,18565),
(2,4,'2023-04-06 18:12:37',1.15,18566),
(2,4,'2023-04-13 18:12:37',0.95,18567),
(2,4,'2023-04-20 18:12:37',1.15,18568),
(2,4,'2023-04-27 18:12:37',1.20,18569),
(2,4,'2023-05-04 18:12:37',1.25,18570),
(2,4,'2023-05-11 18:12:37',1.09,18571),
(2,4,'2023-05-18 18:12:37',1.31,18572),
(2,4,'2023-05-25 18:12:37',1.09,18573),
(2,4,'2023-07-06 18:12:37',1.31,18574),
(2,4,'2023-07-13 18:12:37',1.29,18575),
(2,4,'2023-07-27 18:12:37',1.26,18576),
(2,4,'2023-09-21 18:12:37',1.30,18577),
(2,4,'2023-09-28 18:12:37',1.09,18578),
(2,4,'2023-10-05 18:12:37',1.36,18579),
(2,4,'2023-11-02 18:12:37',1.37,18580),
(2,4,'2023-11-09 18:12:37',1.09,18581),
(2,4,'2023-11-23 18:12:37',1.37,18582),
(2,4,'2023-11-30 18:12:37',1.09,18583),
(2,4,'2023-12-21 18:12:37',1.32,18584),
(2,4,'2023-12-28 18:12:37',1.09,18585),
(2,4,'2024-02-08 18:12:37',1.32,18586),
(2,4,'2024-02-22 18:12:37',1.09,18587),
(2,4,'2024-05-03 18:12:37',1.34,18588),
(2,4,'2024-06-28 18:12:37',1.37,18589),
(2,4,'2024-08-16 18:12:37',1.36,18590),
(2,4,'2024-08-23 18:12:37',1.09,18591),
(2,4,'2024-09-27 18:12:37',1.36,18592),
(2,4,'2024-10-04 18:12:37',1.09,18593),
(2,4,'2024-12-06 18:12:37',1.36,18594),
(2,4,'2024-12-13 18:12:37',1.09,18595),
(2,5,'2022-10-28 18:12:54',11.25,18596),
(2,5,'2022-11-04 18:12:54',6.67,18597),
(2,5,'2022-11-18 18:12:54',11.25,18598),
(2,5,'2022-12-30 18:12:54',11.52,18599),
(2,5,'2023-01-06 18:12:54',6.65,18600),
(2,5,'2023-02-03 18:12:54',11.52,18601),
(2,5,'2023-03-02 18:12:54',11.61,18602),
(2,5,'2023-04-06 18:12:54',11.55,18603),
(2,5,'2023-05-04 18:12:54',11.58,18604),
(2,5,'2023-05-11 18:12:54',6.40,18605),
(2,5,'2023-05-18 18:12:54',6.16,18606),
(2,5,'2023-05-25 18:12:54',7.43,18607),
(2,5,'2023-07-13 18:12:54',11.58,18608),
(2,5,'2023-10-19 18:12:54',11.50,18609),
(2,5,'2023-11-23 18:12:54',11.42,18610),
(2,5,'2023-11-30 18:12:54',8.31,18611),
(2,5,'2023-12-28 18:12:54',11.42,18612),
(2,5,'2024-01-04 18:12:54',6.51,18613),
(2,5,'2024-01-25 18:12:54',11.46,18614),
(2,5,'2024-02-01 18:12:54',8.53,18615),
(2,5,'2024-02-15 18:12:54',11.46,18616),
(2,5,'2024-03-29 18:12:54',11.61,18617),
(2,5,'2024-04-05 18:12:54',6.95,18618),
(2,5,'2024-04-26 18:12:54',11.61,18619),
(2,5,'2024-05-03 18:12:54',7.97,18620),
(2,5,'2024-05-17 18:12:54',11.61,18621),
(2,5,'2024-06-14 18:12:54',11.71,18622),
(2,5,'2024-08-23 18:12:54',11.50,18623),
(2,5,'2024-09-06 18:12:54',11.55,18624),
(2,5,'2024-11-29 18:12:54',11.57,18625),
(2,5,'2024-12-06 18:12:54',6.66,18626),
(2,5,'2024-12-13 18:12:54',7.52,18627),
(2,5,'2024-12-20 18:12:54',11.57,18628),
(2,5,'2024-12-27 18:12:54',6.28,18629),
(2,6,'2022-10-07 18:13:01',1.79,18630),
(2,6,'2022-11-04 18:13:01',1.80,18631),
(2,6,'2022-11-11 18:13:01',1.52,18632),
(2,6,'2022-12-02 18:13:01',1.79,18633),
(2,6,'2022-12-09 18:13:01',1.83,18634),
(2,6,'2022-12-30 18:13:01',1.84,18635),
(2,6,'2023-01-06 18:13:01',1.52,18636),
(2,6,'2023-02-03 18:13:01',1.84,18637),
(2,6,'2023-03-09 18:13:01',1.80,18638),
(2,6,'2023-03-23 18:13:01',1.79,18639),
(2,6,'2023-03-30 18:13:01',1.46,18640),
(2,6,'2023-04-27 18:13:01',1.80,18641),
(2,6,'2023-05-04 18:13:01',1.26,18642),
(2,6,'2023-05-11 18:13:01',1.80,18643),
(2,6,'2023-05-18 18:13:01',1.21,18644),
(2,6,'2023-06-01 18:13:01',1.80,18645),
(2,6,'2023-08-03 18:13:01',1.81,18646),
(2,6,'2023-08-10 18:13:01',1.38,18647),
(2,6,'2023-11-02 18:13:01',1.81,18648),
(2,6,'2023-12-07 18:13:01',1.79,18649),
(2,6,'2024-02-08 18:13:01',1.80,18650),
(2,6,'2024-02-15 18:13:01',1.49,18651),
(2,6,'2024-03-01 18:13:01',1.80,18652),
(2,6,'2024-03-08 18:13:01',1.25,18653),
(2,6,'2024-03-29 18:13:01',1.80,18654),
(2,6,'2024-04-05 18:13:01',1.38,18655),
(2,6,'2024-06-07 18:13:01',1.80,18656),
(2,6,'2024-06-14 18:13:01',1.52,18657),
(2,6,'2024-07-05 18:13:01',1.80,18658),
(2,6,'2024-07-12 18:13:01',1.50,18659),
(2,6,'2024-09-06 18:13:01',1.80,18660),
(2,6,'2024-09-13 18:13:01',1.55,18661),
(2,6,'2024-10-04 18:13:01',1.86,18662),
(2,6,'2024-10-11 18:13:01',1.42,18663),
(2,6,'2024-11-22 18:13:01',1.86,18664),
(2,7,'2023-01-13 18:13:12',2.51,18665),
(2,7,'2023-01-20 18:13:12',1.30,18666),
(2,7,'2023-04-20 18:13:12',2.51,18667),
(2,7,'2023-04-27 18:13:12',1.67,18668),
(2,7,'2023-05-11 18:13:12',2.51,18669),
(2,7,'2023-06-01 18:13:12',2.44,18670),
(2,7,'2023-06-29 18:13:12',2.47,18671),
(2,7,'2023-08-03 18:13:12',2.52,18672),
(2,7,'2023-08-17 18:13:12',2.55,18673),
(2,7,'2023-08-24 18:13:12',1.75,18674),
(2,7,'2023-09-07 18:13:12',2.55,18675),
(2,7,'2023-10-19 18:13:12',2.59,18676),
(2,7,'2023-10-26 18:13:12',1.45,18677),
(2,7,'2023-11-02 18:13:12',2.65,18678),
(2,7,'2023-11-16 18:13:12',2.66,18679),
(2,7,'2023-12-07 18:13:12',2.70,18680),
(2,7,'2024-03-15 18:13:12',2.66,18681),
(2,7,'2024-04-26 18:13:12',2.67,18682),
(2,7,'2024-05-03 18:13:12',2.72,18683),
(2,7,'2024-05-10 18:13:12',1.57,18684),
(2,7,'2024-05-31 18:13:12',2.68,18685),
(2,7,'2024-06-07 18:13:12',2.62,18686),
(2,7,'2024-07-26 18:13:12',2.64,18687),
(2,7,'2024-08-02 18:13:12',1.78,18688),
(2,7,'2024-08-09 18:13:12',2.64,18689),
(2,7,'2024-08-23 18:13:12',2.65,18690),
(2,7,'2024-08-30 18:13:12',1.55,18691),
(2,7,'2024-10-11 18:13:12',2.66,18692),
(2,7,'2024-10-18 18:13:12',1.48,18693),
(2,7,'2024-11-08 18:13:12',2.66,18694),
(2,7,'2024-11-15 18:13:12',1.98,18695),
(2,7,'2024-11-22 18:13:12',1.63,18696),
(2,8,'2022-10-14 18:13:19',3.21,18697),
(2,8,'2022-10-21 18:13:19',2.66,18698),
(2,8,'2022-10-28 18:13:19',3.21,18699),
(2,8,'2022-11-11 18:13:19',3.29,18700),
(2,8,'2023-01-06 18:13:19',3.42,18701),
(2,8,'2023-01-13 18:13:19',2.97,18702),
(2,8,'2023-03-16 18:13:19',3.42,18703),
(2,8,'2023-04-13 18:13:19',3.55,18704),
(2,8,'2023-04-20 18:13:19',2.99,18705),
(2,8,'2023-04-27 18:13:19',3.55,18706),
(2,8,'2023-05-04 18:13:19',3.59,18707),
(2,8,'2023-05-11 18:13:19',3.53,18708),
(2,8,'2023-05-18 18:13:19',2.99,18709),
(2,8,'2023-07-13 18:13:19',3.53,18710),
(2,8,'2023-07-20 18:13:19',2.73,18711),
(2,8,'2023-08-03 18:13:19',3.53,18712),
(2,8,'2023-09-28 18:13:19',3.43,18713),
(2,8,'2023-10-05 18:13:19',2.77,18714),
(2,8,'2023-10-19 18:13:19',3.43,18715),
(2,8,'2023-10-26 18:13:19',2.87,18716),
(2,8,'2023-11-02 18:13:19',3.43,18717),
(2,8,'2024-01-18 18:13:19',3.46,18718),
(2,8,'2024-02-15 18:13:19',3.61,18719),
(2,8,'2024-02-22 18:13:19',3.68,18720),
(2,8,'2024-03-01 18:13:19',2.88,18721),
(2,8,'2024-04-05 18:13:19',3.68,18722),
(2,8,'2024-05-17 18:13:19',3.62,18723),
(2,8,'2024-05-31 18:13:19',3.50,18724),
(2,8,'2024-07-26 18:13:19',3.48,18725),
(2,8,'2024-08-02 18:13:19',2.97,18726),
(2,8,'2024-08-09 18:13:19',2.99,18727),
(2,8,'2024-08-16 18:13:19',3.48,18728),
(2,8,'2024-08-23 18:13:19',2.76,18729),
(2,9,'2023-04-20 18:13:26',2.49,18730),
(2,9,'2023-04-27 18:13:26',1.76,18731),
(2,9,'2023-05-04 18:13:26',1.97,18732),
(2,9,'2023-09-07 18:13:26',2.49,18733),
(2,9,'2023-09-14 18:13:26',2.53,18734),
(2,9,'2023-09-21 18:13:26',1.70,18735),
(2,9,'2023-11-09 18:13:26',2.53,18736),
(2,9,'2023-11-16 18:13:26',2.16,18737),
(2,9,'2023-11-30 18:13:26',2.53,18738),
(2,9,'2023-12-14 18:13:26',2.69,18739),
(2,9,'2024-01-25 18:13:26',2.71,18740),
(2,9,'2024-03-22 18:13:26',2.74,18741),
(2,9,'2024-04-05 18:13:26',2.66,18742),
(2,9,'2024-05-03 18:13:26',2.73,18743),
(2,9,'2024-05-10 18:13:26',2.38,18744),
(2,9,'2024-05-17 18:13:26',2.73,18745),
(2,9,'2024-05-24 18:13:26',2.81,18746),
(2,9,'2024-08-23 18:13:26',2.77,18747),
(2,9,'2024-09-20 18:13:26',2.78,18748),
(2,9,'2024-11-22 18:13:26',2.69,18749),
(2,9,'2024-11-29 18:13:26',2.13,18750),
(2,10,'2022-10-21 18:13:35',14.00,18751),
(2,10,'2022-11-11 18:13:35',14.16,18752),
(2,10,'2022-12-16 18:13:35',14.11,18753),
(2,10,'2023-01-27 18:13:35',14.00,18754),
(2,10,'2023-02-03 18:13:35',9.42,18755),
(2,10,'2023-03-23 18:13:35',14.00,18756),
(2,10,'2023-03-30 18:13:35',12.55,18757),
(2,10,'2023-06-01 18:13:35',14.00,18758),
(2,10,'2023-06-22 18:13:35',14.19,18759),
(2,10,'2023-06-29 18:13:35',7.58,18760),
(2,10,'2023-07-20 18:13:35',14.26,18761),
(2,10,'2023-08-24 18:13:35',14.11,18762),
(2,10,'2023-09-28 18:13:35',14.12,18763),
(2,10,'2023-10-05 18:13:35',14.00,18764),
(2,10,'2023-10-12 18:13:35',10.68,18765),
(2,10,'2023-10-19 18:13:35',14.00,18766),
(2,10,'2023-10-26 18:13:35',7.15,18767),
(2,10,'2023-11-09 18:13:35',14.00,18768),
(2,10,'2023-11-16 18:13:35',5.54,18769),
(2,10,'2024-03-22 18:13:35',14.00,18770),
(2,10,'2024-05-03 18:13:35',14.04,18771),
(2,10,'2024-05-10 18:13:35',8.09,18772),
(2,10,'2024-05-31 18:13:35',14.04,18773),
(2,10,'2024-06-28 18:13:35',14.00,18774),
(2,10,'2024-07-05 18:13:35',5.36,18775),
(2,10,'2024-08-30 18:13:35',14.15,18776),
(2,10,'2024-09-06 18:13:35',7.58,18777),
(2,10,'2024-09-13 18:13:35',14.08,18778),
(2,10,'2024-09-20 18:13:35',7.57,18779),
(2,10,'2024-10-04 18:13:35',14.00,18780),
(2,10,'2024-10-25 18:13:35',14.19,18781),
(2,10,'2024-11-01 18:13:35',14.33,18782),
(2,10,'2024-11-08 18:13:35',12.58,18783),
(2,10,'2024-12-06 18:13:35',14.33,18784),
(2,11,'2022-10-28 18:13:42',4.57,18785),
(2,11,'2022-11-11 18:13:42',4.53,18786),
(2,11,'2022-12-23 18:13:42',4.47,18787),
(2,11,'2023-01-06 18:13:42',4.56,18788),
(2,11,'2023-01-13 18:13:42',3.39,18789),
(2,11,'2023-01-20 18:13:42',4.56,18790),
(2,11,'2023-01-27 18:13:42',4.61,18791),
(2,11,'2023-03-30 18:13:42',4.68,18792),
(2,11,'2023-07-06 18:13:42',4.85,18793),
(2,11,'2023-07-13 18:13:42',3.20,18794),
(2,11,'2023-08-03 18:13:42',4.85,18795),
(2,11,'2023-08-10 18:13:42',3.39,18796),
(2,11,'2023-11-30 18:13:42',4.85,18797),
(2,11,'2023-12-07 18:13:42',3.39,18798),
(2,11,'2023-12-28 18:13:42',4.73,18799),
(2,11,'2024-01-11 18:13:42',4.66,18800),
(2,11,'2024-01-18 18:13:42',4.54,18801),
(2,11,'2024-01-25 18:13:42',4.49,18802),
(2,11,'2024-03-29 18:13:42',4.56,18803),
(2,11,'2024-04-05 18:13:42',3.39,18804),
(2,11,'2024-04-12 18:13:42',4.56,18805),
(2,11,'2024-04-19 18:13:42',4.60,18806),
(2,11,'2024-04-26 18:13:42',3.06,18807),
(2,11,'2024-05-10 18:13:42',4.65,18808),
(2,11,'2024-08-02 18:13:42',4.78,18809),
(2,11,'2024-09-20 18:13:42',4.97,18810),
(2,11,'2024-10-11 18:13:42',5.05,18811),
(2,11,'2024-10-18 18:13:42',3.39,18812),
(2,11,'2024-11-01 18:13:42',5.05,18813),
(2,11,'2024-11-08 18:13:42',3.39,18814),
(2,11,'2024-12-13 18:13:42',5.05,18815),
(2,11,'2024-12-20 18:13:42',3.39,18816),
(2,12,'2022-10-14 18:13:52',8.53,18817),
(2,12,'2022-10-21 18:13:52',8.80,18818),
(2,12,'2023-02-03 18:13:52',8.94,18819),
(2,12,'2023-02-10 18:13:52',6.87,18820),
(2,12,'2023-03-02 18:13:52',8.94,18821),
(2,12,'2023-03-09 18:13:52',6.74,18822),
(2,12,'2023-04-27 18:13:52',9.09,18823),
(2,12,'2023-05-04 18:13:52',6.89,18824),
(2,12,'2023-07-27 18:13:52',9.09,18825),
(2,12,'2023-09-14 18:13:52',9.02,18826),
(2,12,'2023-10-12 18:13:52',9.00,18827),
(2,12,'2023-10-19 18:13:52',7.48,18828),
(2,12,'2023-11-02 18:13:52',9.00,18829),
(2,12,'2023-11-23 18:13:52',9.07,18830),
(2,12,'2023-11-30 18:13:52',7.42,18831),
(2,12,'2023-12-07 18:13:52',9.07,18832),
(2,12,'2023-12-14 18:13:52',7.50,18833),
(2,12,'2024-02-08 18:13:52',9.07,18834),
(2,12,'2024-02-15 18:13:52',7.50,18835),
(2,12,'2024-04-12 18:13:52',9.07,18836),
(2,12,'2024-04-19 18:13:52',7.03,18837),
(2,12,'2024-07-19 18:13:52',9.01,18838),
(2,12,'2024-07-26 18:13:52',7.33,18839),
(2,12,'2024-08-23 18:13:52',9.01,18840),
(2,12,'2024-09-20 18:13:52',8.99,18841),
(2,12,'2024-09-27 18:13:52',9.02,18842),
(2,12,'2024-10-04 18:13:52',7.50,18843),
(2,12,'2024-10-11 18:13:52',9.02,18844),
(2,12,'2024-11-01 18:13:52',9.26,18845),
(2,12,'2024-11-08 18:13:52',7.50,18846),
(2,12,'2024-12-06 18:13:52',9.14,18847),
(2,12,'2024-12-13 18:13:52',7.50,18848),
(2,12,'2024-12-20 18:13:52',9.14,18849),
(2,13,'2022-10-28 18:14:01',3.60,18850),
(2,13,'2022-11-04 18:14:01',2.67,18851),
(2,13,'2022-12-02 18:14:01',3.60,18852),
(2,13,'2023-02-17 18:14:01',3.55,18853),
(2,13,'2023-02-24 18:14:01',3.71,18854),
(2,13,'2023-03-02 18:14:01',3.74,18855),
(2,13,'2023-03-09 18:14:01',3.83,18856),
(2,13,'2023-04-20 18:14:01',3.97,18857),
(2,13,'2023-06-15 18:14:01',4.05,18858),
(2,13,'2023-06-22 18:14:01',3.06,18859),
(2,13,'2023-07-20 18:14:01',4.05,18860),
(2,13,'2023-09-21 18:14:01',4.17,18861),
(2,13,'2023-09-28 18:14:01',3.40,18862),
(2,13,'2023-11-16 18:14:01',4.17,18863),
(2,13,'2023-11-30 18:14:01',4.09,18864),
(2,13,'2023-12-28 18:14:01',4.15,18865),
(2,13,'2024-01-04 18:14:01',4.13,18866),
(2,13,'2024-03-29 18:14:01',4.23,18867),
(2,13,'2024-06-21 18:14:01',4.24,18868),
(2,13,'2024-07-12 18:14:01',4.19,18869),
(2,13,'2024-07-19 18:14:01',3.16,18870),
(2,13,'2024-08-16 18:14:01',4.19,18871),
(2,13,'2024-08-30 18:14:01',4.25,18872),
(2,13,'2024-09-06 18:14:01',4.31,18873),
(2,13,'2024-09-13 18:14:01',3.39,18874),
(2,13,'2024-11-15 18:14:01',4.31,18875),
(2,13,'2024-12-13 18:14:01',4.18,18876),
(2,14,'2022-10-14 18:14:09',1.69,18877),
(2,14,'2022-10-21 18:14:09',1.70,18878),
(2,14,'2022-11-04 18:14:09',1.68,18879),
(2,14,'2022-11-11 18:14:09',1.40,18880),
(2,14,'2023-01-06 18:14:09',1.76,18881),
(2,14,'2023-01-13 18:14:09',1.79,18882),
(2,14,'2023-01-27 18:14:09',1.82,18883),
(2,14,'2023-02-03 18:14:09',1.77,18884),
(2,14,'2023-02-10 18:14:09',1.40,18885),
(2,14,'2023-02-24 18:14:09',1.77,18886),
(2,14,'2023-03-02 18:14:09',1.72,18887),
(2,14,'2023-03-16 18:14:09',1.75,18888),
(2,14,'2023-08-03 18:14:09',1.70,18889),
(2,14,'2023-08-17 18:14:09',1.65,18890),
(2,14,'2023-10-05 18:14:09',1.73,18891),
(2,14,'2023-10-12 18:14:09',1.40,18892),
(2,14,'2023-10-19 18:14:09',1.33,18893),
(2,14,'2023-11-30 18:14:09',1.73,18894),
(2,14,'2023-12-07 18:14:09',1.70,18895),
(2,14,'2024-02-01 18:14:09',1.72,18896),
(2,14,'2024-03-01 18:14:09',1.77,18897),
(2,14,'2024-03-08 18:14:09',1.81,18898),
(2,14,'2024-03-15 18:14:09',1.40,18899),
(2,14,'2024-04-05 18:14:09',1.81,18900),
(2,14,'2024-04-12 18:14:09',1.74,18901),
(2,14,'2024-05-31 18:14:09',1.69,18902),
(2,14,'2024-08-30 18:14:09',1.63,18903),
(2,14,'2024-09-06 18:14:09',1.34,18904),
(2,14,'2024-09-13 18:14:09',1.63,18905),
(2,14,'2024-09-20 18:14:09',1.33,18906),
(2,14,'2024-11-08 18:14:09',1.63,18907),
(2,15,'2022-12-23 18:14:17',6.99,18908),
(2,15,'2023-01-06 18:14:17',7.02,18909),
(2,15,'2023-01-13 18:14:17',7.16,18910),
(2,15,'2023-02-17 18:14:17',6.99,18911),
(2,15,'2023-02-24 18:14:17',5.73,18912),
(2,15,'2023-03-02 18:14:17',6.99,18913),
(2,15,'2023-03-09 18:14:17',6.24,18914),
(2,15,'2023-04-20 18:14:17',6.99,18915),
(2,15,'2023-05-04 18:14:17',7.05,18916),
(2,15,'2023-05-11 18:14:17',7.04,18917),
(2,15,'2023-06-08 18:14:17',6.99,18918),
(2,15,'2023-06-22 18:14:17',7.26,18919),
(2,15,'2023-06-29 18:14:17',6.35,18920),
(2,15,'2023-07-27 18:14:17',7.26,18921),
(2,15,'2023-08-03 18:14:17',6.48,18922),
(2,15,'2023-09-14 18:14:17',7.26,18923),
(2,15,'2023-09-21 18:14:17',6.23,18924),
(2,15,'2023-10-19 18:14:17',7.39,18925),
(2,15,'2023-10-26 18:14:17',5.83,18926),
(2,15,'2023-11-09 18:14:17',7.39,18927),
(2,15,'2023-12-07 18:14:17',7.54,18928),
(2,15,'2024-01-04 18:14:17',7.43,18929),
(2,15,'2024-01-18 18:14:17',7.50,18930),
(2,15,'2024-01-25 18:14:17',6.02,18931),
(2,15,'2024-02-01 18:14:17',7.50,18932),
(2,15,'2024-07-12 18:14:17',7.74,18933),
(2,15,'2024-07-19 18:14:17',6.93,18934),
(2,15,'2024-12-06 18:14:17',7.74,18935),
(2,15,'2024-12-20 18:14:17',7.81,18936),
(2,16,'2022-11-25 18:14:26',1.99,18937),
(2,16,'2022-12-02 18:14:26',1.78,18938),
(2,16,'2023-03-30 18:14:26',1.99,18939),
(2,16,'2023-04-06 18:14:26',1.76,18940),
(2,16,'2023-04-20 18:14:26',1.99,18941),
(2,16,'2023-05-11 18:14:26',2.00,18942),
(2,16,'2023-05-18 18:14:26',1.83,18943),
(2,16,'2023-05-25 18:14:26',2.00,18944),
(2,16,'2023-06-01 18:14:26',1.82,18945),
(2,16,'2023-06-08 18:14:26',2.01,18946),
(2,16,'2023-07-13 18:14:26',1.99,18947),
(2,16,'2023-07-20 18:14:26',1.83,18948),
(2,16,'2023-11-16 18:14:26',1.99,18949),
(2,16,'2023-11-23 18:14:26',1.84,18950),
(2,16,'2024-01-11 18:14:26',1.99,18951),
(2,16,'2024-01-18 18:14:26',1.71,18952),
(2,16,'2024-03-08 18:14:26',1.99,18953),
(2,16,'2024-03-15 18:14:26',1.81,18954),
(2,16,'2024-03-29 18:14:26',1.99,18955),
(2,16,'2024-04-26 18:14:26',2.00,18956),
(2,16,'2024-05-17 18:14:26',1.99,18957),
(2,16,'2024-05-24 18:14:26',1.80,18958),
(2,16,'2024-05-31 18:14:26',1.99,18959),
(2,16,'2024-06-14 18:14:26',2.05,18960),
(2,16,'2024-11-15 18:14:26',1.99,18961),
(2,16,'2024-12-06 18:14:26',2.00,18962),
(2,16,'2024-12-13 18:14:26',1.91,18963),
(2,17,'2022-10-28 18:14:36',1.86,18964),
(2,17,'2022-11-04 18:14:36',1.87,18965),
(2,17,'2022-12-02 18:14:36',1.88,18966),
(2,17,'2023-01-13 18:14:36',1.91,18967),
(2,17,'2023-01-20 18:14:36',1.50,18968),
(2,17,'2023-02-03 18:14:36',1.91,18969),
(2,17,'2023-03-23 18:14:36',1.89,18970),
(2,17,'2023-04-13 18:14:36',1.86,18971),
(2,17,'2023-05-18 18:14:36',1.84,18972),
(2,17,'2023-05-25 18:14:36',1.59,18973),
(2,17,'2023-08-17 18:14:36',1.84,18974),
(2,17,'2023-08-24 18:14:36',1.43,18975),
(2,17,'2023-08-31 18:14:36',1.84,18976),
(2,17,'2023-09-07 18:14:36',1.80,18977),
(2,17,'2023-09-28 18:14:36',1.76,18978),
(2,17,'2023-11-09 18:14:36',1.79,18979),
(2,17,'2023-12-14 18:14:36',1.84,18980),
(2,17,'2024-01-18 18:14:36',1.80,18981),
(2,17,'2024-01-25 18:14:36',1.59,18982),
(2,17,'2024-02-01 18:14:36',1.77,18983),
(2,17,'2024-03-08 18:14:36',1.83,18984),
(2,17,'2024-03-15 18:14:36',1.55,18985),
(2,17,'2024-04-19 18:14:36',1.83,18986),
(2,17,'2024-04-26 18:14:36',1.58,18987),
(2,17,'2024-05-17 18:14:36',1.83,18988),
(2,17,'2024-05-24 18:14:36',1.59,18989),
(2,17,'2024-07-05 18:14:36',1.79,18990),
(2,17,'2024-09-20 18:14:36',1.88,18991),
(2,17,'2024-10-11 18:14:36',1.95,18992),
(2,17,'2024-10-18 18:14:36',1.59,18993),
(2,17,'2024-11-08 18:14:36',1.95,18994),
(2,17,'2024-12-27 18:14:36',2.00,18995),
(2,18,'2022-10-28 18:14:53',4.99,18996),
(2,18,'2022-11-04 18:14:53',3.77,18997),
(2,18,'2022-11-11 18:14:53',4.99,18998),
(2,18,'2022-12-16 18:14:53',5.01,18999),
(2,18,'2022-12-23 18:14:53',3.88,19000),
(2,18,'2023-01-20 18:14:53',5.01,19001),
(2,18,'2023-01-27 18:14:53',4.26,19002),
(2,18,'2023-02-10 18:14:53',5.01,19003),
(2,18,'2023-02-17 18:14:53',4.42,19004),
(2,18,'2023-05-04 18:14:53',5.01,19005),
(2,18,'2023-05-11 18:14:53',5.03,19006),
(2,18,'2023-05-18 18:14:53',4.47,19007),
(2,18,'2023-05-25 18:14:53',5.03,19008),
(2,18,'2023-08-24 18:14:53',5.20,19009),
(2,18,'2023-08-31 18:14:53',4.39,19010),
(2,18,'2023-09-21 18:14:53',5.20,19011),
(2,18,'2023-09-28 18:14:53',4.08,19012),
(2,18,'2023-12-21 18:14:53',5.20,19013),
(2,18,'2023-12-28 18:14:53',3.84,19014),
(2,18,'2024-01-04 18:14:53',3.76,19015),
(2,18,'2024-01-11 18:14:53',4.01,19016),
(2,18,'2024-01-25 18:14:53',5.20,19017),
(2,18,'2024-03-22 18:14:53',5.22,19018),
(2,18,'2024-03-29 18:14:53',3.97,19019),
(2,18,'2024-04-12 18:14:53',5.22,19020),
(2,18,'2024-04-19 18:14:53',3.84,19021),
(2,18,'2024-04-26 18:14:53',4.49,19022),
(2,18,'2024-05-17 18:14:53',5.22,19023),
(2,18,'2024-05-24 18:14:53',4.34,19024),
(2,18,'2024-05-31 18:14:53',3.86,19025),
(2,18,'2024-07-19 18:14:53',5.22,19026),
(2,18,'2024-07-26 18:14:53',3.85,19027),
(2,18,'2024-09-13 18:14:53',5.22,19028),
(2,18,'2024-09-20 18:14:53',4.18,19029),
(2,18,'2024-09-27 18:14:53',3.95,19030),
(2,19,'2022-12-16 18:15:00',4.99,19031),
(2,19,'2022-12-23 18:15:00',4.47,19032),
(2,19,'2023-01-06 18:15:00',4.99,19033),
(2,19,'2023-01-13 18:15:00',3.57,19034),
(2,19,'2023-02-10 18:15:00',4.99,19035),
(2,19,'2023-02-17 18:15:00',3.84,19036),
(2,19,'2023-05-11 18:15:00',4.99,19037),
(2,19,'2023-06-08 18:15:00',5.03,19038),
(2,19,'2023-06-22 18:15:00',4.99,19039),
(2,19,'2023-07-27 18:15:00',5.04,19040),
(2,19,'2023-11-23 18:15:00',5.14,19041),
(2,19,'2023-11-30 18:15:00',5.16,19042),
(2,19,'2023-12-07 18:15:00',4.31,19043),
(2,19,'2024-01-04 18:15:00',5.16,19044),
(2,19,'2024-01-11 18:15:00',5.04,19045),
(2,19,'2024-01-18 18:15:00',3.96,19046),
(2,19,'2024-02-15 18:15:00',5.04,19047),
(2,19,'2024-02-22 18:15:00',4.17,19048),
(2,19,'2024-03-01 18:15:00',4.25,19049),
(2,19,'2024-03-15 18:15:00',5.07,19050),
(2,19,'2024-03-22 18:15:00',5.00,19051),
(2,19,'2024-03-29 18:15:00',3.55,19052),
(2,19,'2024-04-12 18:15:00',5.00,19053),
(2,19,'2024-06-07 18:15:00',5.10,19054),
(2,19,'2024-07-05 18:15:00',5.02,19055),
(2,19,'2024-07-12 18:15:00',4.05,19056),
(2,19,'2024-07-19 18:15:00',5.02,19057),
(2,19,'2024-09-27 18:15:00',5.10,19058),
(2,19,'2024-12-27 18:15:00',5.16,19059),
(2,20,'2022-11-18 18:15:06',6.10,19060),
(2,20,'2022-11-25 18:15:06',6.18,19061),
(2,20,'2022-12-02 18:15:06',4.94,19062),
(2,20,'2022-12-23 18:15:06',6.18,19063),
(2,20,'2022-12-30 18:15:06',5.45,19064),
(2,20,'2023-02-10 18:15:06',6.18,19065),
(2,20,'2023-03-09 18:15:06',6.11,19066),
(2,20,'2023-04-06 18:15:06',6.16,19067),
(2,20,'2023-05-11 18:15:06',6.29,19068),
(2,20,'2023-06-08 18:15:06',6.37,19069),
(2,20,'2023-07-13 18:15:06',6.43,19070),
(2,20,'2023-07-20 18:15:06',5.04,19071),
(2,20,'2023-08-24 18:15:06',6.43,19072),
(2,20,'2023-08-31 18:15:06',6.53,19073),
(2,20,'2023-09-07 18:15:06',5.60,19074),
(2,20,'2023-09-21 18:15:06',6.55,19075),
(2,20,'2023-12-14 18:15:06',6.46,19076),
(2,20,'2023-12-21 18:15:06',5.51,19077),
(2,20,'2024-04-05 18:15:06',6.46,19078),
(2,20,'2024-04-12 18:15:06',5.73,19079),
(2,20,'2024-04-19 18:15:06',6.46,19080),
(2,20,'2024-04-26 18:15:06',5.57,19081),
(2,20,'2024-06-21 18:15:06',6.46,19082),
(2,20,'2024-06-28 18:15:06',5.22,19083),
(2,20,'2024-08-16 18:15:06',6.46,19084),
(2,20,'2024-08-23 18:15:06',5.57,19085),
(2,20,'2024-08-30 18:15:06',5.05,19086),
(2,20,'2024-09-06 18:15:06',6.46,19087),
(2,20,'2024-09-13 18:15:06',5.47,19088),
(2,20,'2024-10-18 18:15:06',6.46,19089),
(2,20,'2024-10-25 18:15:06',6.47,19090),
(2,20,'2024-11-15 18:15:06',6.60,19091),
(2,20,'2024-11-22 18:15:06',5.01,19092),
(2,21,'2022-11-04 18:15:13',6.79,19093),
(2,21,'2022-12-16 18:15:13',6.81,19094),
(2,21,'2023-01-06 18:15:13',6.79,19095),
(2,21,'2023-02-17 18:15:13',6.82,19096),
(2,21,'2023-03-16 18:15:13',6.79,19097),
(2,21,'2023-04-13 18:15:13',6.86,19098),
(2,21,'2023-04-20 18:15:13',5.30,19099),
(2,21,'2023-05-18 18:15:13',6.91,19100),
(2,21,'2023-06-29 18:15:13',6.84,19101),
(2,21,'2023-07-13 18:15:13',6.82,19102),
(2,21,'2023-08-24 18:15:13',6.85,19103),
(2,21,'2023-08-31 18:15:13',5.21,19104),
(2,21,'2023-09-28 18:15:13',6.85,19105),
(2,21,'2023-11-23 18:15:13',6.79,19106),
(2,21,'2023-11-30 18:15:13',5.48,19107),
(2,21,'2024-03-29 18:15:13',6.79,19108),
(2,21,'2024-04-05 18:15:13',5.16,19109),
(2,21,'2024-04-26 18:15:13',6.79,19110),
(2,21,'2024-05-03 18:15:13',4.90,19111),
(2,21,'2024-05-31 18:15:13',6.79,19112),
(2,21,'2024-06-14 18:15:13',6.88,19113),
(2,21,'2024-06-21 18:15:13',5.93,19114),
(2,21,'2024-08-09 18:15:13',6.88,19115),
(2,21,'2024-08-16 18:15:13',4.82,19116),
(2,21,'2024-08-23 18:15:13',5.75,19117),
(2,21,'2024-09-06 18:15:13',6.88,19118),
(2,21,'2024-09-13 18:15:13',6.10,19119),
(2,21,'2024-10-11 18:15:13',6.88,19120),
(2,21,'2024-11-15 18:15:13',6.98,19121),
(2,21,'2024-11-22 18:15:13',6.91,19122),
(2,21,'2024-12-13 18:15:13',6.85,19123),
(2,22,'2022-10-21 18:15:24',2.88,19124),
(2,22,'2022-10-28 18:15:24',2.96,19125),
(2,22,'2022-11-11 18:15:24',2.90,19126),
(2,22,'2022-11-18 18:15:24',2.83,19127),
(2,22,'2022-12-02 18:15:24',2.81,19128),
(2,22,'2023-01-27 18:15:24',2.91,19129),
(2,22,'2023-03-02 18:15:24',3.00,19130),
(2,22,'2023-03-09 18:15:24',3.01,19131),
(2,22,'2023-03-23 18:15:24',2.93,19132),
(2,22,'2023-04-06 18:15:24',3.02,19133),
(2,22,'2023-04-20 18:15:24',3.03,19134),
(2,22,'2023-05-11 18:15:24',3.00,19135),
(2,22,'2023-05-25 18:15:24',3.09,19136),
(2,22,'2023-06-08 18:15:24',3.14,19137),
(2,22,'2023-07-06 18:15:24',3.19,19138),
(2,22,'2023-07-13 18:15:24',3.25,19139),
(2,22,'2023-08-03 18:15:24',3.20,19140),
(2,22,'2023-08-17 18:15:24',3.30,19141),
(2,22,'2023-09-21 18:15:24',3.43,19142),
(2,22,'2023-09-28 18:15:24',3.38,19143),
(2,22,'2023-10-05 18:15:24',3.31,19144),
(2,22,'2023-10-26 18:15:24',3.34,19145),
(2,22,'2023-11-09 18:15:24',3.44,19146),
(2,22,'2023-12-21 18:15:24',3.37,19147),
(2,22,'2023-12-28 18:15:24',3.41,19148),
(2,22,'2024-01-04 18:15:24',3.40,19149),
(2,22,'2024-02-15 18:15:24',3.49,19150),
(2,22,'2024-03-01 18:15:24',3.43,19151),
(2,22,'2024-03-22 18:15:24',3.37,19152),
(2,22,'2024-03-29 18:15:24',3.42,19153),
(2,22,'2024-04-05 18:15:24',3.47,19154),
(2,22,'2024-05-24 18:15:24',3.44,19155),
(2,22,'2024-06-28 18:15:24',3.51,19156),
(2,22,'2024-07-26 18:15:24',3.47,19157),
(2,22,'2024-08-09 18:15:24',3.49,19158),
(2,22,'2024-08-16 18:15:24',3.43,19159),
(2,22,'2024-09-06 18:15:24',3.52,19160),
(2,22,'2024-09-13 18:15:24',3.59,19161),
(2,22,'2024-09-20 18:15:24',3.64,19162),
(2,22,'2024-11-08 18:15:24',3.72,19163),
(2,22,'2024-12-06 18:15:24',3.68,19164),
(2,23,'2022-10-07 18:15:52',2.33,19165),
(2,23,'2022-11-04 18:15:52',2.31,19166),
(2,23,'2022-11-11 18:15:52',2.05,19167),
(2,23,'2022-12-02 18:15:52',2.31,19168),
(2,23,'2023-01-27 18:15:52',2.38,19169),
(2,23,'2023-03-02 18:15:52',2.29,19170),
(2,23,'2023-03-09 18:15:52',1.85,19171),
(2,23,'2023-04-20 18:15:52',2.29,19172),
(2,23,'2023-04-27 18:15:52',1.90,19173),
(2,23,'2023-05-25 18:15:52',2.31,19174),
(2,23,'2023-06-29 18:15:52',2.34,19175),
(2,23,'2023-07-13 18:15:52',2.40,19176),
(2,23,'2023-08-31 18:15:52',2.33,19177),
(2,23,'2023-09-07 18:15:52',2.29,19178),
(2,23,'2023-09-28 18:15:52',2.36,19179),
(2,23,'2023-10-05 18:15:52',1.93,19180),
(2,23,'2023-11-30 18:15:52',2.36,19181),
(2,23,'2024-03-29 18:15:52',2.31,19182),
(2,23,'2024-04-05 18:15:52',1.88,19183),
(2,23,'2024-06-28 18:15:52',2.31,19184),
(2,23,'2024-07-12 18:15:52',2.43,19185),
(2,23,'2024-07-19 18:15:52',1.96,19186),
(2,23,'2024-08-02 18:15:52',2.40,19187),
(2,23,'2024-08-23 18:15:52',2.42,19188),
(2,23,'2024-08-30 18:15:52',2.00,19189),
(2,23,'2024-09-06 18:15:52',2.41,19190),
(2,23,'2024-09-13 18:15:52',1.94,19191),
(2,23,'2024-10-04 18:15:52',2.41,19192),
(2,23,'2024-10-25 18:15:52',2.37,19193),
(2,23,'2024-11-01 18:15:52',2.13,19194),
(2,23,'2024-11-08 18:15:52',2.12,19195),
(2,24,'2022-10-28 18:17:06',3.45,19196),
(2,24,'2023-01-06 18:17:06',3.52,19197),
(2,24,'2023-02-03 18:17:06',3.64,19198),
(2,24,'2023-02-10 18:17:06',3.69,19199),
(2,24,'2023-03-09 18:17:06',3.71,19200),
(2,24,'2023-04-06 18:17:06',3.84,19201),
(2,24,'2023-05-18 18:17:06',3.76,19202),
(2,24,'2023-06-15 18:17:06',3.71,19203),
(2,24,'2023-06-22 18:17:06',3.74,19204),
(2,24,'2023-06-29 18:17:06',3.81,19205),
(2,24,'2023-07-13 18:17:06',3.67,19206),
(2,24,'2023-07-20 18:17:06',3.64,19207),
(2,24,'2023-07-27 18:17:06',3.67,19208),
(2,24,'2023-10-19 18:17:06',3.61,19209),
(2,24,'2023-11-16 18:17:06',3.66,19210),
(2,24,'2024-05-24 18:17:06',3.58,19211),
(2,24,'2024-08-30 18:17:06',3.52,19212),
(2,24,'2024-09-20 18:17:06',3.58,19213),
(2,24,'2024-11-08 18:17:06',3.65,19214),
(2,24,'2024-11-15 18:17:06',3.60,19215),
(2,24,'2024-11-29 18:17:06',3.49,19216),
(2,24,'2024-12-27 18:17:06',3.45,19217),
(2,25,'2022-11-04 18:17:24',5.36,19218),
(2,25,'2022-12-30 18:17:24',5.43,19219),
(2,25,'2023-01-20 18:17:24',4.69,19220),
(2,25,'2023-01-27 18:17:24',5.43,19221),
(2,25,'2023-02-03 18:17:24',5.42,19222),
(2,25,'2023-02-10 18:17:24',4.69,19223),
(2,25,'2023-03-23 18:17:24',5.42,19224),
(2,25,'2023-04-27 18:17:24',5.52,19225),
(2,25,'2023-05-04 18:17:24',5.50,19226),
(2,25,'2023-05-11 18:17:24',5.41,19227),
(2,25,'2023-05-18 18:17:24',4.47,19228),
(2,25,'2023-06-08 18:17:24',5.41,19229),
(2,25,'2023-06-15 18:17:24',4.44,19230),
(2,25,'2023-07-06 18:17:24',5.41,19231),
(2,25,'2023-07-20 18:17:24',5.43,19232),
(2,25,'2023-09-07 18:17:24',5.24,19233),
(2,25,'2023-09-14 18:17:24',4.56,19234),
(2,25,'2023-10-26 18:17:24',5.24,19235),
(2,25,'2023-11-09 18:17:24',5.32,19236),
(2,25,'2024-03-08 18:17:24',5.30,19237),
(2,25,'2024-04-12 18:17:24',5.36,19238),
(2,25,'2024-04-19 18:17:24',4.49,19239),
(2,25,'2024-04-26 18:17:24',5.30,19240),
(2,25,'2024-06-14 18:17:24',5.25,19241),
(2,25,'2024-06-21 18:17:24',4.28,19242),
(2,25,'2024-07-12 18:17:24',5.33,19243),
(2,25,'2024-07-19 18:17:24',4.69,19244),
(2,25,'2024-07-26 18:17:24',4.65,19245),
(2,25,'2024-08-02 18:17:24',4.48,19246),
(2,25,'2024-08-09 18:17:24',4.28,19247),
(2,25,'2024-10-11 18:17:24',5.33,19248),
(2,25,'2024-11-15 18:17:24',5.36,19249),
(2,25,'2024-11-22 18:17:24',4.63,19250),
(2,25,'2024-11-29 18:17:24',5.36,19251),
(2,25,'2024-12-20 18:17:24',5.48,19252),
(2,25,'2024-12-27 18:17:24',4.63,19253),
(2,26,'2022-10-14 18:17:40',5.50,19254),
(2,26,'2022-11-18 18:17:40',5.40,19255),
(2,26,'2022-11-25 18:17:40',4.68,19256),
(2,26,'2022-12-16 18:17:40',5.40,19257),
(2,26,'2022-12-23 18:17:40',4.28,19258),
(2,26,'2023-01-20 18:17:40',5.40,19259),
(2,26,'2023-01-27 18:17:40',4.74,19260),
(2,26,'2023-02-03 18:17:40',4.50,19261),
(2,26,'2023-03-30 18:17:40',5.40,19262),
(2,26,'2023-04-06 18:17:40',4.56,19263),
(2,26,'2023-05-11 18:17:40',5.40,19264),
(2,26,'2023-05-18 18:17:40',5.44,19265),
(2,26,'2023-06-01 18:17:40',5.38,19266),
(2,26,'2023-06-08 18:17:40',4.39,19267),
(2,26,'2023-08-03 18:17:40',5.38,19268),
(2,26,'2023-10-12 18:17:40',5.44,19269),
(2,26,'2023-10-19 18:17:40',4.76,19270),
(2,26,'2023-10-26 18:17:40',5.44,19271),
(2,26,'2023-12-07 18:17:40',5.33,19272),
(2,26,'2023-12-28 18:17:40',5.27,19273),
(2,26,'2024-01-04 18:17:40',4.02,19274),
(2,26,'2024-02-15 18:17:40',5.27,19275),
(2,26,'2024-03-08 18:17:40',5.25,19276),
(2,26,'2024-04-19 18:17:40',5.27,19277),
(2,26,'2024-04-26 18:17:40',4.47,19278),
(2,26,'2024-05-17 18:17:40',5.36,19279),
(2,26,'2024-05-24 18:17:40',4.77,19280),
(2,26,'2024-08-23 18:17:40',5.34,19281),
(2,26,'2024-08-30 18:17:40',5.38,19282),
(2,26,'2024-10-11 18:17:40',5.49,19283),
(2,26,'2024-10-18 18:17:40',5.51,19284),
(2,26,'2024-11-01 18:17:40',5.54,19285),
(2,26,'2024-11-08 18:17:40',4.19,19286),
(2,26,'2024-12-13 18:17:40',5.54,19287),
(2,26,'2024-12-20 18:17:40',5.53,19288),
(2,26,'2024-12-27 18:17:40',5.52,19289),
(2,27,'2022-10-07 18:17:49',5.79,19290),
(2,27,'2022-10-28 18:17:49',5.83,19291),
(2,27,'2022-12-09 18:17:49',5.84,19292),
(2,27,'2022-12-23 18:17:49',5.82,19293),
(2,27,'2023-02-24 18:17:49',5.86,19294),
(2,27,'2023-06-08 18:17:49',5.88,19295),
(2,27,'2023-06-15 18:17:49',6.07,19296),
(2,27,'2023-06-22 18:17:49',4.99,19297),
(2,27,'2023-06-29 18:17:49',5.98,19298),
(2,27,'2023-07-13 18:17:49',5.99,19299),
(2,27,'2023-07-27 18:17:49',6.00,19300),
(2,27,'2023-08-10 18:17:49',5.95,19301),
(2,27,'2023-08-17 18:17:49',4.95,19302),
(2,27,'2023-11-16 18:17:49',5.95,19303),
(2,27,'2023-11-23 18:17:49',4.65,19304),
(2,27,'2024-01-11 18:17:49',5.95,19305),
(2,27,'2024-02-22 18:17:49',6.00,19306),
(2,27,'2024-03-29 18:17:49',5.95,19307),
(2,27,'2024-07-12 18:17:49',6.04,19308),
(2,27,'2024-07-19 18:17:49',4.99,19309),
(2,27,'2024-08-02 18:17:49',6.04,19310),
(2,27,'2024-10-04 18:17:49',6.16,19311),
(2,27,'2024-12-20 18:17:49',6.18,19312),
(2,28,'2022-10-07 18:18:00',4.05,19313),
(2,28,'2022-10-14 18:18:00',3.39,19314),
(2,28,'2022-10-21 18:18:00',4.05,19315),
(2,28,'2022-11-11 18:18:00',4.02,19316),
(2,28,'2022-11-25 18:18:00',4.10,19317),
(2,28,'2022-12-16 18:18:00',4.08,19318),
(2,28,'2022-12-23 18:18:00',3.39,19319),
(2,28,'2023-01-20 18:18:00',4.08,19320),
(2,28,'2023-01-27 18:18:00',4.07,19321),
(2,28,'2023-02-03 18:18:00',4.14,19322),
(2,28,'2023-04-06 18:18:00',4.29,19323),
(2,28,'2023-04-27 18:18:00',4.17,19324),
(2,28,'2023-06-08 18:18:00',4.04,19325),
(2,28,'2023-06-15 18:18:00',3.16,19326),
(2,28,'2023-08-03 18:18:00',4.04,19327),
(2,28,'2023-08-10 18:18:00',4.01,19328),
(2,28,'2023-08-17 18:18:00',4.10,19329),
(2,28,'2023-09-07 18:18:00',4.08,19330),
(2,28,'2023-09-14 18:18:00',3.16,19331),
(2,28,'2023-10-05 18:18:00',4.08,19332),
(2,28,'2023-10-12 18:18:00',3.16,19333),
(2,28,'2023-11-09 18:18:00',4.08,19334),
(2,28,'2023-11-16 18:18:00',3.36,19335),
(2,28,'2023-12-07 18:18:00',4.07,19336),
(2,28,'2023-12-14 18:18:00',3.24,19337),
(2,28,'2023-12-21 18:18:00',3.39,19338),
(2,28,'2023-12-28 18:18:00',4.07,19339),
(2,28,'2024-01-04 18:18:00',2.88,19340),
(2,28,'2024-01-18 18:18:00',4.12,19341),
(2,28,'2024-01-25 18:18:00',3.39,19342),
(2,28,'2024-02-22 18:18:00',4.12,19343),
(2,28,'2024-03-08 18:18:00',4.27,19344),
(2,28,'2024-03-15 18:18:00',3.39,19345),
(2,28,'2024-04-26 18:18:00',4.27,19346),
(2,28,'2024-05-03 18:18:00',3.39,19347),
(2,28,'2024-05-10 18:18:00',4.27,19348),
(2,28,'2024-05-17 18:18:00',3.19,19349),
(2,28,'2024-05-31 18:18:00',4.27,19350),
(2,28,'2024-07-12 18:18:00',4.26,19351),
(2,28,'2024-08-09 18:18:00',4.34,19352),
(2,28,'2024-08-16 18:18:00',3.19,19353),
(2,28,'2024-08-23 18:18:00',4.34,19354),
(2,28,'2024-10-11 18:18:00',4.32,19355),
(2,28,'2024-10-18 18:18:00',3.12,19356),
(2,28,'2024-11-01 18:18:00',4.32,19357),
(2,28,'2024-11-29 18:18:00',4.38,19358),
(2,29,'2023-01-20 18:18:17',3.38,19359),
(2,29,'2023-02-10 18:18:17',3.33,19360),
(2,29,'2023-02-24 18:18:17',3.30,19361),
(2,29,'2023-03-02 18:18:17',2.77,19362),
(2,29,'2023-03-16 18:18:17',3.30,19363),
(2,29,'2023-03-23 18:18:17',2.48,19364),
(2,29,'2023-04-13 18:18:17',3.30,19365),
(2,29,'2023-04-27 18:18:17',3.24,19366),
(2,29,'2023-08-31 18:18:17',3.28,19367),
(2,29,'2023-09-21 18:18:17',3.27,19368),
(2,29,'2023-09-28 18:18:17',2.64,19369),
(2,29,'2023-10-05 18:18:17',3.27,19370),
(2,29,'2023-10-12 18:18:17',3.21,19371),
(2,29,'2023-10-19 18:18:17',2.68,19372),
(2,29,'2023-10-26 18:18:17',2.56,19373),
(2,29,'2023-11-09 18:18:17',3.17,19374),
(2,29,'2023-11-23 18:18:17',3.26,19375),
(2,29,'2023-11-30 18:18:17',2.78,19376),
(2,29,'2023-12-14 18:18:17',3.26,19377),
(2,29,'2024-01-04 18:18:17',3.27,19378),
(2,29,'2024-02-08 18:18:17',3.40,19379),
(2,29,'2024-02-15 18:18:17',3.00,19380),
(2,29,'2024-04-19 18:18:17',3.40,19381),
(2,29,'2024-05-03 18:18:17',3.47,19382),
(2,29,'2024-05-10 18:18:17',3.00,19383),
(2,29,'2024-05-17 18:18:17',2.91,19384),
(2,29,'2024-05-24 18:18:17',3.47,19385),
(2,29,'2024-05-31 18:18:17',3.45,19386),
(2,29,'2024-06-07 18:18:17',2.78,19387),
(2,29,'2024-07-12 18:18:17',3.54,19388),
(2,29,'2024-08-09 18:18:17',3.57,19389),
(2,29,'2024-09-27 18:18:17',3.62,19390),
(2,29,'2024-10-04 18:18:17',3.00,19391),
(2,29,'2024-11-29 18:18:17',3.62,19392),
(2,30,'2022-10-14 18:18:39',5.66,19393),
(2,30,'2022-10-21 18:18:39',4.01,19394),
(2,30,'2022-11-18 18:18:39',5.66,19395),
(2,30,'2022-11-25 18:18:39',4.21,19396),
(2,30,'2023-03-02 18:18:39',5.66,19397),
(2,30,'2023-03-09 18:18:39',5.63,19398),
(2,30,'2023-03-16 18:18:39',5.59,19399),
(2,30,'2023-04-27 18:18:39',5.69,19400),
(2,30,'2023-06-15 18:18:39',5.61,19401),
(2,30,'2023-06-22 18:18:39',4.20,19402),
(2,30,'2023-07-06 18:18:39',5.61,19403),
(2,30,'2023-07-13 18:18:39',4.00,19404),
(2,30,'2023-07-20 18:18:39',5.61,19405),
(2,30,'2023-08-03 18:18:39',5.55,19406),
(2,30,'2023-08-17 18:18:39',5.50,19407),
(2,30,'2023-09-21 18:18:39',5.45,19408),
(2,30,'2023-09-28 18:18:39',3.82,19409),
(2,30,'2023-10-19 18:18:39',5.45,19410),
(2,30,'2024-01-04 18:18:39',5.53,19411),
(2,30,'2024-01-11 18:18:39',4.26,19412),
(2,30,'2024-02-01 18:18:39',5.41,19413),
(2,30,'2024-02-22 18:18:39',5.32,19414),
(2,30,'2024-03-15 18:18:39',5.28,19415),
(2,30,'2024-04-12 18:18:39',5.31,19416),
(2,30,'2024-04-19 18:18:39',5.15,19417),
(2,30,'2024-04-26 18:18:39',3.58,19418),
(2,30,'2024-08-30 18:18:39',5.35,19419),
(2,30,'2024-09-06 18:18:39',5.42,19420),
(2,30,'2024-11-22 18:18:39',5.41,19421),
(2,30,'2024-11-29 18:18:39',5.56,19422),
(2,30,'2024-12-06 18:18:39',3.76,19423),
(2,30,'2024-12-20 18:18:39',5.56,19424),
(3,1,'2022-10-14 14:50:38',13.23,19425),
(3,1,'2022-10-21 14:50:38',13.11,19426),
(3,1,'2022-11-18 14:50:38',13.35,19427),
(3,1,'2023-01-13 14:50:38',13.42,19428),
(3,1,'2023-01-20 14:50:38',9.24,19429),
(3,1,'2023-02-10 14:50:38',13.42,19430),
(3,1,'2023-02-17 14:50:38',11.23,19431),
(3,1,'2023-03-16 14:50:38',13.42,19432),
(3,1,'2023-05-04 14:50:38',13.51,19433),
(3,1,'2023-05-11 14:50:38',13.48,19434),
(3,1,'2023-05-18 14:50:38',8.10,19435),
(3,1,'2023-06-01 14:50:38',13.48,19436),
(3,1,'2023-06-15 14:50:38',13.43,19437),
(3,1,'2023-06-22 14:50:38',11.43,19438),
(3,1,'2023-06-29 14:50:38',13.34,19439),
(3,1,'2023-07-06 14:50:38',13.43,19440),
(3,1,'2023-07-13 14:50:38',10.37,19441),
(3,1,'2023-07-20 14:50:38',11.49,19442),
(3,1,'2023-07-27 14:50:38',9.76,19443),
(3,1,'2023-08-10 14:50:38',13.43,19444),
(3,1,'2023-08-17 14:50:38',11.75,19445),
(3,1,'2023-10-12 14:50:38',13.43,19446),
(3,1,'2023-10-19 14:50:38',13.54,19447),
(3,1,'2023-10-26 14:50:38',9.87,19448),
(3,1,'2023-11-02 14:50:38',13.54,19449),
(3,1,'2023-11-09 14:50:38',8.47,19450),
(3,1,'2023-11-23 14:50:38',13.54,19451),
(3,1,'2023-11-30 14:50:38',11.27,19452),
(3,1,'2024-01-11 14:50:38',13.54,19453),
(3,1,'2024-02-08 14:50:38',13.46,19454),
(3,1,'2024-03-01 14:50:38',13.57,19455),
(3,1,'2024-04-26 14:50:38',13.51,19456),
(3,1,'2024-05-03 14:50:38',11.04,19457),
(3,1,'2024-05-10 14:50:38',11.15,19458),
(3,1,'2024-05-31 14:50:38',13.51,19459),
(3,1,'2024-06-07 14:50:38',10.91,19460),
(3,1,'2024-08-16 14:50:38',13.51,19461),
(3,1,'2024-10-11 14:50:38',13.50,19462),
(3,1,'2024-11-15 14:50:38',13.54,19463),
(3,1,'2024-11-22 14:50:38',13.58,19464),
(3,1,'2024-11-29 14:50:38',13.63,19465),
(3,1,'2024-12-06 14:50:38',13.59,19466),
(3,1,'2024-12-13 14:50:38',11.09,19467),
(3,2,'2022-10-14 14:49:55',12.68,19468),
(3,2,'2022-10-21 14:49:55',9.87,19469),
(3,2,'2022-11-25 14:49:55',12.68,19470),
(3,2,'2022-12-09 14:49:55',12.64,19471),
(3,2,'2022-12-16 14:49:55',12.98,19472),
(3,2,'2023-01-13 14:49:55',13.24,19473),
(3,2,'2023-01-20 14:49:55',9.33,19474),
(3,2,'2023-03-02 14:49:55',13.24,19475),
(3,2,'2023-03-09 14:49:55',10.61,19476),
(3,2,'2023-03-16 14:49:55',13.24,19477),
(3,2,'2023-03-30 14:49:55',13.36,19478),
(3,2,'2023-04-06 14:49:55',11.63,19479),
(3,2,'2023-05-18 14:49:55',13.36,19480),
(3,2,'2023-06-15 14:49:55',13.39,19481),
(3,2,'2023-07-06 14:49:55',13.40,19482),
(3,2,'2023-07-20 14:49:55',13.37,19483),
(3,2,'2023-08-24 14:49:55',13.56,19484),
(3,2,'2023-08-31 14:49:55',11.34,19485),
(3,2,'2023-09-07 14:49:55',13.56,19486),
(3,2,'2023-10-12 14:49:55',13.57,19487),
(3,2,'2023-10-19 14:49:55',8.84,19488),
(3,2,'2023-10-26 14:49:55',13.57,19489),
(3,2,'2023-11-02 14:49:55',10.55,19490),
(3,2,'2023-11-16 14:49:55',13.57,19491),
(3,2,'2024-01-11 14:49:55',13.50,19492),
(3,2,'2024-01-18 14:49:55',13.51,19493),
(3,2,'2024-01-25 14:49:55',8.24,19494),
(3,2,'2024-02-22 14:49:55',13.42,19495),
(3,2,'2024-03-01 14:49:55',11.08,19496),
(3,2,'2024-04-26 14:49:55',13.42,19497),
(3,2,'2024-05-03 14:49:55',13.44,19498),
(3,2,'2024-05-17 14:49:55',13.34,19499),
(3,2,'2024-05-31 14:49:55',13.05,19500),
(3,2,'2024-07-05 14:49:55',13.18,19501),
(3,2,'2024-07-12 14:49:55',8.85,19502),
(3,2,'2024-08-09 14:49:55',13.21,19503),
(3,2,'2024-08-16 14:49:55',10.37,19504),
(3,2,'2024-08-23 14:49:55',13.21,19505),
(3,2,'2024-09-06 14:49:55',13.12,19506),
(3,2,'2024-10-18 14:49:55',13.21,19507),
(3,2,'2024-10-25 14:49:55',11.19,19508),
(3,2,'2024-11-08 14:49:55',13.21,19509),
(3,2,'2024-12-06 14:49:55',13.09,19510),
(3,3,'2022-12-30 18:11:53',0.44,19511),
(3,3,'2023-02-10 18:11:53',0.46,19512),
(3,3,'2023-04-20 18:11:53',0.49,19513),
(3,3,'2023-05-18 18:11:53',0.50,19514),
(3,3,'2023-05-25 18:11:53',0.48,19515),
(3,3,'2023-07-06 18:11:53',0.47,19516),
(3,3,'2023-07-20 18:11:53',0.43,19517),
(3,3,'2023-09-07 18:11:53',0.39,19518),
(3,3,'2023-11-09 18:11:53',0.37,19519),
(3,3,'2023-12-21 18:11:53',0.45,19520),
(3,3,'2024-02-08 18:11:53',0.44,19521),
(3,3,'2024-06-14 18:11:53',0.49,19522),
(3,3,'2024-08-23 18:11:53',0.47,19523),
(3,3,'2024-09-13 18:11:53',0.45,19524),
(3,3,'2024-09-20 18:11:53',0.51,19525),
(3,4,'2022-10-21 18:12:37',1.47,19526),
(3,4,'2022-12-23 18:12:37',1.54,19527),
(3,4,'2022-12-30 18:12:37',1.09,19528),
(3,4,'2023-03-02 18:12:37',1.54,19529),
(3,4,'2023-03-23 18:12:37',1.64,19530),
(3,4,'2023-04-06 18:12:37',1.62,19531),
(3,4,'2023-04-27 18:12:37',1.64,19532),
(3,4,'2023-06-08 18:12:37',1.62,19533),
(3,4,'2023-06-15 18:12:37',1.63,19534),
(3,4,'2023-06-22 18:12:37',1.09,19535),
(3,4,'2023-08-03 18:12:37',1.63,19536),
(3,4,'2023-08-10 18:12:37',1.09,19537),
(3,4,'2023-10-05 18:12:37',1.63,19538),
(3,4,'2023-10-12 18:12:37',1.59,19539),
(3,4,'2023-11-23 18:12:37',1.61,19540),
(3,4,'2023-11-30 18:12:37',1.09,19541),
(3,4,'2023-12-14 18:12:37',1.61,19542),
(3,4,'2024-01-18 18:12:37',1.65,19543),
(3,4,'2024-05-03 18:12:37',1.67,19544),
(3,4,'2024-05-10 18:12:37',1.09,19545),
(3,4,'2024-06-07 18:12:37',1.69,19546),
(3,4,'2024-06-14 18:12:37',1.09,19547),
(3,4,'2024-07-05 18:12:37',1.69,19548),
(3,4,'2024-08-02 18:12:37',1.74,19549),
(3,4,'2024-08-09 18:12:37',1.09,19550),
(3,4,'2024-08-23 18:12:37',1.74,19551),
(3,4,'2024-08-30 18:12:37',1.72,19552),
(3,4,'2024-10-11 18:12:37',1.74,19553),
(3,4,'2024-11-08 18:12:37',1.77,19554),
(3,5,'2022-10-28 18:12:54',11.42,19555),
(3,5,'2022-11-04 18:12:54',7.25,19556),
(3,5,'2022-11-25 18:12:54',11.42,19557),
(3,5,'2022-12-02 18:12:54',7.56,19558),
(3,5,'2023-01-13 18:12:54',11.29,19559),
(3,5,'2023-01-20 18:12:54',11.24,19560),
(3,5,'2023-01-27 18:12:54',7.12,19561),
(3,5,'2023-03-02 18:12:54',11.24,19562),
(3,5,'2023-03-09 18:12:54',11.18,19563),
(3,5,'2023-05-11 18:12:54',11.17,19564),
(3,5,'2023-05-18 18:12:54',5.71,19565),
(3,5,'2023-06-22 18:12:54',11.17,19566),
(3,5,'2023-06-29 18:12:54',6.65,19567),
(3,5,'2023-07-20 18:12:54',11.04,19568),
(3,5,'2023-07-27 18:12:54',6.84,19569),
(3,5,'2023-09-07 18:12:54',11.04,19570),
(3,5,'2023-09-21 18:12:54',10.99,19571),
(3,5,'2023-09-28 18:12:54',7.37,19572),
(3,5,'2023-10-05 18:12:54',10.99,19573),
(3,5,'2023-11-23 18:12:54',11.19,19574),
(3,5,'2024-01-18 18:12:54',11.36,19575),
(3,5,'2024-02-08 18:12:54',11.43,19576),
(3,5,'2024-02-22 18:12:54',11.56,19577),
(3,5,'2024-03-01 18:12:54',6.99,19578),
(3,5,'2024-04-19 18:12:54',11.56,19579),
(3,5,'2024-04-26 18:12:54',8.39,19580),
(3,5,'2024-05-17 18:12:54',11.56,19581),
(3,5,'2024-05-24 18:12:54',8.61,19582),
(3,5,'2024-06-21 18:12:54',11.56,19583),
(3,5,'2024-06-28 18:12:54',7.18,19584),
(3,5,'2024-07-12 18:12:54',11.59,19585),
(3,5,'2024-07-19 18:12:54',8.50,19586),
(3,5,'2024-08-16 18:12:54',11.59,19587),
(3,5,'2024-08-23 18:12:54',7.11,19588),
(3,5,'2024-08-30 18:12:54',11.59,19589),
(3,5,'2024-09-06 18:12:54',6.20,19590),
(3,5,'2024-10-18 18:12:54',11.59,19591),
(3,5,'2024-11-22 18:12:54',11.74,19592),
(3,5,'2024-11-29 18:12:54',11.70,19593),
(3,5,'2024-12-06 18:12:54',8.14,19594),
(3,5,'2024-12-20 18:12:54',11.70,19595),
(3,6,'2022-10-14 18:13:01',1.79,19596),
(3,6,'2022-10-21 18:13:01',1.81,19597),
(3,6,'2022-12-16 18:13:01',1.83,19598),
(3,6,'2022-12-23 18:13:01',1.56,19599),
(3,6,'2023-01-13 18:13:01',1.83,19600),
(3,6,'2023-01-20 18:13:01',1.86,19601),
(3,6,'2023-01-27 18:13:01',1.44,19602),
(3,6,'2023-03-02 18:13:01',1.86,19603),
(3,6,'2023-03-09 18:13:01',1.48,19604),
(3,6,'2023-05-04 18:13:01',1.86,19605),
(3,6,'2023-06-15 18:13:01',1.93,19606),
(3,6,'2023-06-29 18:13:01',1.90,19607),
(3,6,'2023-11-02 18:13:01',2.02,19608),
(3,6,'2023-11-09 18:13:01',1.97,19609),
(3,6,'2023-11-16 18:13:01',1.41,19610),
(3,6,'2023-11-23 18:13:01',1.76,19611),
(3,6,'2024-01-04 18:13:01',1.97,19612),
(3,6,'2024-01-11 18:13:01',1.75,19613),
(3,6,'2024-02-15 18:13:01',1.97,19614),
(3,6,'2024-03-15 18:13:01',1.96,19615),
(3,6,'2024-05-17 18:13:01',1.91,19616),
(3,6,'2024-06-07 18:13:01',1.98,19617),
(3,6,'2024-06-14 18:13:01',1.37,19618),
(3,6,'2024-06-21 18:13:01',1.29,19619),
(3,6,'2024-08-02 18:13:01',1.98,19620),
(3,6,'2024-08-30 18:13:01',2.01,19621),
(3,6,'2024-09-06 18:13:01',1.68,19622),
(3,6,'2024-10-04 18:13:01',2.01,19623),
(3,6,'2024-11-15 18:13:01',2.05,19624),
(3,6,'2024-12-27 18:13:01',2.06,19625),
(3,7,'2022-11-04 18:13:12',2.30,19626),
(3,7,'2022-12-30 18:13:12',2.28,19627),
(3,7,'2023-01-06 18:13:12',2.33,19628),
(3,7,'2023-01-13 18:13:12',1.51,19629),
(3,7,'2023-01-27 18:13:12',2.33,19630),
(3,7,'2023-02-03 18:13:12',1.74,19631),
(3,7,'2023-03-09 18:13:12',2.33,19632),
(3,7,'2023-03-16 18:13:12',1.25,19633),
(3,7,'2023-07-06 18:13:12',2.33,19634),
(3,7,'2023-07-20 18:13:12',2.38,19635),
(3,7,'2023-08-10 18:13:12',2.36,19636),
(3,7,'2023-08-31 18:13:12',2.31,19637),
(3,7,'2024-01-18 18:13:12',2.33,19638),
(3,7,'2024-01-25 18:13:12',1.17,19639),
(3,7,'2024-02-15 18:13:12',2.33,19640),
(3,7,'2024-03-01 18:13:12',2.24,19641),
(3,7,'2024-03-15 18:13:12',2.21,19642),
(3,7,'2024-04-12 18:13:12',2.24,19643),
(3,7,'2024-04-19 18:13:12',1.17,19644),
(3,7,'2024-04-26 18:13:12',2.24,19645),
(3,7,'2024-06-07 18:13:12',2.27,19646),
(3,7,'2024-06-14 18:13:12',1.68,19647),
(3,7,'2024-06-21 18:13:12',1.25,19648),
(3,7,'2024-08-16 18:13:12',2.27,19649),
(3,7,'2024-09-27 18:13:12',2.18,19650),
(3,7,'2024-10-25 18:13:12',2.17,19651),
(3,7,'2024-11-01 18:13:12',1.11,19652),
(3,7,'2024-12-27 18:13:12',2.17,19653),
(3,8,'2022-10-07 18:13:19',3.57,19654),
(3,8,'2022-10-14 18:13:19',2.99,19655),
(3,8,'2022-11-18 18:13:19',3.57,19656),
(3,8,'2022-11-25 18:13:19',2.99,19657),
(3,8,'2023-03-02 18:13:19',3.57,19658),
(3,8,'2023-03-09 18:13:19',2.82,19659),
(3,8,'2023-03-16 18:13:19',3.57,19660),
(3,8,'2023-04-06 18:13:19',3.50,19661),
(3,8,'2023-04-13 18:13:19',2.92,19662),
(3,8,'2023-04-20 18:13:19',3.50,19663),
(3,8,'2023-05-25 18:13:19',3.65,19664),
(3,8,'2023-06-08 18:13:19',3.61,19665),
(3,8,'2023-06-15 18:13:19',3.68,19666),
(3,8,'2023-07-13 18:13:19',3.61,19667),
(3,8,'2023-07-20 18:13:19',2.79,19668),
(3,8,'2023-07-27 18:13:19',2.99,19669),
(3,8,'2023-08-03 18:13:19',3.61,19670),
(3,8,'2023-08-10 18:13:19',2.91,19671),
(3,8,'2023-09-07 18:13:19',3.61,19672),
(3,8,'2023-10-05 18:13:19',3.57,19673),
(3,8,'2023-11-02 18:13:19',3.64,19674),
(3,8,'2023-11-09 18:13:19',2.91,19675),
(3,8,'2023-11-23 18:13:19',3.64,19676),
(3,8,'2023-12-14 18:13:19',3.65,19677),
(3,8,'2023-12-21 18:13:19',2.99,19678),
(3,8,'2024-02-08 18:13:19',3.65,19679),
(3,8,'2024-02-15 18:13:19',2.97,19680),
(3,8,'2024-02-22 18:13:19',3.65,19681),
(3,8,'2024-03-01 18:13:19',3.58,19682),
(3,8,'2024-03-15 18:13:19',3.54,19683),
(3,8,'2024-03-22 18:13:19',2.99,19684),
(3,8,'2024-04-26 18:13:19',3.54,19685),
(3,8,'2024-08-09 18:13:19',3.60,19686),
(3,8,'2024-08-16 18:13:19',2.80,19687),
(3,8,'2024-09-20 18:13:19',3.60,19688),
(3,8,'2024-09-27 18:13:19',2.98,19689),
(3,8,'2024-10-11 18:13:19',3.60,19690),
(3,8,'2024-10-18 18:13:19',2.99,19691),
(3,8,'2024-10-25 18:13:19',3.60,19692),
(3,9,'2022-10-14 18:13:26',2.52,19693),
(3,9,'2022-12-09 18:13:26',2.54,19694),
(3,9,'2022-12-16 18:13:26',2.49,19695),
(3,9,'2023-02-03 18:13:26',2.57,19696),
(3,9,'2023-02-10 18:13:26',2.03,19697),
(3,9,'2023-02-24 18:13:26',2.49,19698),
(3,9,'2023-03-02 18:13:26',2.13,19699),
(3,9,'2023-03-09 18:13:26',2.49,19700),
(3,9,'2023-03-30 18:13:26',2.64,19701),
(3,9,'2023-04-06 18:13:26',2.54,19702),
(3,9,'2023-04-13 18:13:26',2.01,19703),
(3,9,'2023-04-27 18:13:26',2.54,19704),
(3,9,'2023-05-04 18:13:26',2.24,19705),
(3,9,'2023-05-11 18:13:26',1.81,19706),
(3,9,'2023-05-18 18:13:26',2.54,19707),
(3,9,'2023-05-25 18:13:26',2.62,19708),
(3,9,'2023-06-01 18:13:26',2.22,19709),
(3,9,'2023-06-15 18:13:26',2.62,19710),
(3,9,'2023-06-22 18:13:26',2.26,19711),
(3,9,'2023-08-17 18:13:26',2.62,19712),
(3,9,'2023-08-24 18:13:26',1.75,19713),
(3,9,'2023-08-31 18:13:26',2.17,19714),
(3,9,'2023-09-14 18:13:26',2.62,19715),
(3,9,'2023-11-16 18:13:26',2.54,19716),
(3,9,'2023-11-23 18:13:26',2.20,19717),
(3,9,'2023-11-30 18:13:26',2.54,19718),
(3,9,'2023-12-07 18:13:26',2.27,19719),
(3,9,'2023-12-14 18:13:26',2.54,19720),
(3,9,'2024-01-18 18:13:26',2.49,19721),
(3,9,'2024-01-25 18:13:26',1.96,19722),
(3,9,'2024-02-01 18:13:26',2.49,19723),
(3,9,'2024-02-15 18:13:26',2.53,19724),
(3,9,'2024-02-22 18:13:26',1.81,19725),
(3,9,'2024-03-01 18:13:26',1.72,19726),
(3,9,'2024-04-26 18:13:26',2.53,19727),
(3,9,'2024-06-07 18:13:26',2.70,19728),
(3,9,'2024-06-14 18:13:26',2.29,19729),
(3,9,'2024-06-21 18:13:26',2.72,19730),
(3,9,'2024-08-23 18:13:26',2.64,19731),
(3,9,'2024-08-30 18:13:26',2.81,19732),
(3,9,'2024-09-13 18:13:26',2.68,19733),
(3,9,'2024-09-20 18:13:26',1.93,19734),
(3,9,'2024-10-04 18:13:26',2.68,19735),
(3,9,'2024-10-11 18:13:26',1.76,19736),
(3,9,'2024-10-18 18:13:26',2.13,19737),
(3,9,'2024-12-06 18:13:26',2.68,19738),
(3,9,'2024-12-20 18:13:26',2.71,19739),
(3,9,'2024-12-27 18:13:26',2.80,19740),
(3,10,'2022-10-21 18:13:35',14.64,19741),
(3,10,'2023-01-06 18:13:35',14.60,19742),
(3,10,'2023-02-10 18:13:35',14.52,19743),
(3,10,'2023-03-16 18:13:35',14.70,19744),
(3,10,'2023-03-30 18:13:35',14.75,19745),
(3,10,'2023-04-06 18:13:35',14.86,19746),
(3,10,'2023-05-04 18:13:35',14.72,19747),
(3,10,'2023-05-11 18:13:35',14.61,19748),
(3,10,'2023-05-18 18:13:35',14.76,19749),
(3,10,'2023-05-25 18:13:35',5.76,19750),
(3,10,'2023-07-20 18:13:35',14.76,19751),
(3,10,'2023-07-27 18:13:35',8.13,19752),
(3,10,'2023-08-03 18:13:35',8.26,19753),
(3,10,'2023-09-07 18:13:35',14.76,19754),
(3,10,'2023-09-14 18:13:35',8.43,19755),
(3,10,'2023-10-05 18:13:35',14.74,19756),
(3,10,'2023-11-23 18:13:35',14.60,19757),
(3,10,'2023-12-21 18:13:35',14.79,19758),
(3,10,'2023-12-28 18:13:35',5.96,19759),
(3,10,'2024-01-18 18:13:35',14.79,19760),
(3,10,'2024-02-08 18:13:35',14.64,19761),
(3,10,'2024-03-08 18:13:35',14.67,19762),
(3,10,'2024-03-15 18:13:35',14.71,19763),
(3,10,'2024-03-22 18:13:35',14.76,19764),
(3,10,'2024-04-05 18:13:35',14.80,19765),
(3,10,'2024-05-03 18:13:35',14.69,19766),
(3,10,'2024-06-07 18:13:35',14.84,19767),
(3,10,'2024-06-14 18:13:35',5.77,19768),
(3,10,'2024-07-26 18:13:35',14.84,19769),
(3,10,'2024-08-02 18:13:35',10.92,19770),
(3,10,'2024-09-20 18:13:35',14.75,19771),
(3,10,'2024-12-20 18:13:35',14.66,19772),
(3,10,'2024-12-27 18:13:35',12.42,19773),
(3,11,'2022-10-14 18:13:42',4.54,19774),
(3,11,'2023-01-13 18:13:42',4.63,19775),
(3,11,'2023-02-03 18:13:42',4.74,19776),
(3,11,'2023-02-24 18:13:42',4.89,19777),
(3,11,'2023-03-02 18:13:42',2.75,19778),
(3,11,'2023-06-22 18:13:42',4.89,19779),
(3,11,'2023-07-06 18:13:42',4.75,19780),
(3,11,'2023-07-20 18:13:42',4.78,19781),
(3,11,'2023-07-27 18:13:42',4.92,19782),
(3,11,'2023-08-03 18:13:42',4.80,19783),
(3,11,'2023-08-10 18:13:42',2.97,19784),
(3,11,'2023-11-09 18:13:42',4.78,19785),
(3,11,'2023-11-23 18:13:42',4.73,19786),
(3,11,'2024-01-11 18:13:42',4.64,19787),
(3,11,'2024-01-18 18:13:42',3.22,19788),
(3,11,'2024-05-03 18:13:42',4.64,19789),
(3,11,'2024-05-10 18:13:42',3.39,19790),
(3,11,'2024-07-19 18:13:42',4.64,19791),
(3,11,'2024-07-26 18:13:42',4.75,19792),
(3,11,'2024-08-23 18:13:42',4.59,19793),
(3,11,'2024-09-13 18:13:42',4.71,19794),
(3,11,'2024-09-27 18:13:42',4.64,19795),
(3,11,'2024-10-04 18:13:42',3.39,19796),
(3,11,'2024-10-18 18:13:42',4.64,19797),
(3,11,'2024-10-25 18:13:42',2.48,19798),
(3,11,'2024-11-15 18:13:42',4.64,19799),
(3,12,'2022-10-21 18:13:52',8.97,19800),
(3,12,'2022-11-04 18:13:52',8.86,19801),
(3,12,'2022-12-02 18:13:52',8.76,19802),
(3,12,'2023-02-03 18:13:52',8.65,19803),
(3,12,'2023-02-10 18:13:52',8.64,19804),
(3,12,'2023-04-06 18:13:52',8.72,19805),
(3,12,'2023-04-13 18:13:52',7.50,19806),
(3,12,'2023-06-01 18:13:52',8.72,19807),
(3,12,'2023-06-15 18:13:52',8.80,19808),
(3,12,'2023-06-22 18:13:52',7.50,19809),
(3,12,'2023-06-29 18:13:52',8.85,19810),
(3,12,'2023-07-27 18:13:52',9.03,19811),
(3,12,'2023-08-31 18:13:52',9.01,19812),
(3,12,'2023-09-07 18:13:52',6.89,19813),
(3,12,'2023-10-05 18:13:52',9.01,19814),
(3,12,'2023-10-19 18:13:52',8.90,19815),
(3,12,'2023-10-26 18:13:52',7.50,19816),
(3,12,'2023-11-02 18:13:52',8.90,19817),
(3,12,'2023-11-09 18:13:52',6.93,19818),
(3,12,'2024-01-11 18:13:52',8.86,19819),
(3,12,'2024-01-18 18:13:52',9.13,19820),
(3,12,'2024-02-22 18:13:52',9.25,19821),
(3,12,'2024-03-08 18:13:52',9.26,19822),
(3,12,'2024-03-15 18:13:52',7.29,19823),
(3,12,'2024-03-22 18:13:52',9.26,19824),
(3,12,'2024-05-03 18:13:52',9.15,19825),
(3,12,'2024-06-21 18:13:52',9.23,19826),
(3,12,'2024-06-28 18:13:52',9.15,19827),
(3,12,'2024-07-12 18:13:52',9.24,19828),
(3,12,'2024-07-26 18:13:52',9.16,19829),
(3,12,'2024-08-09 18:13:52',9.26,19830),
(3,12,'2024-08-16 18:13:52',7.33,19831),
(3,12,'2024-08-23 18:13:52',7.50,19832),
(3,12,'2024-09-06 18:13:52',9.26,19833),
(3,12,'2024-11-15 18:13:52',9.34,19834),
(3,13,'2022-10-07 18:14:01',3.74,19835),
(3,13,'2022-10-21 18:14:01',3.77,19836),
(3,13,'2022-10-28 18:14:01',3.30,19837),
(3,13,'2022-11-25 18:14:01',3.77,19838),
(3,13,'2022-12-02 18:14:01',2.97,19839),
(3,13,'2023-01-06 18:14:01',3.77,19840),
(3,13,'2023-01-20 18:14:01',3.71,19841),
(3,13,'2023-01-27 18:14:01',3.74,19842),
(3,13,'2023-03-23 18:14:01',3.83,19843),
(3,13,'2023-03-30 18:14:01',3.36,19844),
(3,13,'2023-04-06 18:14:01',2.74,19845),
(3,13,'2023-04-27 18:14:01',3.83,19846),
(3,13,'2023-05-25 18:14:01',3.80,19847),
(3,13,'2023-06-01 18:14:01',3.12,19848),
(3,13,'2023-06-15 18:14:01',3.80,19849),
(3,13,'2023-06-22 18:14:01',2.78,19850),
(3,13,'2023-07-13 18:14:01',3.80,19851),
(3,13,'2023-07-20 18:14:01',3.88,19852),
(3,13,'2023-07-27 18:14:01',2.84,19853),
(3,13,'2023-08-17 18:14:01',3.88,19854),
(3,13,'2023-12-28 18:14:01',3.86,19855),
(3,13,'2024-01-25 18:14:01',3.90,19856),
(3,13,'2024-02-15 18:14:01',3.84,19857),
(3,13,'2024-02-22 18:14:01',3.80,19858),
(3,13,'2024-03-01 18:14:01',3.05,19859),
(3,13,'2024-03-08 18:14:01',3.40,19860),
(3,13,'2024-03-15 18:14:01',3.05,19861),
(3,13,'2024-03-29 18:14:01',3.80,19862),
(3,13,'2024-04-05 18:14:01',3.02,19863),
(3,13,'2024-04-26 18:14:01',3.82,19864),
(3,13,'2024-05-03 18:14:01',3.38,19865),
(3,13,'2024-05-24 18:14:01',3.82,19866),
(3,13,'2024-05-31 18:14:01',3.27,19867),
(3,13,'2024-06-14 18:14:01',3.82,19868),
(3,13,'2024-07-05 18:14:01',3.76,19869),
(3,13,'2024-07-26 18:14:01',3.70,19870),
(3,13,'2024-08-02 18:14:01',2.86,19871),
(3,13,'2024-08-09 18:14:01',3.70,19872),
(3,13,'2024-10-18 18:14:01',3.63,19873),
(3,14,'2022-10-28 18:14:09',1.64,19874),
(3,14,'2022-11-04 18:14:09',1.67,19875),
(3,14,'2022-11-11 18:14:09',1.29,19876),
(3,14,'2023-02-03 18:14:09',1.62,19877),
(3,14,'2023-02-17 18:14:09',1.60,19878),
(3,14,'2023-02-24 18:14:09',1.35,19879),
(3,14,'2023-03-02 18:14:09',1.60,19880),
(3,14,'2023-05-11 18:14:09',1.57,19881),
(3,14,'2023-05-18 18:14:09',1.21,19882),
(3,14,'2023-07-13 18:14:09',1.57,19883),
(3,14,'2023-07-20 18:14:09',1.28,19884),
(3,14,'2023-08-03 18:14:09',1.57,19885),
(3,14,'2023-08-10 18:14:09',1.23,19886),
(3,14,'2023-08-31 18:14:09',1.53,19887),
(3,14,'2023-10-19 18:14:09',1.51,19888),
(3,14,'2024-01-04 18:14:09',1.52,19889),
(3,14,'2024-01-11 18:14:09',1.27,19890),
(3,14,'2024-02-01 18:14:09',1.47,19891),
(3,14,'2024-03-29 18:14:09',1.53,19892),
(3,14,'2024-04-12 18:14:09',1.48,19893),
(3,14,'2024-04-19 18:14:09',1.12,19894),
(3,14,'2024-05-17 18:14:09',1.48,19895),
(3,14,'2024-08-02 18:14:09',1.50,19896),
(3,14,'2024-08-30 18:14:09',1.44,19897),
(3,14,'2024-12-13 18:14:09',1.50,19898),
(3,15,'2022-10-14 18:14:17',6.99,19899),
(3,15,'2022-10-28 18:14:17',7.20,19900),
(3,15,'2022-11-04 18:14:17',6.43,19901),
(3,15,'2022-12-16 18:14:17',7.27,19902),
(3,15,'2022-12-23 18:14:17',7.41,19903),
(3,15,'2023-01-27 18:14:17',7.49,19904),
(3,15,'2023-02-03 18:14:17',5.94,19905),
(3,15,'2023-02-17 18:14:17',7.49,19906),
(3,15,'2023-03-02 18:14:17',7.52,19907),
(3,15,'2023-03-16 18:14:17',7.62,19908),
(3,15,'2023-03-23 18:14:17',7.55,19909),
(3,15,'2023-03-30 18:14:17',5.94,19910),
(3,15,'2023-05-11 18:14:17',7.55,19911),
(3,15,'2023-08-17 18:14:17',7.62,19912),
(3,15,'2023-08-24 18:14:17',6.58,19913),
(3,15,'2023-09-21 18:14:17',7.62,19914),
(3,15,'2023-09-28 18:14:17',6.97,19915),
(3,15,'2024-02-15 18:14:17',7.62,19916),
(3,15,'2024-03-15 18:14:17',7.71,19917),
(3,15,'2024-04-05 18:14:17',7.91,19918),
(3,15,'2024-04-12 18:14:17',7.81,19919),
(3,15,'2024-05-31 18:14:17',7.94,19920),
(3,15,'2024-06-14 18:14:17',8.02,19921),
(3,15,'2024-08-02 18:14:17',7.96,19922),
(3,15,'2024-08-09 18:14:17',6.82,19923),
(3,15,'2024-08-16 18:14:17',6.99,19924),
(3,15,'2024-08-30 18:14:17',7.96,19925),
(3,15,'2024-09-06 18:14:17',6.61,19926),
(3,15,'2024-10-18 18:14:17',7.96,19927),
(3,15,'2024-11-01 18:14:17',7.82,19928),
(3,16,'2022-10-14 18:14:26',2.23,19929),
(3,16,'2022-10-21 18:14:26',2.25,19930),
(3,16,'2023-01-13 18:14:26',2.27,19931),
(3,16,'2023-05-25 18:14:26',2.25,19932),
(3,16,'2023-06-01 18:14:26',1.99,19933),
(3,16,'2023-06-22 18:14:26',2.29,19934),
(3,16,'2023-08-03 18:14:26',2.30,19935),
(3,16,'2023-08-10 18:14:26',2.34,19936),
(3,16,'2023-09-21 18:14:26',2.36,19937),
(3,16,'2023-10-05 18:14:26',2.40,19938),
(3,16,'2023-11-09 18:14:26',2.33,19939),
(3,16,'2023-11-16 18:14:26',1.98,19940),
(3,16,'2023-11-30 18:14:26',2.33,19941),
(3,16,'2023-12-07 18:14:26',1.99,19942),
(3,16,'2023-12-21 18:14:26',2.33,19943),
(3,16,'2024-01-25 18:14:26',2.37,19944),
(3,16,'2024-02-01 18:14:26',1.99,19945),
(3,16,'2024-03-01 18:14:26',2.37,19946),
(3,16,'2024-03-08 18:14:26',1.99,19947),
(3,16,'2024-03-29 18:14:26',2.37,19948),
(3,16,'2024-04-19 18:14:26',2.36,19949),
(3,16,'2024-04-26 18:14:26',1.99,19950),
(3,16,'2024-05-10 18:14:26',2.36,19951),
(3,16,'2024-05-24 18:14:26',2.27,19952),
(3,16,'2024-05-31 18:14:26',1.99,19953),
(3,16,'2024-06-14 18:14:26',2.27,19954),
(3,16,'2024-08-02 18:14:26',2.32,19955),
(3,16,'2024-08-09 18:14:26',1.99,19956),
(3,16,'2024-09-20 18:14:26',2.32,19957),
(3,16,'2024-11-29 18:14:26',2.43,19958),
(3,16,'2024-12-27 18:14:26',2.42,19959),
(3,17,'2022-10-07 18:14:36',1.93,19960),
(3,17,'2022-10-14 18:14:36',1.55,19961),
(3,17,'2022-12-02 18:14:36',1.93,19962),
(3,17,'2022-12-16 18:14:36',1.59,19963),
(3,17,'2023-03-09 18:14:36',1.93,19964),
(3,17,'2023-03-16 18:14:36',1.37,19965),
(3,17,'2023-04-06 18:14:36',1.93,19966),
(3,17,'2023-05-04 18:14:36',1.90,19967),
(3,17,'2023-05-11 18:14:36',1.59,19968),
(3,17,'2023-05-18 18:14:36',1.90,19969),
(3,17,'2023-05-25 18:14:36',1.94,19970),
(3,17,'2023-06-01 18:14:36',1.59,19971),
(3,17,'2023-06-08 18:14:36',1.94,19972),
(3,17,'2023-08-17 18:14:36',1.98,19973),
(3,17,'2023-08-24 18:14:36',2.04,19974),
(3,17,'2023-08-31 18:14:36',1.59,19975),
(3,17,'2023-09-14 18:14:36',2.04,19976),
(3,17,'2023-09-21 18:14:36',1.47,19977),
(3,17,'2023-10-26 18:14:36',2.04,19978),
(3,17,'2024-02-22 18:14:36',2.07,19979),
(3,17,'2024-03-01 18:14:36',2.04,19980),
(3,17,'2024-05-10 18:14:36',2.08,19981),
(3,17,'2024-05-17 18:14:36',2.16,19982),
(3,17,'2024-06-07 18:14:36',2.22,19983),
(3,17,'2024-07-05 18:14:36',1.59,19984),
(3,17,'2024-10-11 18:14:36',2.22,19985),
(3,17,'2024-10-18 18:14:36',1.59,19986),
(3,17,'2024-11-22 18:14:36',2.22,19987),
(3,17,'2024-12-06 18:14:36',2.20,19988),
(3,17,'2024-12-20 18:14:36',2.18,19989),
(3,17,'2024-12-27 18:14:36',1.59,19990),
(3,18,'2022-11-04 18:14:53',4.49,19991),
(3,18,'2022-11-11 18:14:53',3.18,19992),
(3,18,'2022-11-18 18:14:53',4.49,19993),
(3,18,'2022-11-25 18:14:53',3.44,19994),
(3,18,'2022-12-30 18:14:53',4.49,19995),
(3,18,'2023-01-13 18:14:53',4.56,19996),
(3,18,'2023-02-03 18:14:53',4.58,19997),
(3,18,'2023-02-17 18:14:53',4.59,19998),
(3,18,'2023-02-24 18:14:53',4.62,19999),
(3,18,'2023-03-02 18:14:53',3.93,20000),
(3,18,'2023-03-09 18:14:53',4.62,20001),
(3,18,'2023-04-06 18:14:53',4.69,20002),
(3,18,'2023-04-13 18:14:53',3.33,20003),
(3,18,'2023-05-11 18:14:53',4.69,20004),
(3,18,'2023-05-18 18:14:53',3.44,20005),
(3,18,'2023-08-17 18:14:53',4.63,20006),
(3,18,'2023-08-31 18:14:53',4.67,20007),
(3,18,'2023-09-07 18:14:53',4.73,20008),
(3,18,'2023-09-14 18:14:53',3.54,20009),
(3,18,'2023-09-21 18:14:53',3.42,20010),
(3,18,'2023-09-28 18:14:53',4.73,20011),
(3,18,'2023-10-12 18:14:53',4.69,20012),
(3,18,'2023-10-19 18:14:53',3.38,20013),
(3,18,'2023-11-16 18:14:53',4.69,20014),
(3,18,'2023-11-23 18:14:53',4.12,20015),
(3,18,'2023-12-07 18:14:53',4.69,20016),
(3,18,'2023-12-21 18:14:53',4.55,20017),
(3,18,'2023-12-28 18:14:53',3.37,20018),
(3,18,'2024-01-04 18:14:53',3.95,20019),
(3,18,'2024-01-25 18:14:53',4.55,20020),
(3,18,'2024-02-01 18:14:53',3.69,20021),
(3,18,'2024-03-15 18:14:53',4.55,20022),
(3,18,'2024-03-22 18:14:53',4.50,20023),
(3,18,'2024-04-05 18:14:53',4.49,20024),
(3,18,'2024-04-12 18:14:53',3.83,20025),
(3,18,'2024-05-03 18:14:53',4.49,20026),
(3,18,'2024-05-10 18:14:53',3.85,20027),
(3,18,'2024-08-16 18:14:53',4.49,20028),
(3,18,'2024-08-30 18:14:53',4.53,20029),
(3,18,'2024-09-27 18:14:53',4.49,20030),
(3,18,'2024-10-04 18:14:53',4.52,20031),
(3,18,'2024-10-11 18:14:53',4.62,20032),
(3,18,'2024-10-25 18:14:53',4.65,20033),
(3,18,'2024-11-15 18:14:53',4.51,20034),
(3,18,'2024-11-22 18:14:53',4.04,20035),
(3,18,'2024-12-20 18:14:53',4.51,20036),
(3,18,'2024-12-27 18:14:53',3.91,20037),
(3,19,'2022-10-21 18:15:00',4.99,20038),
(3,19,'2022-10-28 18:15:00',4.14,20039),
(3,19,'2022-11-04 18:15:00',3.64,20040),
(3,19,'2022-11-11 18:15:00',4.99,20041),
(3,19,'2022-11-18 18:15:00',3.96,20042),
(3,19,'2022-12-02 18:15:00',4.99,20043),
(3,19,'2022-12-09 18:15:00',5.07,20044),
(3,19,'2023-01-13 18:15:00',5.19,20045),
(3,19,'2023-03-23 18:15:00',5.12,20046),
(3,19,'2023-04-13 18:15:00',5.10,20047),
(3,19,'2023-05-18 18:15:00',5.18,20048),
(3,19,'2023-05-25 18:15:00',3.71,20049),
(3,19,'2023-06-08 18:15:00',5.18,20050),
(3,19,'2023-07-13 18:15:00',5.11,20051),
(3,19,'2023-08-10 18:15:00',5.21,20052),
(3,19,'2023-08-24 18:15:00',5.11,20053),
(3,19,'2023-09-07 18:15:00',5.14,20054),
(3,19,'2023-10-12 18:15:00',5.12,20055),
(3,19,'2024-02-01 18:15:00',5.09,20056),
(3,19,'2024-02-08 18:15:00',4.11,20057),
(3,19,'2024-02-22 18:15:00',5.09,20058),
(3,19,'2024-04-19 18:15:00',5.18,20059),
(3,19,'2024-04-26 18:15:00',3.74,20060),
(3,19,'2024-05-10 18:15:00',5.18,20061),
(3,19,'2024-06-14 18:15:00',5.15,20062),
(3,19,'2024-06-28 18:15:00',5.09,20063),
(3,19,'2024-07-19 18:15:00',5.01,20064),
(3,19,'2024-07-26 18:15:00',4.44,20065),
(3,19,'2024-08-16 18:15:00',5.01,20066),
(3,19,'2024-08-23 18:15:00',3.70,20067),
(3,19,'2024-08-30 18:15:00',4.31,20068),
(3,19,'2024-11-01 18:15:00',5.01,20069),
(3,19,'2024-11-08 18:15:00',3.90,20070),
(3,19,'2024-11-29 18:15:00',5.01,20071),
(3,19,'2024-12-20 18:15:00',4.99,20072),
(3,20,'2022-10-14 18:15:06',5.79,20073),
(3,20,'2022-10-21 18:15:06',5.10,20074),
(3,20,'2022-10-28 18:15:06',5.79,20075),
(3,20,'2022-11-04 18:15:06',5.82,20076),
(3,20,'2022-11-18 18:15:06',5.85,20077),
(3,20,'2022-11-25 18:15:06',4.46,20078),
(3,20,'2022-12-02 18:15:06',4.14,20079),
(3,20,'2022-12-30 18:15:06',5.85,20080),
(3,20,'2023-02-10 18:15:06',5.98,20081),
(3,20,'2023-04-06 18:15:06',5.86,20082),
(3,20,'2023-06-08 18:15:06',5.82,20083),
(3,20,'2023-06-15 18:15:06',4.58,20084),
(3,20,'2023-07-06 18:15:06',5.82,20085),
(3,20,'2023-08-03 18:15:06',5.80,20086),
(3,20,'2023-08-17 18:15:06',5.79,20087),
(3,20,'2023-08-24 18:15:06',4.78,20088),
(3,20,'2023-09-14 18:15:06',5.79,20089),
(3,20,'2023-09-21 18:15:06',4.45,20090),
(3,20,'2023-10-05 18:15:06',5.79,20091),
(3,20,'2023-10-12 18:15:06',4.41,20092),
(3,20,'2023-10-26 18:15:06',5.96,20093),
(3,20,'2023-11-02 18:15:06',4.75,20094),
(3,20,'2024-03-01 18:15:06',5.96,20095),
(3,20,'2024-03-22 18:15:06',5.95,20096),
(3,20,'2024-03-29 18:15:06',5.89,20097),
(3,20,'2024-04-05 18:15:06',5.17,20098),
(3,20,'2024-05-31 18:15:06',5.89,20099),
(3,20,'2024-06-14 18:15:06',5.86,20100),
(3,20,'2024-07-05 18:15:06',5.95,20101),
(3,20,'2024-07-12 18:15:06',4.55,20102),
(3,20,'2024-08-09 18:15:06',5.95,20103),
(3,20,'2024-08-30 18:15:06',5.97,20104),
(3,20,'2024-09-20 18:15:06',6.07,20105),
(3,20,'2024-09-27 18:15:06',6.17,20106),
(3,20,'2024-10-04 18:15:06',4.50,20107),
(3,20,'2024-11-29 18:15:06',6.22,20108),
(3,20,'2024-12-20 18:15:06',6.17,20109),
(3,20,'2024-12-27 18:15:06',6.08,20110),
(3,21,'2022-11-18 18:15:13',6.93,20111),
(3,21,'2022-11-25 18:15:13',5.58,20112),
(3,21,'2022-12-02 18:15:13',6.94,20113),
(3,21,'2022-12-16 18:15:13',7.02,20114),
(3,21,'2022-12-23 18:15:13',6.96,20115),
(3,21,'2022-12-30 18:15:13',5.81,20116),
(3,21,'2023-01-06 18:15:13',6.96,20117),
(3,21,'2023-02-10 18:15:13',6.82,20118),
(3,21,'2023-02-17 18:15:13',5.95,20119),
(3,21,'2023-03-02 18:15:13',6.82,20120),
(3,21,'2023-03-23 18:15:13',6.91,20121),
(3,21,'2023-03-30 18:15:13',6.88,20122),
(3,21,'2023-04-06 18:15:13',5.81,20123),
(3,21,'2023-04-20 18:15:13',6.88,20124),
(3,21,'2023-06-15 18:15:13',6.98,20125),
(3,21,'2023-06-29 18:15:13',7.02,20126),
(3,21,'2023-07-06 18:15:13',4.91,20127),
(3,21,'2023-07-20 18:15:13',7.02,20128),
(3,21,'2023-08-03 18:15:13',7.11,20129),
(3,21,'2023-08-10 18:15:13',5.09,20130),
(3,21,'2023-08-17 18:15:13',7.11,20131),
(3,21,'2023-08-31 18:15:13',7.14,20132),
(3,21,'2023-09-14 18:15:13',7.05,20133),
(3,21,'2023-09-21 18:15:13',5.38,20134),
(3,21,'2023-10-12 18:15:13',7.05,20135),
(3,21,'2023-11-16 18:15:13',7.03,20136),
(3,21,'2023-12-21 18:15:13',6.96,20137),
(3,21,'2024-01-11 18:15:13',6.90,20138),
(3,21,'2024-02-22 18:15:13',6.93,20139),
(3,21,'2024-03-01 18:15:13',5.84,20140),
(3,21,'2024-03-15 18:15:13',6.93,20141),
(3,21,'2024-04-12 18:15:13',6.82,20142),
(3,21,'2024-06-28 18:15:13',6.85,20143),
(3,21,'2024-07-05 18:15:13',6.11,20144),
(3,21,'2024-07-19 18:15:13',6.85,20145),
(3,21,'2024-08-09 18:15:13',6.95,20146),
(3,21,'2024-08-16 18:15:13',4.90,20147),
(3,21,'2024-08-23 18:15:13',6.95,20148),
(3,21,'2024-09-13 18:15:13',6.92,20149),
(3,21,'2024-09-20 18:15:13',7.03,20150),
(3,21,'2024-10-18 18:15:13',7.02,20151),
(3,21,'2024-11-22 18:15:13',7.22,20152),
(3,21,'2024-11-29 18:15:13',5.50,20153),
(3,21,'2024-12-13 18:15:13',7.20,20154),
(3,21,'2024-12-20 18:15:13',5.37,20155),
(3,22,'2023-01-13 18:15:24',2.49,20156),
(3,22,'2023-02-17 18:15:24',2.53,20157),
(3,22,'2023-03-02 18:15:24',2.50,20158),
(3,22,'2023-03-09 18:15:24',2.49,20159),
(3,22,'2023-03-16 18:15:24',2.55,20160),
(3,22,'2023-03-23 18:15:24',2.59,20161),
(3,22,'2023-03-30 18:15:24',2.64,20162),
(3,22,'2023-04-06 18:15:24',2.66,20163),
(3,22,'2023-04-20 18:15:24',2.61,20164),
(3,22,'2023-04-27 18:15:24',2.58,20165),
(3,22,'2023-05-04 18:15:24',2.66,20166),
(3,22,'2023-05-25 18:15:24',2.54,20167),
(3,22,'2023-06-01 18:15:24',2.57,20168),
(3,22,'2023-06-22 18:15:24',2.58,20169),
(3,22,'2023-08-03 18:15:24',2.67,20170),
(3,22,'2023-09-21 18:15:24',2.71,20171),
(3,22,'2023-09-28 18:15:24',2.60,20172),
(3,22,'2023-10-19 18:15:24',2.65,20173),
(3,22,'2023-10-26 18:15:24',2.63,20174),
(3,22,'2023-11-02 18:15:24',2.77,20175),
(3,22,'2023-11-09 18:15:24',2.64,20176),
(3,22,'2023-11-16 18:15:24',2.67,20177),
(3,22,'2024-01-11 18:15:24',2.62,20178),
(3,22,'2024-01-18 18:15:24',2.64,20179),
(3,22,'2024-01-25 18:15:24',2.81,20180),
(3,22,'2024-02-08 18:15:24',2.86,20181),
(3,22,'2024-03-08 18:15:24',2.81,20182),
(3,22,'2024-03-15 18:15:24',2.88,20183),
(3,22,'2024-05-03 18:15:24',2.82,20184),
(3,22,'2024-05-10 18:15:24',2.85,20185),
(3,22,'2024-06-07 18:15:24',2.82,20186),
(3,22,'2024-06-21 18:15:24',2.81,20187),
(3,22,'2024-07-19 18:15:24',2.82,20188),
(3,22,'2024-08-09 18:15:24',2.83,20189),
(3,22,'2024-08-30 18:15:24',2.85,20190),
(3,22,'2024-10-18 18:15:24',2.89,20191),
(3,22,'2024-11-01 18:15:24',3.05,20192),
(3,22,'2024-11-29 18:15:24',3.00,20193),
(3,22,'2024-12-27 18:15:24',2.94,20194),
(3,23,'2022-10-07 18:15:52',2.62,20195),
(3,23,'2022-10-28 18:15:52',2.59,20196),
(3,23,'2022-11-04 18:15:52',2.23,20197),
(3,23,'2022-12-23 18:15:52',2.59,20198),
(3,23,'2022-12-30 18:15:52',2.71,20199),
(3,23,'2023-01-06 18:15:52',2.29,20200),
(3,23,'2023-02-03 18:15:52',2.71,20201),
(3,23,'2023-02-10 18:15:52',2.29,20202),
(3,23,'2023-03-30 18:15:52',2.71,20203),
(3,23,'2023-07-20 18:15:52',2.78,20204),
(3,23,'2023-08-24 18:15:52',2.75,20205),
(3,23,'2023-08-31 18:15:52',2.24,20206),
(3,23,'2023-11-23 18:15:52',2.75,20207),
(3,23,'2024-01-11 18:15:52',2.72,20208),
(3,23,'2024-01-18 18:15:52',2.29,20209),
(3,23,'2024-01-25 18:15:52',2.72,20210),
(3,23,'2024-02-01 18:15:52',2.78,20211),
(3,23,'2024-03-15 18:15:52',2.87,20212),
(3,23,'2024-04-12 18:15:52',2.83,20213),
(3,23,'2024-04-19 18:15:52',2.29,20214),
(3,23,'2024-04-26 18:15:52',2.83,20215),
(3,23,'2024-05-10 18:15:52',2.89,20216),
(3,23,'2024-05-17 18:15:52',2.96,20217),
(3,23,'2024-05-24 18:15:52',2.29,20218),
(3,23,'2024-05-31 18:15:52',2.96,20219),
(3,23,'2024-06-28 18:15:52',2.88,20220),
(3,23,'2024-07-12 18:15:52',2.89,20221),
(3,23,'2024-08-30 18:15:52',2.94,20222),
(3,23,'2024-09-06 18:15:52',2.29,20223),
(3,23,'2024-10-18 18:15:52',2.94,20224),
(3,23,'2024-11-08 18:15:52',2.99,20225),
(3,23,'2024-11-22 18:15:52',2.90,20226),
(3,23,'2024-11-29 18:15:52',2.29,20227),
(3,24,'2023-06-01 18:17:06',3.00,20228),
(3,24,'2023-06-29 18:17:06',3.12,20229),
(3,24,'2023-08-03 18:17:06',3.31,20230),
(3,24,'2023-08-24 18:17:06',3.20,20231),
(3,24,'2024-01-04 18:17:06',3.10,20232),
(3,24,'2024-03-29 18:17:06',3.21,20233),
(3,24,'2024-04-26 18:17:06',3.24,20234),
(3,24,'2024-06-14 18:17:06',3.28,20235),
(3,24,'2024-11-15 18:17:06',3.39,20236),
(3,24,'2024-12-13 18:17:06',3.34,20237),
(3,25,'2022-10-14 18:17:24',5.09,20238),
(3,25,'2022-10-21 18:17:24',4.16,20239),
(3,25,'2022-12-23 18:17:24',5.09,20240),
(3,25,'2023-01-06 18:17:24',5.02,20241),
(3,25,'2023-03-02 18:17:24',4.95,20242),
(3,25,'2023-03-09 18:17:24',4.39,20243),
(3,25,'2023-03-16 18:17:24',4.06,20244),
(3,25,'2023-05-18 18:17:24',4.92,20245),
(3,25,'2023-07-27 18:17:24',4.85,20246),
(3,25,'2023-08-24 18:17:24',4.84,20247),
(3,25,'2023-08-31 18:17:24',4.18,20248),
(3,25,'2023-09-07 18:17:24',4.84,20249),
(3,25,'2023-10-05 18:17:24',4.96,20250),
(3,25,'2023-11-30 18:17:24',5.02,20251),
(3,25,'2023-12-07 18:17:24',5.08,20252),
(3,25,'2023-12-14 18:17:24',4.37,20253),
(3,25,'2023-12-21 18:17:24',5.08,20254),
(3,25,'2023-12-28 18:17:24',4.47,20255),
(3,25,'2024-01-25 18:17:24',5.08,20256),
(3,25,'2024-03-01 18:17:24',5.13,20257),
(3,25,'2024-03-08 18:17:24',4.20,20258),
(3,25,'2024-05-31 18:17:24',5.13,20259),
(3,25,'2024-06-21 18:17:24',5.22,20260),
(3,25,'2024-08-30 18:17:24',5.32,20261),
(3,25,'2024-09-06 18:17:24',5.54,20262),
(3,25,'2024-09-13 18:17:24',4.46,20263),
(3,25,'2024-10-04 18:17:24',5.54,20264),
(3,25,'2024-11-08 18:17:24',5.63,20265),
(3,25,'2024-11-15 18:17:24',5.74,20266),
(3,25,'2024-11-22 18:17:24',4.59,20267),
(3,25,'2024-11-29 18:17:24',5.74,20268),
(3,25,'2024-12-06 18:17:24',4.69,20269),
(3,25,'2024-12-20 18:17:24',5.74,20270),
(3,25,'2024-12-27 18:17:24',4.69,20271),
(3,26,'2022-11-04 18:17:40',4.90,20272),
(3,26,'2022-11-11 18:17:40',4.02,20273),
(3,26,'2022-11-18 18:17:40',4.90,20274),
(3,26,'2022-12-09 18:17:40',4.80,20275),
(3,26,'2023-01-13 18:17:40',4.86,20276),
(3,26,'2023-01-20 18:17:40',4.98,20277),
(3,26,'2023-02-03 18:17:40',4.94,20278),
(3,26,'2023-02-10 18:17:40',3.91,20279),
(3,26,'2023-03-02 18:17:40',4.94,20280),
(3,26,'2023-03-09 18:17:40',3.79,20281),
(3,26,'2023-03-30 18:17:40',4.94,20282),
(3,26,'2023-04-06 18:17:40',4.20,20283),
(3,26,'2023-05-04 18:17:40',4.88,20284),
(3,26,'2023-05-11 18:17:40',4.84,20285),
(3,26,'2023-05-18 18:17:40',4.12,20286),
(3,26,'2023-08-31 18:17:40',4.84,20287),
(3,26,'2023-09-14 18:17:40',4.92,20288),
(3,26,'2023-09-21 18:17:40',3.92,20289),
(3,26,'2023-10-05 18:17:40',4.90,20290),
(3,26,'2023-10-12 18:17:40',4.32,20291),
(3,26,'2023-10-19 18:17:40',4.93,20292),
(3,26,'2023-10-26 18:17:40',3.84,20293),
(3,26,'2024-01-04 18:17:40',4.93,20294),
(3,26,'2024-01-11 18:17:40',3.80,20295),
(3,26,'2024-01-18 18:17:40',5.03,20296),
(3,26,'2024-01-25 18:17:40',4.17,20297),
(3,26,'2024-02-08 18:17:40',5.03,20298),
(3,26,'2024-03-29 18:17:40',5.01,20299),
(3,26,'2024-04-12 18:17:40',5.04,20300),
(3,26,'2024-05-03 18:17:40',5.10,20301),
(3,26,'2024-07-26 18:17:40',5.05,20302),
(3,26,'2024-08-09 18:17:40',5.11,20303),
(3,26,'2024-08-16 18:17:40',5.22,20304),
(3,26,'2024-08-23 18:17:40',4.54,20305),
(3,26,'2024-10-11 18:17:40',5.22,20306),
(3,26,'2024-10-18 18:17:40',4.01,20307),
(3,26,'2024-10-25 18:17:40',4.16,20308),
(3,27,'2022-10-28 18:17:49',5.85,20309),
(3,27,'2022-11-04 18:17:49',5.84,20310),
(3,27,'2022-11-11 18:17:49',4.95,20311),
(3,27,'2022-11-18 18:17:49',4.99,20312),
(3,27,'2023-01-06 18:17:49',5.84,20313),
(3,27,'2023-01-13 18:17:49',4.99,20314),
(3,27,'2023-02-17 18:17:49',5.70,20315),
(3,27,'2023-03-16 18:17:49',5.74,20316),
(3,27,'2023-04-06 18:17:49',5.82,20317),
(3,27,'2023-04-27 18:17:49',5.69,20318),
(3,27,'2023-05-18 18:17:49',5.61,20319),
(3,27,'2023-05-25 18:17:49',4.56,20320),
(3,27,'2023-06-08 18:17:49',5.71,20321),
(3,27,'2023-06-15 18:17:49',4.64,20322),
(3,27,'2023-06-22 18:17:49',5.71,20323),
(3,27,'2023-06-29 18:17:49',4.99,20324),
(3,27,'2023-09-21 18:17:49',5.71,20325),
(3,27,'2023-09-28 18:17:49',4.99,20326),
(3,27,'2023-12-28 18:17:49',5.80,20327),
(3,27,'2024-02-01 18:17:49',5.73,20328),
(3,27,'2024-02-08 18:17:49',5.68,20329),
(3,27,'2024-02-15 18:17:49',4.36,20330),
(3,27,'2024-04-12 18:17:49',5.68,20331),
(3,27,'2024-04-26 18:17:49',5.76,20332),
(3,27,'2024-06-28 18:17:49',5.75,20333),
(3,27,'2024-07-05 18:17:49',5.77,20334),
(3,27,'2024-07-26 18:17:49',5.86,20335),
(3,27,'2024-08-02 18:17:49',4.72,20336),
(3,27,'2024-08-16 18:17:49',5.86,20337),
(3,27,'2024-08-30 18:17:49',5.85,20338),
(3,27,'2024-09-06 18:17:49',4.99,20339),
(3,27,'2024-09-13 18:17:49',5.97,20340),
(3,27,'2024-09-20 18:17:49',5.96,20341),
(3,27,'2024-10-25 18:17:49',6.00,20342),
(3,27,'2024-12-27 18:17:49',6.23,20343),
(3,28,'2022-10-28 18:18:00',3.84,20344),
(3,28,'2022-11-04 18:18:00',3.79,20345),
(3,28,'2022-11-11 18:18:00',2.88,20346),
(3,28,'2022-12-02 18:18:00',3.79,20347),
(3,28,'2022-12-16 18:18:00',3.84,20348),
(3,28,'2023-01-06 18:18:00',3.73,20349),
(3,28,'2023-01-13 18:18:00',3.29,20350),
(3,28,'2023-03-09 18:18:00',3.73,20351),
(3,28,'2023-03-16 18:18:00',3.09,20352),
(3,28,'2023-03-23 18:18:00',2.61,20353),
(3,28,'2023-03-30 18:18:00',2.57,20354),
(3,28,'2023-04-13 18:18:00',3.73,20355),
(3,28,'2023-05-11 18:18:00',3.71,20356),
(3,28,'2023-05-18 18:18:00',3.07,20357),
(3,28,'2023-05-25 18:18:00',3.71,20358),
(3,28,'2023-06-08 18:18:00',3.79,20359),
(3,28,'2023-06-15 18:18:00',3.07,20360),
(3,28,'2023-06-22 18:18:00',3.06,20361),
(3,28,'2023-07-27 18:18:00',3.79,20362),
(3,28,'2023-08-03 18:18:00',2.96,20363),
(3,28,'2023-08-31 18:18:00',3.79,20364),
(3,28,'2023-09-14 18:18:00',3.73,20365),
(3,28,'2023-09-21 18:18:00',3.20,20366),
(3,28,'2023-10-12 18:18:00',3.73,20367),
(3,28,'2023-12-28 18:18:00',3.69,20368),
(3,28,'2024-01-04 18:18:00',3.28,20369),
(3,28,'2024-01-11 18:18:00',3.69,20370),
(3,28,'2024-02-01 18:18:00',3.77,20371),
(3,28,'2024-03-29 18:18:00',3.91,20372),
(3,28,'2024-04-05 18:18:00',3.20,20373),
(3,28,'2024-04-12 18:18:00',3.91,20374),
(3,28,'2024-04-19 18:18:00',2.77,20375),
(3,28,'2024-06-14 18:18:00',4.04,20376),
(3,28,'2024-09-06 18:18:00',4.00,20377),
(3,28,'2024-09-13 18:18:00',3.36,20378),
(3,28,'2024-10-04 18:18:00',4.01,20379),
(3,28,'2024-10-11 18:18:00',3.39,20380),
(3,28,'2024-11-22 18:18:00',4.01,20381),
(3,29,'2022-12-30 18:18:17',3.00,20382),
(3,29,'2023-01-06 18:18:17',2.69,20383),
(3,29,'2023-01-20 18:18:17',3.00,20384),
(3,29,'2023-01-27 18:18:17',2.51,20385),
(3,29,'2023-02-10 18:18:17',3.00,20386),
(3,29,'2023-03-02 18:18:17',3.13,20387),
(3,29,'2023-04-20 18:18:17',3.27,20388),
(3,29,'2023-04-27 18:18:17',3.16,20389),
(3,29,'2023-05-04 18:18:17',3.20,20390),
(3,29,'2023-09-07 18:18:17',3.27,20391),
(3,29,'2023-09-21 18:18:17',3.38,20392),
(3,29,'2023-10-26 18:18:17',3.40,20393),
(3,29,'2023-11-02 18:18:17',3.54,20394),
(3,29,'2023-11-30 18:18:17',3.58,20395),
(3,29,'2023-12-28 18:18:17',3.65,20396),
(3,29,'2024-01-04 18:18:17',2.74,20397),
(3,29,'2024-02-01 18:18:17',3.65,20398),
(3,29,'2024-05-03 18:18:17',3.57,20399),
(3,29,'2024-07-05 18:18:17',3.45,20400),
(3,29,'2024-07-12 18:18:17',2.68,20401),
(3,29,'2024-08-09 18:18:17',3.53,20402),
(3,29,'2024-08-16 18:18:17',2.51,20403),
(3,29,'2024-08-30 18:18:17',3.53,20404),
(3,29,'2024-10-25 18:18:17',3.54,20405),
(3,29,'2024-11-08 18:18:17',3.50,20406),
(3,29,'2024-11-15 18:18:17',2.64,20407),
(3,29,'2024-11-22 18:18:17',3.00,20408),
(3,29,'2024-12-06 18:18:17',3.50,20409),
(3,30,'2022-10-07 18:18:39',4.99,20410),
(3,30,'2022-10-14 18:18:39',5.06,20411),
(3,30,'2022-12-30 18:18:39',5.04,20412),
(3,30,'2023-01-06 18:18:39',5.01,20413),
(3,30,'2023-03-16 18:18:39',5.02,20414),
(3,30,'2023-03-23 18:18:39',5.00,20415),
(3,30,'2023-04-06 18:18:39',4.99,20416),
(3,30,'2023-04-13 18:18:39',3.93,20417),
(3,30,'2023-04-27 18:18:39',4.99,20418),
(3,30,'2023-05-04 18:18:39',4.22,20419),
(3,30,'2023-06-22 18:18:39',4.99,20420),
(3,30,'2023-06-29 18:18:39',5.08,20421),
(3,30,'2023-07-06 18:18:39',4.57,20422),
(3,30,'2023-07-20 18:18:39',5.08,20423),
(3,30,'2023-07-27 18:18:39',3.92,20424),
(3,30,'2023-08-24 18:18:39',5.08,20425),
(3,30,'2023-08-31 18:18:39',3.83,20426),
(3,30,'2023-09-07 18:18:39',5.27,20427),
(3,30,'2023-09-14 18:18:39',5.35,20428),
(3,30,'2023-09-21 18:18:39',5.31,20429),
(3,30,'2023-09-28 18:18:39',4.76,20430),
(3,30,'2023-11-02 18:18:39',5.31,20431),
(3,30,'2023-11-30 18:18:39',5.37,20432),
(3,30,'2024-01-04 18:18:39',5.41,20433),
(3,30,'2024-02-08 18:18:39',5.39,20434),
(3,30,'2024-02-22 18:18:39',5.48,20435),
(3,30,'2024-03-29 18:18:39',5.40,20436),
(3,30,'2024-04-12 18:18:39',5.35,20437),
(3,30,'2024-04-26 18:18:39',5.41,20438),
(3,30,'2024-05-03 18:18:39',5.43,20439),
(3,30,'2024-05-10 18:18:39',4.01,20440),
(3,30,'2024-06-07 18:18:39',5.43,20441),
(3,30,'2024-06-14 18:18:39',4.00,20442),
(3,30,'2024-06-28 18:18:39',5.43,20443),
(3,30,'2024-07-19 18:18:39',5.47,20444),
(3,30,'2024-07-26 18:18:39',3.83,20445),
(3,30,'2024-08-16 18:18:39',5.47,20446),
(3,30,'2024-08-23 18:18:39',4.08,20447),
(3,30,'2024-09-20 18:18:39',5.47,20448),
(3,30,'2024-10-04 18:18:39',5.49,20449),
(3,30,'2024-12-20 18:18:39',5.57,20450),
(3,30,'2024-12-27 18:18:39',4.86,20451),
(4,1,'2022-10-07 14:50:38',13.27,20452),
(4,1,'2022-12-02 14:50:38',13.29,20453),
(4,1,'2022-12-09 14:50:38',9.26,20454),
(4,1,'2022-12-16 14:50:38',13.29,20455),
(4,1,'2023-01-13 14:50:38',13.18,20456),
(4,1,'2023-01-20 14:50:38',13.13,20457),
(4,1,'2023-01-27 14:50:38',11.34,20458),
(4,1,'2023-02-03 14:50:38',7.94,20459),
(4,1,'2023-03-02 14:50:38',13.13,20460),
(4,1,'2023-04-20 14:50:38',13.18,20461),
(4,1,'2023-06-08 14:50:38',13.12,20462),
(4,1,'2023-06-22 14:50:38',13.21,20463),
(4,1,'2023-07-27 14:50:38',13.20,20464),
(4,1,'2023-08-03 14:50:38',13.32,20465),
(4,1,'2023-08-24 14:50:38',13.24,20466),
(4,1,'2023-08-31 14:50:38',11.04,20467),
(4,1,'2023-09-14 14:50:38',13.24,20468),
(4,1,'2023-10-05 14:50:38',12.93,20469),
(4,1,'2023-10-12 14:50:38',12.83,20470),
(4,1,'2023-10-19 14:50:38',10.97,20471),
(4,1,'2023-10-26 14:50:38',7.72,20472),
(4,1,'2023-11-02 14:50:38',12.83,20473),
(4,1,'2023-11-09 14:50:38',8.71,20474),
(4,1,'2023-12-28 14:50:38',12.83,20475),
(4,1,'2024-01-04 14:50:38',7.94,20476),
(4,1,'2024-01-11 14:50:38',12.83,20477),
(4,1,'2024-04-19 14:50:38',12.81,20478),
(4,1,'2024-05-31 14:50:38',12.92,20479),
(4,1,'2024-08-02 14:50:38',12.77,20480),
(4,1,'2024-08-09 14:50:38',8.37,20481),
(4,1,'2024-08-16 14:50:38',8.76,20482),
(4,1,'2024-09-27 14:50:38',12.81,20483),
(4,1,'2024-10-04 14:50:38',9.86,20484),
(4,1,'2024-11-01 14:50:38',12.81,20485),
(4,1,'2024-11-15 14:50:38',12.64,20486),
(4,2,'2022-10-14 14:49:55',13.19,20487),
(4,2,'2022-12-16 14:49:55',13.42,20488),
(4,2,'2022-12-23 14:49:55',13.44,20489),
(4,2,'2022-12-30 14:49:55',11.50,20490),
(4,2,'2023-02-03 14:49:55',13.44,20491),
(4,2,'2023-02-10 14:49:55',11.43,20492),
(4,2,'2023-02-24 14:49:55',13.44,20493),
(4,2,'2023-03-09 14:49:55',13.55,20494),
(4,2,'2023-04-20 14:49:55',13.58,20495),
(4,2,'2023-04-27 14:49:55',10.35,20496),
(4,2,'2023-06-15 14:49:55',13.58,20497),
(4,2,'2023-06-29 14:49:55',13.39,20498),
(4,2,'2023-08-03 14:49:55',13.33,20499),
(4,2,'2023-08-17 14:49:55',13.27,20500),
(4,2,'2023-09-07 14:49:55',13.16,20501),
(4,2,'2023-10-26 14:49:55',13.14,20502),
(4,2,'2023-11-16 14:49:55',13.13,20503),
(4,2,'2023-11-23 14:49:55',11.46,20504),
(4,2,'2023-12-07 14:49:55',13.17,20505),
(4,2,'2023-12-21 14:49:55',13.21,20506),
(4,2,'2023-12-28 14:49:55',10.54,20507),
(4,2,'2024-01-04 14:49:55',13.21,20508),
(4,2,'2024-01-11 14:49:55',13.32,20509),
(4,2,'2024-01-25 14:49:55',13.44,20510),
(4,2,'2024-02-01 14:49:55',9.88,20511),
(4,2,'2024-03-22 14:49:55',13.44,20512),
(4,2,'2024-03-29 14:49:55',9.80,20513),
(4,2,'2024-04-19 14:49:55',13.44,20514),
(4,2,'2024-04-26 14:49:55',13.42,20515),
(4,2,'2024-05-03 14:49:55',11.97,20516),
(4,2,'2024-05-10 14:49:55',13.42,20517),
(4,2,'2024-08-02 14:49:55',13.32,20518),
(4,2,'2024-08-09 14:49:55',10.10,20519),
(4,2,'2024-09-20 14:49:55',13.30,20520),
(4,2,'2024-09-27 14:49:55',8.27,20521),
(4,2,'2024-10-04 14:49:55',13.30,20522),
(4,2,'2024-10-11 14:49:55',13.41,20523),
(4,2,'2024-11-01 14:49:55',13.38,20524),
(4,2,'2024-11-15 14:49:55',13.36,20525),
(4,2,'2024-12-13 14:49:55',13.48,20526),
(4,2,'2024-12-20 14:49:55',10.35,20527),
(4,3,'2023-04-27 18:11:53',0.35,20528),
(4,3,'2023-07-06 18:11:53',0.37,20529),
(4,3,'2023-12-21 18:11:53',0.38,20530),
(4,3,'2024-01-04 18:11:53',0.40,20531),
(4,3,'2024-02-01 18:11:53',0.44,20532),
(4,3,'2024-02-15 18:11:53',0.45,20533),
(4,3,'2024-04-19 18:11:53',0.46,20534),
(4,3,'2024-07-26 18:11:53',0.48,20535),
(4,3,'2024-09-06 18:11:53',0.46,20536),
(4,3,'2024-09-27 18:11:53',0.48,20537),
(4,4,'2022-11-11 18:12:37',1.27,20538),
(4,4,'2022-11-18 18:12:37',1.29,20539),
(4,4,'2023-03-16 18:12:37',1.31,20540),
(4,4,'2023-03-23 18:12:37',1.09,20541),
(4,4,'2023-04-20 18:12:37',1.31,20542),
(4,4,'2023-06-15 18:12:37',1.42,20543),
(4,4,'2023-08-24 18:12:37',1.48,20544),
(4,4,'2023-09-21 18:12:37',1.40,20545),
(4,4,'2023-09-28 18:12:37',1.09,20546),
(4,4,'2023-10-05 18:12:37',1.40,20547),
(4,4,'2023-10-19 18:12:37',1.38,20548),
(4,4,'2023-11-09 18:12:37',1.44,20549),
(4,4,'2023-12-14 18:12:37',1.40,20550),
(4,4,'2024-01-04 18:12:37',1.44,20551),
(4,4,'2024-01-18 18:12:37',1.09,20552),
(4,4,'2024-01-25 18:12:37',1.44,20553),
(4,4,'2024-02-08 18:12:37',1.46,20554),
(4,4,'2024-03-15 18:12:37',1.42,20555),
(4,4,'2024-03-22 18:12:37',1.09,20556),
(4,4,'2024-04-19 18:12:37',1.40,20557),
(4,4,'2024-04-26 18:12:37',1.09,20558),
(4,4,'2024-05-31 18:12:37',1.40,20559),
(4,4,'2024-06-14 18:12:37',1.42,20560),
(4,4,'2024-08-30 18:12:37',1.45,20561),
(4,4,'2024-09-06 18:12:37',1.44,20562),
(4,4,'2024-10-11 18:12:37',1.45,20563),
(4,4,'2024-11-15 18:12:37',1.43,20564),
(4,4,'2024-12-13 18:12:37',1.38,20565),
(4,4,'2024-12-20 18:12:37',1.09,20566),
(4,5,'2022-11-18 18:12:54',12.03,20567),
(4,5,'2023-01-06 18:12:54',12.10,20568),
(4,5,'2023-01-13 18:12:54',7.21,20569),
(4,5,'2023-03-09 18:12:54',12.10,20570),
(4,5,'2023-03-16 18:12:54',12.26,20571),
(4,5,'2023-03-23 18:12:54',8.72,20572),
(4,5,'2023-04-13 18:12:54',12.26,20573),
(4,5,'2023-04-20 18:12:54',6.28,20574),
(4,5,'2023-05-25 18:12:54',12.26,20575),
(4,5,'2023-07-06 18:12:54',12.14,20576),
(4,5,'2023-08-03 18:12:54',12.02,20577),
(4,5,'2023-08-31 18:12:54',12.10,20578),
(4,5,'2023-09-07 18:12:54',8.00,20579),
(4,5,'2023-10-26 18:12:54',12.10,20580),
(4,5,'2023-11-02 18:12:54',6.57,20581),
(4,5,'2023-11-16 18:12:54',12.10,20582),
(4,5,'2024-02-22 18:12:54',12.41,20583),
(4,5,'2024-03-01 18:12:54',12.35,20584),
(4,5,'2024-03-08 18:12:54',8.29,20585),
(4,5,'2024-05-03 18:12:54',12.35,20586),
(4,5,'2024-05-10 18:12:54',6.91,20587),
(4,5,'2024-05-24 18:12:54',12.43,20588),
(4,5,'2024-08-30 18:12:54',12.63,20589),
(4,5,'2024-09-06 18:12:54',7.26,20590),
(4,5,'2024-10-18 18:12:54',12.63,20591),
(4,5,'2024-10-25 18:12:54',12.80,20592),
(4,5,'2024-11-01 18:12:54',12.90,20593),
(4,5,'2024-11-08 18:12:54',8.82,20594),
(4,5,'2024-11-15 18:12:54',7.15,20595),
(4,5,'2024-11-22 18:12:54',12.90,20596),
(4,5,'2024-11-29 18:12:54',12.79,20597),
(4,5,'2024-12-27 18:12:54',12.73,20598),
(4,6,'2022-10-07 18:13:01',1.79,20599),
(4,6,'2022-11-25 18:13:01',1.84,20600),
(4,6,'2022-12-02 18:13:01',1.61,20601),
(4,6,'2022-12-16 18:13:01',1.84,20602),
(4,6,'2022-12-23 18:13:01',1.26,20603),
(4,6,'2023-01-13 18:13:01',1.84,20604),
(4,6,'2023-03-16 18:13:01',1.86,20605),
(4,6,'2023-03-23 18:13:01',1.59,20606),
(4,6,'2023-05-18 18:13:01',1.86,20607),
(4,6,'2023-05-25 18:13:01',1.39,20608),
(4,6,'2023-06-29 18:13:01',1.84,20609),
(4,6,'2023-07-06 18:13:01',1.51,20610),
(4,6,'2023-07-13 18:13:01',1.56,20611),
(4,6,'2023-11-30 18:13:01',1.84,20612),
(4,6,'2023-12-07 18:13:01',1.55,20613),
(4,6,'2023-12-14 18:13:01',1.84,20614),
(4,6,'2023-12-21 18:13:01',1.93,20615),
(4,6,'2023-12-28 18:13:01',1.43,20616),
(4,6,'2024-01-04 18:13:01',1.62,20617),
(4,6,'2024-01-25 18:13:01',1.93,20618),
(4,6,'2024-02-15 18:13:01',1.87,20619),
(4,6,'2024-02-22 18:13:01',1.63,20620),
(4,6,'2024-04-12 18:13:01',1.83,20621),
(4,6,'2024-04-19 18:13:01',1.38,20622),
(4,6,'2024-06-21 18:13:01',1.83,20623),
(4,6,'2024-06-28 18:13:01',1.82,20624),
(4,6,'2024-07-05 18:13:01',1.45,20625),
(4,6,'2024-10-04 18:13:01',1.83,20626),
(4,6,'2024-11-01 18:13:01',1.89,20627),
(4,6,'2024-11-08 18:13:01',1.31,20628),
(4,7,'2022-12-16 18:13:12',1.99,20629),
(4,7,'2022-12-23 18:13:12',1.43,20630),
(4,7,'2023-01-20 18:13:12',1.99,20631),
(4,7,'2023-01-27 18:13:12',1.18,20632),
(4,7,'2023-03-09 18:13:12',1.99,20633),
(4,7,'2023-03-16 18:13:12',1.29,20634),
(4,7,'2023-03-30 18:13:12',1.99,20635),
(4,7,'2023-04-06 18:13:12',2.02,20636),
(4,7,'2023-04-13 18:13:12',1.47,20637),
(4,7,'2023-04-27 18:13:12',2.02,20638),
(4,7,'2023-05-04 18:13:12',1.05,20639),
(4,7,'2023-07-20 18:13:12',2.02,20640),
(4,7,'2023-07-27 18:13:12',1.04,20641),
(4,7,'2023-08-31 18:13:12',2.02,20642),
(4,7,'2023-09-21 18:13:12',1.99,20643),
(4,7,'2023-09-28 18:13:12',1.36,20644),
(4,7,'2023-11-16 18:13:12',1.99,20645),
(4,7,'2023-11-23 18:13:12',1.26,20646),
(4,7,'2023-12-14 18:13:12',1.99,20647),
(4,7,'2024-02-15 18:13:12',2.02,20648),
(4,7,'2024-02-22 18:13:12',2.07,20649),
(4,7,'2024-03-01 18:13:12',1.10,20650),
(4,7,'2024-03-29 18:13:12',2.10,20651),
(4,7,'2024-04-05 18:13:12',1.11,20652),
(4,7,'2024-04-12 18:13:12',1.53,20653),
(4,7,'2024-05-24 18:13:12',2.10,20654),
(4,7,'2024-07-12 18:13:12',2.06,20655),
(4,7,'2024-07-19 18:13:12',1.40,20656),
(4,7,'2024-08-02 18:13:12',2.06,20657),
(4,7,'2024-08-09 18:13:12',2.09,20658),
(4,7,'2024-08-16 18:13:12',1.52,20659),
(4,7,'2024-09-20 18:13:12',2.09,20660),
(4,7,'2024-10-18 18:13:12',2.11,20661),
(4,7,'2024-11-08 18:13:12',2.16,20662),
(4,7,'2024-11-15 18:13:12',2.15,20663),
(4,7,'2024-11-22 18:13:12',1.22,20664),
(4,8,'2022-10-21 18:13:19',3.54,20665),
(4,8,'2022-11-04 18:13:19',3.52,20666),
(4,8,'2022-11-11 18:13:19',2.65,20667),
(4,8,'2022-12-09 18:13:19',3.45,20668),
(4,8,'2022-12-16 18:13:19',2.99,20669),
(4,8,'2022-12-30 18:13:19',3.45,20670),
(4,8,'2023-01-13 18:13:19',3.46,20671),
(4,8,'2023-01-20 18:13:19',2.84,20672),
(4,8,'2023-02-10 18:13:19',3.46,20673),
(4,8,'2023-06-15 18:13:19',3.54,20674),
(4,8,'2023-07-13 18:13:19',3.47,20675),
(4,8,'2023-08-03 18:13:19',3.51,20676),
(4,8,'2023-09-07 18:13:19',3.48,20677),
(4,8,'2023-10-05 18:13:19',3.57,20678),
(4,8,'2023-10-12 18:13:19',2.99,20679),
(4,8,'2023-11-23 18:13:19',3.57,20680),
(4,8,'2024-02-22 18:13:19',3.61,20681),
(4,8,'2024-03-22 18:13:19',3.62,20682),
(4,8,'2024-03-29 18:13:19',2.87,20683),
(4,8,'2024-04-05 18:13:19',3.62,20684),
(4,8,'2024-05-03 18:13:19',3.63,20685),
(4,8,'2024-05-10 18:13:19',2.99,20686),
(4,8,'2024-05-24 18:13:19',3.72,20687),
(4,8,'2024-06-07 18:13:19',3.66,20688),
(4,8,'2024-06-14 18:13:19',2.99,20689),
(4,8,'2024-06-21 18:13:19',3.66,20690),
(4,8,'2024-07-19 18:13:19',3.69,20691),
(4,8,'2024-08-02 18:13:19',3.78,20692),
(4,8,'2024-08-09 18:13:19',2.91,20693),
(4,8,'2024-12-13 18:13:19',3.78,20694),
(4,9,'2022-11-11 18:13:26',2.70,20695),
(4,9,'2022-11-18 18:13:26',1.90,20696),
(4,9,'2022-12-02 18:13:26',2.71,20697),
(4,9,'2022-12-09 18:13:26',2.00,20698),
(4,9,'2022-12-16 18:13:26',2.71,20699),
(4,9,'2023-03-02 18:13:26',2.62,20700),
(4,9,'2023-03-09 18:13:26',2.14,20701),
(4,9,'2023-03-30 18:13:26',2.78,20702),
(4,9,'2023-04-06 18:13:26',2.43,20703),
(4,9,'2023-04-13 18:13:26',2.40,20704),
(4,9,'2023-05-25 18:13:26',2.78,20705),
(4,9,'2023-06-01 18:13:26',2.22,20706),
(4,9,'2023-06-15 18:13:26',2.78,20707),
(4,9,'2023-07-06 18:13:26',2.67,20708),
(4,9,'2023-07-13 18:13:26',2.65,20709),
(4,9,'2023-07-27 18:13:26',2.67,20710),
(4,9,'2023-10-12 18:13:26',2.72,20711),
(4,9,'2023-10-19 18:13:26',2.66,20712),
(4,9,'2023-11-09 18:13:26',2.65,20713),
(4,9,'2023-12-07 18:13:26',2.58,20714),
(4,9,'2023-12-14 18:13:26',1.74,20715),
(4,9,'2024-01-11 18:13:26',2.58,20716),
(4,9,'2024-03-22 18:13:26',2.54,20717),
(4,9,'2024-05-17 18:13:26',2.64,20718),
(4,9,'2024-07-05 18:13:26',2.67,20719),
(4,9,'2024-07-12 18:13:26',2.12,20720),
(4,9,'2024-08-16 18:13:26',2.70,20721),
(4,9,'2024-08-30 18:13:26',2.61,20722),
(4,9,'2024-09-06 18:13:26',1.84,20723),
(4,9,'2024-10-11 18:13:26',2.61,20724),
(4,9,'2024-10-18 18:13:26',2.70,20725),
(4,9,'2024-10-25 18:13:26',1.94,20726),
(4,9,'2024-11-15 18:13:26',2.70,20727),
(4,9,'2024-11-22 18:13:26',2.32,20728),
(4,9,'2024-12-20 18:13:26',2.70,20729),
(4,9,'2024-12-27 18:13:26',1.88,20730),
(4,10,'2022-10-07 17:52:20',15.26,20731),
(4,10,'2022-10-07 18:13:35',15.09,20732),
(4,10,'2022-10-21 18:13:35',15.26,20733),
(4,10,'2023-01-27 18:13:35',15.30,20734),
(4,10,'2023-02-03 18:13:35',12.54,20735),
(4,10,'2023-02-24 18:13:35',15.23,20736),
(4,10,'2023-03-23 18:13:35',15.26,20737),
(4,10,'2023-04-13 18:13:35',15.24,20738),
(4,10,'2023-04-20 18:13:35',13.69,20739),
(4,10,'2023-05-11 18:13:35',15.24,20740),
(4,10,'2023-06-22 18:13:35',15.38,20741),
(4,10,'2023-07-06 18:13:35',15.45,20742),
(4,10,'2023-07-13 18:13:35',12.72,20743),
(4,10,'2023-08-24 18:13:35',15.45,20744),
(4,10,'2023-08-31 18:13:35',15.41,20745),
(4,10,'2023-09-21 18:13:35',15.58,20746),
(4,10,'2023-10-05 18:13:35',15.82,20747),
(4,10,'2023-10-12 18:13:35',13.17,20748),
(4,10,'2023-10-19 18:13:35',15.82,20749),
(4,10,'2023-11-23 18:13:35',16.15,20750),
(4,10,'2023-11-30 18:13:35',12.63,20751),
(4,10,'2023-12-14 18:13:35',16.32,20752),
(4,10,'2024-02-15 18:13:35',16.27,20753),
(4,10,'2024-03-08 18:13:35',16.39,20754),
(4,10,'2024-05-10 18:13:35',16.29,20755),
(4,10,'2024-05-17 18:13:35',5.76,20756),
(4,10,'2024-05-24 18:13:35',16.29,20757),
(4,10,'2024-06-07 18:13:35',16.26,20758),
(4,10,'2024-06-14 18:13:35',10.24,20759),
(4,10,'2024-06-28 18:13:35',16.34,20760),
(4,10,'2024-07-19 18:13:35',16.29,20761),
(4,10,'2024-09-27 18:13:35',16.00,20762),
(4,11,'2022-10-21 18:13:42',4.39,20763),
(4,11,'2022-12-02 18:13:42',4.54,20764),
(4,11,'2023-01-06 18:13:42',4.49,20765),
(4,11,'2023-01-13 18:13:42',3.39,20766),
(4,11,'2023-01-20 18:13:42',4.49,20767),
(4,11,'2023-03-16 18:13:42',4.57,20768),
(4,11,'2023-03-23 18:13:42',4.73,20769),
(4,11,'2023-03-30 18:13:42',2.48,20770),
(4,11,'2023-04-13 18:13:42',4.73,20771),
(4,11,'2023-04-20 18:13:42',3.39,20772),
(4,11,'2023-05-11 18:13:42',4.73,20773),
(4,11,'2023-05-25 18:13:42',4.86,20774),
(4,11,'2023-06-15 18:13:42',4.80,20775),
(4,11,'2023-06-22 18:13:42',3.39,20776),
(4,11,'2023-06-29 18:13:42',4.78,20777),
(4,11,'2023-07-27 18:13:42',4.97,20778),
(4,11,'2023-10-19 18:13:42',4.86,20779),
(4,11,'2023-11-16 18:13:42',4.99,20780),
(4,11,'2023-11-23 18:13:42',4.91,20781),
(4,11,'2023-11-30 18:13:42',3.39,20782),
(4,11,'2023-12-07 18:13:42',4.91,20783),
(4,11,'2024-01-04 18:13:42',5.03,20784),
(4,11,'2024-01-11 18:13:42',3.39,20785),
(4,11,'2024-01-18 18:13:42',5.03,20786),
(4,11,'2024-03-15 18:13:42',5.18,20787),
(4,11,'2024-03-22 18:13:42',3.39,20788),
(4,11,'2024-04-12 18:13:42',5.18,20789),
(4,11,'2024-04-19 18:13:42',3.19,20790),
(4,11,'2024-04-26 18:13:42',5.18,20791),
(4,11,'2024-05-03 18:13:42',3.39,20792),
(4,11,'2024-05-24 18:13:42',5.18,20793),
(4,11,'2024-05-31 18:13:42',5.36,20794),
(4,11,'2024-06-07 18:13:42',5.40,20795),
(4,11,'2024-08-02 18:13:42',5.50,20796),
(4,11,'2024-08-09 18:13:42',5.62,20797),
(4,11,'2024-08-16 18:13:42',5.72,20798),
(4,12,'2022-11-11 18:13:52',7.58,20799),
(4,12,'2022-11-18 18:13:52',6.65,20800),
(4,12,'2022-12-02 18:13:52',7.58,20801),
(4,12,'2023-01-06 18:13:52',7.74,20802),
(4,12,'2023-05-11 18:13:52',7.76,20803),
(4,12,'2023-05-18 18:13:52',5.98,20804),
(4,12,'2023-05-25 18:13:52',7.76,20805),
(4,12,'2023-06-01 18:13:52',6.07,20806),
(4,12,'2023-07-06 18:13:52',7.76,20807),
(4,12,'2023-07-13 18:13:52',7.80,20808),
(4,12,'2023-07-20 18:13:52',6.84,20809),
(4,12,'2023-07-27 18:13:52',6.83,20810),
(4,12,'2023-09-07 18:13:52',7.80,20811),
(4,12,'2023-10-05 18:13:52',7.92,20812),
(4,12,'2023-10-12 18:13:52',8.02,20813),
(4,12,'2023-11-02 18:13:52',8.00,20814),
(4,12,'2023-11-16 18:13:52',7.86,20815),
(4,12,'2023-12-14 18:13:52',8.00,20816),
(4,12,'2023-12-21 18:13:52',6.85,20817),
(4,12,'2024-01-11 18:13:52',8.00,20818),
(4,12,'2024-02-01 18:13:52',8.04,20819),
(4,12,'2024-03-15 18:13:52',8.02,20820),
(4,12,'2024-05-24 18:13:52',8.00,20821),
(4,12,'2024-06-07 18:13:52',8.02,20822),
(4,12,'2024-07-12 18:13:52',7.87,20823),
(4,12,'2024-09-27 18:13:52',7.78,20824),
(4,12,'2024-12-20 18:13:52',7.73,20825),
(4,13,'2022-10-21 18:14:01',3.41,20826),
(4,13,'2022-11-18 18:14:01',3.40,20827),
(4,13,'2022-11-25 18:14:01',2.92,20828),
(4,13,'2023-02-17 18:14:01',3.40,20829),
(4,13,'2023-02-24 18:14:01',2.85,20830),
(4,13,'2023-04-13 18:14:01',3.40,20831),
(4,13,'2023-06-01 18:14:01',3.44,20832),
(4,13,'2023-06-08 18:14:01',2.96,20833),
(4,13,'2023-06-29 18:14:01',3.44,20834),
(4,13,'2023-07-06 18:14:01',2.80,20835),
(4,13,'2023-08-10 18:14:01',3.44,20836),
(4,13,'2023-08-24 18:14:01',3.40,20837),
(4,13,'2023-08-31 18:14:01',3.48,20838),
(4,13,'2023-09-07 18:14:01',3.51,20839),
(4,13,'2023-10-12 18:14:01',3.44,20840),
(4,13,'2023-10-26 18:14:01',3.50,20841),
(4,13,'2023-11-16 18:14:01',3.65,20842),
(4,13,'2023-11-23 18:14:01',2.71,20843),
(4,13,'2024-03-15 18:14:01',3.65,20844),
(4,13,'2024-03-22 18:14:01',2.66,20845),
(4,13,'2024-03-29 18:14:01',3.65,20846),
(4,13,'2024-06-07 18:14:01',3.74,20847),
(4,13,'2024-06-21 18:14:01',3.69,20848),
(4,13,'2024-06-28 18:14:01',2.75,20849),
(4,13,'2024-09-13 18:14:01',3.69,20850),
(4,13,'2024-09-20 18:14:01',2.94,20851),
(4,13,'2024-09-27 18:14:01',3.69,20852),
(4,13,'2024-10-25 18:14:01',3.63,20853),
(4,13,'2024-11-08 18:14:01',3.56,20854),
(4,14,'2023-01-13 18:14:09',1.54,20855),
(4,14,'2023-02-24 18:14:09',1.50,20856),
(4,14,'2023-03-30 18:14:09',1.54,20857),
(4,14,'2023-05-04 18:14:09',1.59,20858),
(4,14,'2023-05-18 18:14:09',1.61,20859),
(4,14,'2023-05-25 18:14:09',1.24,20860),
(4,14,'2023-06-01 18:14:09',1.61,20861),
(4,14,'2023-06-08 18:14:09',1.33,20862),
(4,14,'2023-06-22 18:14:09',1.61,20863),
(4,14,'2023-06-29 18:14:09',1.51,20864),
(4,14,'2023-09-14 18:14:09',1.46,20865),
(4,14,'2023-10-26 18:14:09',1.52,20866),
(4,14,'2023-11-09 18:14:09',1.62,20867),
(4,14,'2024-01-11 18:14:09',1.63,20868),
(4,14,'2024-01-18 18:14:09',1.69,20869),
(4,14,'2024-02-08 18:14:09',1.66,20870),
(4,14,'2024-03-01 18:14:09',1.57,20871),
(4,14,'2024-04-12 18:14:09',1.68,20872),
(4,14,'2024-04-19 18:14:09',1.28,20873),
(4,14,'2024-05-24 18:14:09',1.68,20874),
(4,14,'2024-05-31 18:14:09',1.38,20875),
(4,14,'2024-08-23 18:14:09',1.68,20876),
(4,14,'2024-09-27 18:14:09',1.57,20877),
(4,14,'2024-10-04 18:14:09',1.34,20878),
(4,14,'2024-11-01 18:14:09',1.57,20879),
(4,14,'2024-11-08 18:14:09',1.31,20880),
(4,14,'2024-11-22 18:14:09',1.57,20881),
(4,14,'2024-11-29 18:14:09',1.30,20882),
(4,15,'2022-10-28 18:14:17',7.46,20883),
(4,15,'2022-11-04 18:14:17',6.15,20884),
(4,15,'2022-11-11 18:14:17',7.46,20885),
(4,15,'2022-11-18 18:14:17',7.52,20886),
(4,15,'2022-12-09 18:14:17',7.43,20887),
(4,15,'2023-01-06 18:14:17',7.41,20888),
(4,15,'2023-01-13 18:14:17',7.28,20889),
(4,15,'2023-01-20 18:14:17',6.53,20890),
(4,15,'2023-03-02 18:14:17',7.28,20891),
(4,15,'2023-03-09 18:14:17',6.06,20892),
(4,15,'2023-03-16 18:14:17',7.28,20893),
(4,15,'2023-03-23 18:14:17',7.33,20894),
(4,15,'2023-03-30 18:14:17',6.22,20895),
(4,15,'2023-05-04 18:14:17',7.33,20896),
(4,15,'2023-05-11 18:14:17',5.96,20897),
(4,15,'2023-05-25 18:14:17',7.33,20898),
(4,15,'2023-06-01 18:14:17',7.45,20899),
(4,15,'2023-06-08 18:14:17',6.13,20900),
(4,15,'2023-06-15 18:14:17',7.45,20901),
(4,15,'2023-06-22 18:14:17',6.69,20902),
(4,15,'2023-09-28 18:14:17',7.45,20903),
(4,15,'2023-10-05 18:14:17',5.91,20904),
(4,15,'2023-10-19 18:14:17',7.45,20905),
(4,15,'2023-10-26 18:14:17',6.44,20906),
(4,15,'2023-11-30 18:14:17',7.45,20907),
(4,15,'2023-12-07 18:14:17',6.08,20908),
(4,15,'2023-12-21 18:14:17',7.45,20909),
(4,15,'2024-01-25 18:14:17',7.53,20910),
(4,15,'2024-02-01 18:14:17',6.53,20911),
(4,15,'2024-03-15 18:14:17',7.53,20912),
(4,15,'2024-03-22 18:14:17',6.07,20913),
(4,15,'2024-04-19 18:14:17',7.53,20914),
(4,15,'2024-04-26 18:14:17',6.12,20915),
(4,15,'2024-07-26 18:14:17',7.53,20916),
(4,15,'2024-08-30 18:14:17',7.49,20917),
(4,15,'2024-09-06 18:14:17',6.45,20918),
(4,15,'2024-10-04 18:14:17',7.49,20919),
(4,15,'2024-10-11 18:14:17',7.61,20920),
(4,15,'2024-11-15 18:14:17',7.66,20921),
(4,15,'2024-11-22 18:14:17',6.03,20922),
(4,15,'2024-12-13 18:14:17',7.66,20923),
(4,15,'2024-12-20 18:14:17',6.78,20924),
(4,15,'2024-12-27 18:14:17',6.10,20925),
(4,16,'2022-11-11 18:14:26',2.13,20926),
(4,16,'2022-11-18 18:14:26',1.92,20927),
(4,16,'2022-12-23 18:14:26',2.13,20928),
(4,16,'2023-01-06 18:14:26',2.10,20929),
(4,16,'2023-01-20 18:14:26',1.80,20930),
(4,16,'2023-01-27 18:14:26',2.10,20931),
(4,16,'2023-02-03 18:14:26',1.99,20932),
(4,16,'2023-03-30 18:14:26',2.10,20933),
(4,16,'2023-04-06 18:14:26',1.91,20934),
(4,16,'2023-04-13 18:14:26',2.10,20935),
(4,16,'2023-04-20 18:14:26',1.88,20936),
(4,16,'2023-05-11 18:14:26',2.10,20937),
(4,16,'2023-05-25 18:14:26',2.14,20938),
(4,16,'2023-08-10 18:14:26',2.13,20939),
(4,16,'2023-08-17 18:14:26',2.17,20940),
(4,16,'2023-08-24 18:14:26',1.99,20941),
(4,16,'2023-09-28 18:14:26',2.17,20942),
(4,16,'2023-11-02 18:14:26',2.18,20943),
(4,16,'2023-12-07 18:14:26',2.23,20944),
(4,16,'2023-12-28 18:14:26',2.15,20945),
(4,16,'2024-03-08 18:14:26',2.13,20946),
(4,16,'2024-03-15 18:14:26',1.81,20947),
(4,16,'2024-05-24 18:14:26',2.12,20948),
(4,16,'2024-05-31 18:14:26',1.93,20949),
(4,16,'2024-06-07 18:14:26',2.12,20950),
(4,16,'2024-06-14 18:14:26',1.88,20951),
(4,16,'2024-07-12 18:14:26',2.12,20952),
(4,16,'2024-08-30 18:14:26',2.09,20953),
(4,16,'2024-09-06 18:14:26',2.12,20954),
(4,16,'2024-09-13 18:14:26',1.95,20955),
(4,16,'2024-10-18 18:14:26',2.12,20956),
(4,16,'2024-10-25 18:14:26',1.83,20957),
(4,16,'2024-12-20 18:14:26',2.12,20958),
(4,17,'2022-10-28 18:14:36',1.67,20959),
(4,17,'2023-01-06 18:14:36',1.62,20960),
(4,17,'2023-01-13 18:14:36',1.20,20961),
(4,17,'2023-02-03 18:14:36',1.62,20962),
(4,17,'2023-02-10 18:14:36',1.66,20963),
(4,17,'2023-02-17 18:14:36',1.29,20964),
(4,17,'2023-03-09 18:14:36',1.66,20965),
(4,17,'2023-03-16 18:14:36',1.78,20966),
(4,17,'2023-06-29 18:14:36',1.87,20967),
(4,17,'2023-08-10 18:14:36',1.85,20968),
(4,17,'2023-08-17 18:14:36',1.46,20969),
(4,17,'2023-09-28 18:14:36',1.85,20970),
(4,17,'2023-10-05 18:14:36',1.39,20971),
(4,17,'2023-10-12 18:14:36',1.85,20972),
(4,17,'2023-10-19 18:14:36',1.31,20973),
(4,17,'2023-12-07 18:14:36',1.85,20974),
(4,17,'2023-12-14 18:14:36',1.83,20975),
(4,17,'2023-12-28 18:14:36',1.80,20976),
(4,17,'2024-01-25 18:14:36',1.89,20977),
(4,17,'2024-02-08 18:14:36',1.85,20978),
(4,17,'2024-02-15 18:14:36',1.57,20979),
(4,17,'2024-04-05 18:14:36',1.85,20980),
(4,17,'2024-04-12 18:14:36',1.44,20981),
(4,17,'2024-06-14 18:14:36',1.85,20982),
(4,17,'2024-06-21 18:14:36',1.36,20983),
(4,17,'2024-07-12 18:14:36',1.85,20984),
(4,17,'2024-07-26 18:14:36',1.82,20985),
(4,17,'2024-08-09 18:14:36',1.84,20986),
(4,17,'2024-12-13 18:14:36',1.87,20987),
(4,17,'2024-12-20 18:14:36',1.31,20988),
(4,18,'2022-10-14 18:14:53',4.90,20989),
(4,18,'2022-12-02 18:14:53',4.76,20990),
(4,18,'2023-02-03 18:14:53',4.77,20991),
(4,18,'2023-02-10 18:14:53',4.80,20992),
(4,18,'2023-02-17 18:14:53',4.75,20993),
(4,18,'2023-02-24 18:14:53',3.39,20994),
(4,18,'2023-03-09 18:14:53',4.75,20995),
(4,18,'2023-03-16 18:14:53',4.67,20996),
(4,18,'2023-03-23 18:14:53',4.19,20997),
(4,18,'2023-05-11 18:14:53',4.67,20998),
(4,18,'2023-05-18 18:14:53',3.42,20999),
(4,18,'2023-07-27 18:14:53',4.67,21000),
(4,18,'2023-08-03 18:14:53',4.56,21001),
(4,18,'2023-09-21 18:14:53',4.54,21002),
(4,18,'2023-12-14 18:14:53',4.51,21003),
(4,18,'2023-12-21 18:14:53',3.73,21004),
(4,18,'2023-12-28 18:14:53',3.56,21005),
(4,18,'2024-02-08 18:14:53',4.51,21006),
(4,18,'2024-02-15 18:14:53',3.93,21007),
(4,18,'2024-03-01 18:14:53',4.51,21008),
(4,18,'2024-03-15 18:14:53',4.71,21009),
(4,18,'2024-04-05 18:14:53',4.70,21010),
(4,18,'2024-05-24 18:14:53',4.68,21011),
(4,18,'2024-06-07 18:14:53',4.75,21012),
(4,18,'2024-07-19 18:14:53',4.90,21013),
(4,18,'2024-08-02 18:14:53',4.98,21014),
(4,18,'2024-08-09 18:14:53',4.13,21015),
(4,18,'2024-08-16 18:14:53',4.98,21016),
(4,18,'2024-10-25 18:14:53',4.94,21017),
(4,18,'2024-11-01 18:14:53',4.22,21018),
(4,18,'2024-11-08 18:14:53',4.15,21019),
(4,18,'2024-11-15 18:14:53',4.94,21020),
(4,18,'2024-12-27 18:14:53',4.88,21021),
(4,19,'2022-10-14 18:15:00',4.99,21022),
(4,19,'2022-10-21 18:15:00',5.08,21023),
(4,19,'2022-12-16 18:15:00',5.16,21024),
(4,19,'2022-12-23 18:15:00',3.74,21025),
(4,19,'2023-02-03 18:15:00',5.16,21026),
(4,19,'2023-04-06 18:15:00',5.23,21027),
(4,19,'2023-04-13 18:15:00',4.56,21028),
(4,19,'2023-04-20 18:15:00',5.23,21029),
(4,19,'2023-04-27 18:15:00',3.71,21030),
(4,19,'2023-05-18 18:15:00',5.23,21031),
(4,19,'2023-05-25 18:15:00',4.53,21032),
(4,19,'2023-07-13 18:15:00',5.23,21033),
(4,19,'2023-07-20 18:15:00',3.75,21034),
(4,19,'2023-07-27 18:15:00',5.23,21035),
(4,19,'2023-08-17 18:15:00',5.28,21036),
(4,19,'2023-08-24 18:15:00',3.73,21037),
(4,19,'2023-09-07 18:15:00',5.28,21038),
(4,19,'2023-09-14 18:15:00',4.57,21039),
(4,19,'2023-12-07 18:15:00',5.28,21040),
(4,19,'2023-12-14 18:15:00',3.78,21041),
(4,19,'2024-01-04 18:15:00',5.28,21042),
(4,19,'2024-01-11 18:15:00',4.35,21043),
(4,19,'2024-02-15 18:15:00',5.28,21044),
(4,19,'2024-03-01 18:15:00',5.23,21045),
(4,19,'2024-04-12 18:15:00',5.19,21046),
(4,19,'2024-05-03 18:15:00',5.24,21047),
(4,19,'2024-05-17 18:15:00',5.44,21048),
(4,19,'2024-08-02 18:15:00',5.40,21049),
(4,19,'2024-08-09 18:15:00',4.89,21050),
(4,19,'2024-08-16 18:15:00',5.40,21051),
(4,19,'2024-08-23 18:15:00',3.91,21052),
(4,19,'2024-09-06 18:15:00',5.40,21053),
(4,19,'2024-10-18 18:15:00',5.39,21054),
(4,19,'2024-10-25 18:15:00',4.12,21055),
(4,19,'2024-11-08 18:15:00',5.39,21056),
(4,19,'2024-11-15 18:15:00',3.80,21057),
(4,19,'2024-11-22 18:15:00',3.97,21058),
(4,19,'2024-12-13 18:15:00',5.39,21059),
(4,19,'2024-12-20 18:15:00',4.51,21060),
(4,20,'2022-11-04 18:15:06',6.32,21061),
(4,20,'2022-11-18 18:15:06',6.49,21062),
(4,20,'2022-12-16 18:15:06',6.42,21063),
(4,20,'2022-12-23 18:15:06',5.23,21064),
(4,20,'2022-12-30 18:15:06',6.42,21065),
(4,20,'2023-01-13 18:15:06',6.39,21066),
(4,20,'2023-01-20 18:15:06',5.60,21067),
(4,20,'2023-02-17 18:15:06',6.39,21068),
(4,20,'2023-04-13 18:15:06',6.43,21069),
(4,20,'2023-05-18 18:15:06',6.53,21070),
(4,20,'2023-08-03 18:15:06',6.62,21071),
(4,20,'2023-08-24 18:15:06',6.61,21072),
(4,20,'2023-10-12 18:15:06',6.66,21073),
(4,20,'2023-10-26 18:15:06',6.74,21074),
(4,20,'2023-11-16 18:15:06',6.73,21075),
(4,20,'2023-12-28 18:15:06',6.75,21076),
(4,20,'2024-01-04 18:15:06',4.88,21077),
(4,20,'2024-01-11 18:15:06',5.32,21078),
(4,20,'2024-02-01 18:15:06',6.75,21079),
(4,20,'2024-02-08 18:15:06',6.72,21080),
(4,20,'2024-02-15 18:15:06',6.73,21081),
(4,20,'2024-03-29 18:15:06',6.77,21082),
(4,20,'2024-04-12 18:15:06',6.93,21083),
(4,20,'2024-06-07 18:15:06',7.02,21084),
(4,20,'2024-06-14 18:15:06',7.15,21085),
(4,20,'2024-07-05 18:15:06',7.12,21086),
(4,20,'2024-08-23 18:15:06',7.20,21087),
(4,20,'2024-08-30 18:15:06',5.79,21088),
(4,20,'2024-11-08 18:15:06',7.20,21089),
(4,20,'2024-11-15 18:15:06',5.26,21090),
(4,20,'2024-11-29 18:15:06',7.20,21091),
(4,20,'2024-12-27 18:15:06',7.14,21092),
(4,21,'2023-02-10 18:15:13',7.42,21093),
(4,21,'2023-02-17 18:15:13',6.29,21094),
(4,21,'2023-03-16 18:15:13',7.42,21095),
(4,21,'2023-03-23 18:15:13',6.30,21096),
(4,21,'2023-07-13 18:15:13',7.42,21097),
(4,21,'2023-07-20 18:15:13',6.03,21098),
(4,21,'2023-08-24 18:15:13',7.42,21099),
(4,21,'2023-11-09 18:15:13',7.58,21100),
(4,21,'2023-11-16 18:15:13',6.21,21101),
(4,21,'2023-12-14 18:15:13',7.58,21102),
(4,21,'2023-12-21 18:15:13',6.00,21103),
(4,21,'2024-02-01 18:15:13',7.58,21104),
(4,21,'2024-02-22 18:15:13',7.62,21105),
(4,21,'2024-03-01 18:15:13',5.50,21106),
(4,21,'2024-03-08 18:15:13',7.62,21107),
(4,21,'2024-05-03 18:15:13',7.63,21108),
(4,21,'2024-05-10 18:15:13',6.58,21109),
(4,21,'2024-06-07 18:15:13',7.61,21110),
(4,21,'2024-07-05 18:15:13',7.55,21111),
(4,21,'2024-07-12 18:15:13',6.51,21112),
(4,21,'2024-07-19 18:15:13',7.55,21113),
(4,21,'2024-08-16 18:15:13',7.51,21114),
(4,21,'2024-08-23 18:15:13',6.23,21115),
(4,21,'2024-11-15 18:15:13',7.51,21116),
(4,21,'2024-11-29 18:15:13',7.44,21117),
(4,21,'2024-12-13 18:15:13',7.40,21118),
(4,22,'2022-10-07 18:15:24',2.49,21119),
(4,22,'2022-12-02 18:15:24',2.58,21120),
(4,22,'2022-12-23 18:15:24',2.64,21121),
(4,22,'2023-02-10 18:15:24',2.61,21122),
(4,22,'2023-05-18 18:15:24',2.62,21123),
(4,22,'2023-06-22 18:15:24',2.55,21124),
(4,22,'2023-06-29 18:15:24',2.59,21125),
(4,22,'2023-07-06 18:15:24',2.49,21126),
(4,22,'2023-08-31 18:15:24',2.55,21127),
(4,22,'2023-10-05 18:15:24',2.49,21128),
(4,22,'2023-11-02 18:15:24',2.59,21129),
(4,22,'2023-12-07 18:15:24',2.57,21130),
(4,22,'2023-12-14 18:15:24',2.67,21131),
(4,22,'2024-01-18 18:15:24',2.74,21132),
(4,22,'2024-02-01 18:15:24',2.80,21133),
(4,22,'2024-04-26 18:15:24',2.72,21134),
(4,22,'2024-05-10 18:15:24',2.65,21135),
(4,22,'2024-05-17 18:15:24',2.62,21136),
(4,22,'2024-05-24 18:15:24',2.55,21137),
(4,22,'2024-06-21 18:15:24',2.59,21138),
(4,22,'2024-07-05 18:15:24',2.70,21139),
(4,22,'2024-08-16 18:15:24',2.66,21140),
(4,22,'2024-08-23 18:15:24',2.74,21141),
(4,22,'2024-10-11 18:15:24',2.83,21142),
(4,22,'2024-11-08 18:15:24',2.81,21143),
(4,22,'2024-12-13 18:15:24',2.79,21144),
(4,23,'2022-11-11 18:15:52',2.65,21145),
(4,23,'2022-12-09 18:15:52',2.63,21146),
(4,23,'2023-05-04 18:15:52',2.64,21147),
(4,23,'2023-05-11 18:15:52',2.65,21148),
(4,23,'2023-07-13 18:15:52',2.72,21149),
(4,23,'2023-07-20 18:15:52',2.29,21150),
(4,23,'2023-08-10 18:15:52',2.72,21151),
(4,23,'2023-11-02 18:15:52',2.75,21152),
(4,23,'2023-11-16 18:15:52',2.79,21153),
(4,23,'2023-11-30 18:15:52',2.83,21154),
(4,23,'2023-12-07 18:15:52',2.86,21155),
(4,23,'2024-02-15 18:15:52',2.88,21156),
(4,23,'2024-02-22 18:15:52',2.29,21157),
(4,23,'2024-05-24 18:15:52',2.88,21158),
(4,23,'2024-05-31 18:15:52',2.29,21159),
(4,23,'2024-06-07 18:15:52',2.88,21160),
(4,23,'2024-06-14 18:15:52',2.29,21161),
(4,23,'2024-07-19 18:15:52',2.88,21162),
(4,23,'2024-07-26 18:15:52',2.29,21163),
(4,23,'2024-08-23 18:15:52',2.88,21164),
(4,23,'2024-09-13 18:15:52',2.89,21165),
(4,23,'2024-09-20 18:15:52',2.29,21166),
(4,23,'2024-11-29 18:15:52',2.89,21167),
(4,23,'2024-12-06 18:15:52',3.00,21168),
(4,23,'2024-12-13 18:15:52',2.29,21169),
(4,23,'2024-12-20 18:15:52',2.96,21170),
(4,24,'2022-11-04 18:17:06',3.00,21171),
(4,24,'2023-01-13 18:17:06',3.05,21172),
(4,24,'2023-02-17 18:17:06',3.08,21173),
(4,24,'2023-04-13 18:17:06',3.18,21174),
(4,24,'2023-04-20 18:17:06',3.14,21175),
(4,24,'2023-05-25 18:17:06',3.25,21176),
(4,24,'2023-07-27 18:17:06',3.20,21177),
(4,24,'2023-08-17 18:17:06',3.29,21178),
(4,24,'2023-11-02 18:17:06',3.40,21179),
(4,24,'2023-11-30 18:17:06',3.46,21180),
(4,24,'2024-01-25 18:17:06',3.48,21181),
(4,24,'2024-08-02 18:17:06',3.41,21182),
(4,24,'2024-09-06 18:17:06',3.47,21183),
(4,24,'2024-12-13 18:17:06',3.56,21184),
(4,25,'2023-01-13 18:17:24',4.69,21185),
(4,25,'2023-02-03 18:17:24',4.73,21186),
(4,25,'2023-02-17 18:17:24',4.69,21187),
(4,25,'2023-02-24 18:17:24',3.80,21188),
(4,25,'2023-03-09 18:17:24',4.69,21189),
(4,25,'2023-03-16 18:17:24',4.76,21190),
(4,25,'2023-04-06 18:17:24',4.94,21191),
(4,25,'2023-04-13 18:17:24',4.35,21192),
(4,25,'2023-04-20 18:17:24',4.94,21193),
(4,25,'2023-04-27 18:17:24',4.93,21194),
(4,25,'2023-05-04 18:17:24',4.18,21195),
(4,25,'2023-06-01 18:17:24',4.93,21196),
(4,25,'2023-06-08 18:17:24',4.09,21197),
(4,25,'2023-06-15 18:17:24',4.93,21198),
(4,25,'2023-06-22 18:17:24',4.94,21199),
(4,25,'2023-07-06 18:17:24',5.11,21200),
(4,25,'2023-08-24 18:17:24',5.31,21201),
(4,25,'2023-11-16 18:17:24',5.41,21202),
(4,25,'2023-12-14 18:17:24',5.47,21203),
(4,25,'2024-02-01 18:17:24',5.38,21204),
(4,25,'2024-02-22 18:17:24',5.22,21205),
(4,25,'2024-03-01 18:17:24',4.29,21206),
(4,25,'2024-04-05 18:17:24',5.22,21207),
(4,25,'2024-06-28 18:17:24',5.20,21208),
(4,25,'2024-07-05 18:17:24',4.34,21209),
(4,25,'2024-07-19 18:17:24',5.20,21210),
(4,25,'2024-07-26 18:17:24',4.39,21211),
(4,25,'2024-09-13 18:17:24',5.20,21212),
(4,25,'2024-09-20 18:17:24',4.45,21213),
(4,25,'2024-10-25 18:17:24',5.20,21214),
(4,25,'2024-11-01 18:17:24',4.43,21215),
(4,25,'2024-11-22 18:17:24',5.17,21216),
(4,25,'2024-11-29 18:17:24',4.50,21217),
(4,25,'2024-12-13 18:17:24',5.17,21218),
(4,25,'2024-12-20 18:17:24',4.47,21219),
(4,26,'2022-10-28 18:17:40',4.79,21220),
(4,26,'2022-12-30 18:17:40',4.85,21221),
(4,26,'2023-01-27 18:17:40',4.79,21222),
(4,26,'2023-02-03 18:17:40',4.83,21223),
(4,26,'2023-02-10 18:17:40',3.78,21224),
(4,26,'2023-02-24 18:17:40',4.83,21225),
(4,26,'2023-03-02 18:17:40',3.82,21226),
(4,26,'2023-05-11 18:17:40',4.83,21227),
(4,26,'2023-06-08 18:17:40',4.91,21228),
(4,26,'2023-06-15 18:17:40',4.31,21229),
(4,26,'2023-06-29 18:17:40',4.91,21230),
(4,26,'2023-07-27 18:17:40',4.88,21231),
(4,26,'2023-08-31 18:17:40',4.92,21232),
(4,26,'2023-09-14 18:17:40',4.94,21233),
(4,26,'2023-09-21 18:17:40',3.90,21234),
(4,26,'2023-10-12 18:17:40',4.94,21235),
(4,26,'2023-11-16 18:17:40',4.90,21236),
(4,26,'2023-11-23 18:17:40',4.15,21237),
(4,26,'2023-11-30 18:17:40',3.69,21238),
(4,26,'2023-12-07 18:17:40',4.90,21239),
(4,26,'2023-12-14 18:17:40',4.87,21240),
(4,26,'2024-01-04 18:17:40',4.90,21241),
(4,26,'2024-01-18 18:17:40',4.99,21242),
(4,26,'2024-02-22 18:17:40',4.95,21243),
(4,26,'2024-03-01 18:17:40',4.01,21244),
(4,26,'2024-04-12 18:17:40',4.95,21245),
(4,26,'2024-05-24 18:17:40',4.90,21246),
(4,26,'2024-05-31 18:17:40',4.39,21247),
(4,26,'2024-07-05 18:17:40',4.80,21248),
(4,26,'2024-07-12 18:17:40',4.17,21249),
(4,26,'2024-07-19 18:17:40',4.27,21250),
(4,26,'2024-08-02 18:17:40',4.80,21251),
(4,26,'2024-08-09 18:17:40',3.73,21252),
(4,26,'2024-09-13 18:17:40',4.80,21253),
(4,26,'2024-09-27 18:17:40',4.96,21254),
(4,26,'2024-10-04 18:17:40',5.05,21255),
(4,26,'2024-10-11 18:17:40',4.24,21256),
(4,26,'2024-11-01 18:17:40',5.05,21257),
(4,26,'2024-11-08 18:17:40',5.00,21258),
(4,26,'2024-12-06 18:17:40',5.07,21259),
(4,26,'2024-12-13 18:17:40',4.49,21260),
(4,27,'2022-10-28 18:17:49',4.99,21261),
(4,27,'2022-12-23 18:17:49',5.04,21262),
(4,27,'2022-12-30 18:17:49',4.65,21263),
(4,27,'2023-01-20 18:17:49',5.04,21264),
(4,27,'2023-02-24 18:17:49',5.25,21265),
(4,27,'2023-03-02 18:17:49',4.62,21266),
(4,27,'2023-03-16 18:17:49',5.25,21267),
(4,27,'2023-04-13 18:17:49',5.48,21268),
(4,27,'2023-04-20 18:17:49',4.45,21269),
(4,27,'2023-06-08 18:17:49',5.48,21270),
(4,27,'2023-06-29 18:17:49',5.47,21271),
(4,27,'2023-07-20 18:17:49',5.41,21272),
(4,27,'2023-08-10 18:17:49',5.49,21273),
(4,27,'2023-08-24 18:17:49',5.57,21274),
(4,27,'2023-09-21 18:17:49',5.52,21275),
(4,27,'2023-09-28 18:17:49',4.25,21276),
(4,27,'2023-11-09 18:17:49',5.52,21277),
(4,27,'2023-11-16 18:17:49',5.53,21278),
(4,27,'2023-12-21 18:17:49',5.59,21279),
(4,27,'2023-12-28 18:17:49',4.99,21280),
(4,27,'2024-01-25 18:17:49',5.59,21281),
(4,27,'2024-02-15 18:17:49',5.78,21282),
(4,27,'2024-04-12 18:17:49',5.94,21283),
(4,27,'2024-05-10 18:17:49',5.93,21284),
(4,27,'2024-05-31 18:17:49',6.02,21285),
(4,27,'2024-06-07 18:17:49',4.80,21286),
(4,27,'2024-07-19 18:17:49',5.89,21287),
(4,27,'2024-08-02 18:17:49',6.05,21288),
(4,27,'2024-08-09 18:17:49',4.99,21289),
(4,27,'2024-08-16 18:17:49',6.05,21290),
(4,27,'2024-10-11 18:17:49',5.89,21291),
(4,27,'2024-12-06 18:17:49',5.90,21292),
(4,27,'2024-12-13 18:17:49',4.99,21293),
(4,28,'2022-10-14 18:18:00',3.39,21294),
(4,28,'2022-10-21 18:18:00',2.34,21295),
(4,28,'2022-10-28 18:18:00',3.39,21296),
(4,28,'2022-12-16 18:18:00',3.48,21297),
(4,28,'2022-12-23 18:18:00',2.99,21298),
(4,28,'2023-01-06 18:18:00',3.48,21299),
(4,28,'2023-01-13 18:18:00',3.10,21300),
(4,28,'2023-02-03 18:18:00',3.50,21301),
(4,28,'2023-03-30 18:18:00',3.53,21302),
(4,28,'2023-05-18 18:18:00',3.57,21303),
(4,28,'2023-05-25 18:18:00',2.48,21304),
(4,28,'2023-07-13 18:18:00',3.57,21305),
(4,28,'2023-08-24 18:18:00',3.62,21306),
(4,28,'2023-08-31 18:18:00',3.19,21307),
(4,28,'2023-09-28 18:18:00',3.62,21308),
(4,28,'2023-10-19 18:18:00',3.55,21309),
(4,28,'2023-11-09 18:18:00',3.67,21310),
(4,28,'2024-02-01 18:18:00',3.62,21311),
(4,28,'2024-02-08 18:18:00',2.68,21312),
(4,28,'2024-04-12 18:18:00',3.62,21313),
(4,28,'2024-04-19 18:18:00',2.67,21314),
(4,28,'2024-04-26 18:18:00',3.62,21315),
(4,28,'2024-05-03 18:18:00',2.74,21316),
(4,28,'2024-05-24 18:18:00',3.75,21317),
(4,28,'2024-05-31 18:18:00',2.80,21318),
(4,28,'2024-06-07 18:18:00',3.75,21319),
(4,28,'2024-07-12 18:18:00',3.91,21320),
(4,28,'2024-07-19 18:18:00',3.16,21321),
(4,28,'2024-08-30 18:18:00',3.91,21322),
(4,28,'2024-09-06 18:18:00',3.39,21323),
(4,28,'2024-09-27 18:18:00',3.91,21324),
(4,28,'2024-11-01 18:18:00',3.95,21325),
(4,28,'2024-11-08 18:18:00',3.30,21326),
(4,28,'2024-12-27 18:18:00',3.95,21327),
(4,29,'2022-12-23 18:18:17',3.00,21328),
(4,29,'2022-12-30 18:18:17',2.22,21329),
(4,29,'2023-02-10 18:18:17',3.00,21330),
(4,29,'2023-02-17 18:18:17',2.39,21331),
(4,29,'2023-05-11 18:18:17',3.00,21332),
(4,29,'2023-07-27 18:18:17',3.06,21333),
(4,29,'2023-08-03 18:18:17',2.63,21334),
(4,29,'2023-08-17 18:18:17',3.06,21335),
(4,29,'2023-09-14 18:18:17',3.17,21336),
(4,29,'2023-10-19 18:18:17',3.23,21337),
(4,29,'2023-11-30 18:18:17',3.30,21338),
(4,29,'2023-12-07 18:18:17',2.34,21339),
(4,29,'2023-12-14 18:18:17',2.69,21340),
(4,29,'2023-12-28 18:18:17',3.30,21341),
(4,29,'2024-01-11 18:18:17',3.34,21342),
(4,29,'2024-01-18 18:18:17',2.61,21343),
(4,29,'2024-02-22 18:18:17',3.34,21344),
(4,29,'2024-04-19 18:18:17',3.25,21345),
(4,29,'2024-05-10 18:18:17',3.24,21346),
(4,29,'2024-05-17 18:18:17',3.25,21347),
(4,29,'2024-05-24 18:18:17',2.74,21348),
(4,29,'2024-05-31 18:18:17',3.25,21349),
(4,29,'2024-07-26 18:18:17',3.24,21350),
(4,29,'2024-08-02 18:18:17',3.12,21351),
(4,29,'2024-08-09 18:18:17',2.27,21352),
(4,29,'2024-08-16 18:18:17',3.12,21353),
(4,29,'2024-10-04 18:18:17',3.07,21354),
(4,29,'2024-11-08 18:18:17',3.00,21355),
(4,29,'2024-11-29 18:18:17',3.07,21356),
(4,30,'2023-04-20 18:18:39',5.09,21357),
(4,30,'2023-07-20 18:18:39',4.99,21358),
(4,30,'2023-07-27 18:18:39',3.59,21359),
(4,30,'2023-08-03 18:18:39',4.99,21360),
(4,30,'2023-08-10 18:18:39',3.52,21361),
(4,30,'2023-08-17 18:18:39',4.99,21362),
(4,30,'2023-08-24 18:18:39',5.04,21363),
(4,30,'2023-08-31 18:18:39',3.92,21364),
(4,30,'2023-09-07 18:18:39',5.04,21365),
(4,30,'2023-09-14 18:18:39',3.56,21366),
(4,30,'2023-10-05 18:18:39',5.04,21367),
(4,30,'2023-10-12 18:18:39',4.27,21368),
(4,30,'2023-11-02 18:18:39',5.04,21369),
(4,30,'2023-11-09 18:18:39',4.29,21370),
(4,30,'2024-01-18 18:18:39',5.04,21371),
(4,30,'2024-02-01 18:18:39',4.99,21372),
(4,30,'2024-03-08 18:18:39',5.03,21373),
(4,30,'2024-06-21 18:18:39',4.99,21374),
(4,30,'2024-06-28 18:18:39',4.47,21375),
(4,30,'2024-07-05 18:18:39',4.99,21376),
(4,30,'2024-09-13 18:18:39',5.09,21377),
(4,30,'2024-09-20 18:18:39',4.52,21378),
(4,30,'2024-10-11 18:18:39',5.09,21379),
(4,30,'2024-10-25 18:18:39',5.02,21380),
(4,30,'2024-12-27 18:18:39',5.08,21381),
(5,1,'2022-10-14 14:50:38',13.27,21382),
(5,1,'2022-10-21 14:50:38',9.74,21383),
(5,1,'2022-10-28 14:50:38',13.27,21384),
(5,1,'2022-11-04 14:50:38',8.30,21385),
(5,1,'2022-12-02 14:50:38',13.27,21386),
(5,1,'2022-12-09 14:50:38',10.32,21387),
(5,1,'2023-01-20 14:50:38',13.27,21388),
(5,1,'2023-02-10 14:50:38',13.21,21389),
(5,1,'2023-03-16 14:50:38',13.41,21390),
(5,1,'2023-03-23 14:50:38',10.18,21391),
(5,1,'2023-03-30 14:50:38',9.70,21392),
(5,1,'2023-04-06 14:50:38',13.41,21393),
(5,1,'2023-04-13 14:50:38',13.31,21394),
(5,1,'2023-04-20 14:50:38',9.65,21395),
(5,1,'2023-06-15 14:50:38',13.31,21396),
(5,1,'2023-07-20 14:50:38',13.65,21397),
(5,1,'2023-07-27 14:50:38',9.12,21398),
(5,1,'2023-08-17 14:50:38',13.65,21399),
(5,1,'2023-10-19 14:50:38',13.54,21400),
(5,1,'2023-12-28 14:50:38',13.56,21401),
(5,1,'2024-01-18 14:50:38',13.64,21402),
(5,1,'2024-01-25 14:50:38',11.00,21403),
(5,1,'2024-02-15 14:50:38',13.64,21404),
(5,1,'2024-03-08 14:50:38',13.68,21405),
(5,1,'2024-03-15 14:50:38',8.55,21406),
(5,1,'2024-03-29 14:50:38',13.68,21407),
(5,1,'2024-04-12 14:50:38',13.63,21408),
(5,1,'2024-04-19 14:50:38',8.93,21409),
(5,1,'2024-06-14 14:50:38',13.63,21410),
(5,1,'2024-06-21 14:50:38',8.79,21411),
(5,1,'2024-08-02 14:50:38',13.73,21412),
(5,1,'2024-08-09 14:50:38',14.01,21413),
(5,1,'2024-08-16 14:50:38',9.45,21414),
(5,1,'2024-08-30 14:50:38',11.99,21415),
(5,1,'2024-09-20 14:50:38',14.01,21416),
(5,1,'2024-11-15 14:50:38',14.06,21417),
(5,1,'2024-11-22 14:50:38',8.69,21418),
(5,1,'2024-11-29 14:50:38',14.06,21419),
(5,1,'2024-12-20 14:50:38',14.11,21420),
(5,2,'2022-10-07 14:49:55',13.19,21421),
(5,2,'2022-10-14 14:49:55',8.51,21422),
(5,2,'2022-10-21 14:49:55',13.19,21423),
(5,2,'2023-01-06 14:49:55',13.12,21424),
(5,2,'2023-02-03 14:49:55',13.24,21425),
(5,2,'2023-02-17 14:49:55',13.18,21426),
(5,2,'2023-02-24 14:49:55',8.31,21427),
(5,2,'2023-03-02 14:49:55',8.33,21428),
(5,2,'2023-04-06 14:49:55',13.18,21429),
(5,2,'2023-04-13 14:49:55',11.22,21430),
(5,2,'2023-05-11 14:49:55',13.18,21431),
(5,2,'2023-07-13 14:49:55',13.27,21432),
(5,2,'2023-07-20 14:49:55',9.50,21433),
(5,2,'2023-08-31 14:49:55',13.27,21434),
(5,2,'2023-09-07 14:49:55',11.19,21435),
(5,2,'2023-09-14 14:49:55',13.30,21436),
(5,2,'2024-01-11 14:49:55',13.25,21437),
(5,2,'2024-02-01 14:49:55',13.28,21438),
(5,2,'2024-02-08 14:49:55',8.09,21439),
(5,2,'2024-02-15 14:49:55',13.28,21440),
(5,2,'2024-02-22 14:49:55',11.60,21441),
(5,2,'2024-03-08 14:49:55',13.28,21442),
(5,2,'2024-03-22 14:49:55',13.01,21443),
(5,2,'2024-03-29 14:49:55',9.82,21444),
(5,2,'2024-05-10 14:49:55',13.01,21445),
(5,2,'2024-05-17 14:49:55',11.21,21446),
(5,2,'2024-05-24 14:49:55',13.01,21447),
(5,2,'2024-05-31 14:49:55',7.81,21448),
(5,2,'2024-06-14 14:49:55',13.01,21449),
(5,2,'2024-06-28 14:49:55',13.07,21450),
(5,2,'2024-07-05 14:49:55',9.88,21451),
(5,2,'2024-07-12 14:49:55',13.16,21452),
(5,2,'2024-07-19 14:49:55',11.40,21453),
(5,2,'2024-08-16 14:49:55',13.30,21454),
(5,2,'2024-08-23 14:49:55',8.03,21455),
(5,2,'2024-10-11 14:49:55',13.30,21456),
(5,2,'2024-10-18 14:49:55',8.49,21457),
(5,2,'2024-10-25 14:49:55',13.30,21458),
(5,2,'2024-12-13 14:49:55',13.47,21459),
(5,2,'2024-12-20 14:49:55',11.12,21460),
(5,2,'2024-12-27 14:49:55',11.64,21461),
(5,3,'2022-11-11 18:11:53',0.35,21462),
(5,3,'2023-02-10 18:11:53',0.39,21463),
(5,3,'2023-04-13 18:11:53',0.38,21464),
(5,3,'2023-04-20 18:11:53',0.37,21465),
(5,3,'2023-06-01 18:11:53',0.44,21466),
(5,3,'2023-06-15 18:11:53',0.45,21467),
(5,3,'2023-06-22 18:11:53',0.43,21468),
(5,3,'2023-07-27 18:11:53',0.45,21469),
(5,3,'2024-03-01 18:11:53',0.43,21470),
(5,3,'2024-09-06 18:11:53',0.42,21471),
(5,3,'2024-10-18 18:11:53',0.46,21472),
(5,3,'2024-11-08 18:11:53',0.53,21473),
(5,3,'2024-11-29 18:11:53',0.57,21474),
(5,4,'2022-12-09 18:12:37',1.09,21475),
(5,4,'2022-12-16 18:12:37',1.12,21476),
(5,4,'2022-12-23 18:12:37',0.96,21477),
(5,4,'2022-12-30 18:12:37',0.93,21478),
(5,4,'2023-01-06 18:12:37',0.94,21479),
(5,4,'2023-01-27 18:12:37',1.12,21480),
(5,4,'2023-03-16 18:12:37',1.09,21481),
(5,4,'2023-03-23 18:12:37',0.90,21482),
(5,4,'2023-05-11 18:12:37',1.09,21483),
(5,4,'2023-05-25 18:12:37',1.12,21484),
(5,4,'2023-06-01 18:12:37',1.15,21485),
(5,4,'2023-06-08 18:12:37',0.95,21486),
(5,4,'2023-06-15 18:12:37',1.15,21487),
(5,4,'2023-06-22 18:12:37',1.03,21488),
(5,4,'2023-06-29 18:12:37',1.15,21489),
(5,4,'2023-07-13 18:12:37',1.11,21490),
(5,4,'2023-07-20 18:12:37',0.96,21491),
(5,4,'2023-07-27 18:12:37',0.92,21492),
(5,4,'2023-08-17 18:12:37',1.09,21493),
(5,4,'2023-09-07 18:12:37',1.10,21494),
(5,4,'2023-10-05 18:12:37',1.09,21495),
(5,4,'2023-10-26 18:12:37',1.15,21496),
(5,4,'2023-11-02 18:12:37',1.01,21497),
(5,4,'2023-12-21 18:12:37',1.15,21498),
(5,4,'2023-12-28 18:12:37',0.96,21499),
(5,4,'2024-01-04 18:12:37',1.07,21500),
(5,4,'2024-01-11 18:12:37',0.98,21501),
(5,4,'2024-05-31 18:12:37',1.15,21502),
(5,4,'2024-06-14 18:12:37',1.14,21503),
(5,4,'2024-06-21 18:12:37',0.94,21504),
(5,4,'2024-07-12 18:12:37',1.14,21505),
(5,4,'2024-07-19 18:12:37',0.95,21506),
(5,4,'2024-08-09 18:12:37',1.14,21507),
(5,4,'2024-09-13 18:12:37',1.12,21508),
(5,4,'2024-12-13 18:12:37',1.09,21509),
(5,4,'2024-12-20 18:12:37',0.94,21510),
(5,4,'2024-12-27 18:12:37',0.91,21511),
(5,5,'2022-10-28 18:12:54',10.99,21512),
(5,5,'2022-11-04 18:12:54',8.13,21513),
(5,5,'2022-11-11 18:12:54',6.83,21514),
(5,5,'2022-11-18 18:12:54',10.99,21515),
(5,5,'2022-11-25 18:12:54',6.68,21516),
(5,5,'2022-12-02 18:12:54',10.99,21517),
(5,5,'2022-12-16 18:12:54',11.06,21518),
(5,5,'2022-12-23 18:12:54',6.25,21519),
(5,5,'2023-01-06 18:12:54',10.99,21520),
(5,5,'2023-01-13 18:12:54',5.85,21521),
(5,5,'2023-03-16 18:12:54',10.99,21522),
(5,5,'2023-03-23 18:12:54',6.47,21523),
(5,5,'2023-04-06 18:12:54',10.99,21524),
(5,5,'2023-05-11 18:12:54',11.25,21525),
(5,5,'2023-05-25 18:12:54',11.40,21526),
(5,5,'2023-08-10 18:12:54',11.43,21527),
(5,5,'2023-08-17 18:12:54',6.13,21528),
(5,5,'2023-10-12 18:12:54',11.43,21529),
(5,5,'2023-10-19 18:12:54',7.32,21530),
(5,5,'2023-10-26 18:12:54',7.83,21531),
(5,5,'2023-12-07 18:12:54',11.43,21532),
(5,5,'2023-12-21 18:12:54',11.50,21533),
(5,5,'2023-12-28 18:12:54',7.79,21534),
(5,5,'2024-01-04 18:12:54',11.50,21535),
(5,5,'2024-01-11 18:12:54',11.24,21536),
(5,5,'2024-01-18 18:12:54',6.70,21537),
(5,5,'2024-01-25 18:12:54',7.16,21538),
(5,5,'2024-03-01 18:12:54',11.24,21539),
(5,5,'2024-03-08 18:12:54',6.41,21540),
(5,5,'2024-04-05 18:12:54',11.49,21541),
(5,5,'2024-05-03 18:12:54',11.59,21542),
(5,5,'2024-05-10 18:12:54',7.98,21543),
(5,5,'2024-07-05 18:12:54',11.56,21544),
(5,5,'2024-07-12 18:12:54',6.58,21545),
(5,5,'2024-07-19 18:12:54',8.35,21546),
(5,5,'2024-08-23 18:12:54',11.56,21547),
(5,5,'2024-08-30 18:12:54',7.27,21548),
(5,5,'2024-09-13 18:12:54',11.73,21549),
(5,5,'2024-09-20 18:12:54',11.86,21550),
(5,5,'2024-11-22 18:12:54',11.81,21551),
(5,5,'2024-11-29 18:12:54',7.37,21552),
(5,5,'2024-12-13 18:12:54',11.87,21553),
(5,5,'2024-12-20 18:12:54',11.65,21554),
(5,6,'2022-11-25 18:13:01',1.79,21555),
(5,6,'2022-12-02 18:13:01',1.46,21556),
(5,6,'2023-03-23 18:13:01',1.79,21557),
(5,6,'2023-06-22 18:13:01',1.81,21558),
(5,6,'2023-08-24 18:13:01',1.83,21559),
(5,6,'2023-10-12 18:13:01',1.81,21560),
(5,6,'2023-10-19 18:13:01',1.33,21561),
(5,6,'2023-10-26 18:13:01',1.81,21562),
(5,6,'2023-11-02 18:13:01',1.19,21563),
(5,6,'2023-11-23 18:13:01',1.81,21564),
(5,6,'2023-11-30 18:13:01',1.89,21565),
(5,6,'2024-03-01 18:13:01',1.86,21566),
(5,6,'2024-03-15 18:13:01',1.96,21567),
(5,6,'2024-04-05 18:13:01',1.93,21568),
(5,6,'2024-07-12 18:13:01',2.00,21569),
(5,6,'2024-07-26 18:13:01',1.96,21570),
(5,6,'2024-08-02 18:13:01',1.53,21571),
(5,6,'2024-08-23 18:13:01',1.96,21572),
(5,6,'2024-08-30 18:13:01',1.66,21573),
(5,6,'2024-09-20 18:13:01',1.96,21574),
(5,6,'2024-10-04 18:13:01',2.04,21575),
(5,6,'2024-10-11 18:13:01',2.10,21576),
(5,6,'2024-10-18 18:13:01',1.64,21577),
(5,6,'2024-11-08 18:13:01',2.10,21578),
(5,6,'2024-11-15 18:13:01',1.79,21579),
(5,6,'2024-12-06 18:13:01',2.10,21580),
(5,6,'2024-12-13 18:13:01',1.64,21581),
(5,6,'2024-12-20 18:13:01',2.10,21582),
(5,6,'2024-12-27 18:13:01',1.52,21583),
(5,7,'2022-11-04 18:13:12',2.53,21584),
(5,7,'2022-11-11 18:13:12',2.57,21585),
(5,7,'2023-02-03 18:13:12',2.56,21586),
(5,7,'2023-02-10 18:13:12',2.58,21587),
(5,7,'2023-03-09 18:13:12',2.60,21588),
(5,7,'2023-04-20 18:13:12',2.63,21589),
(5,7,'2023-06-29 18:13:12',2.71,21590),
(5,7,'2023-07-27 18:13:12',2.70,21591),
(5,7,'2023-08-03 18:13:12',1.70,21592),
(5,7,'2023-08-17 18:13:12',2.70,21593),
(5,7,'2023-11-02 18:13:12',2.73,21594),
(5,7,'2023-11-09 18:13:12',2.76,21595),
(5,7,'2024-05-10 18:13:12',2.71,21596),
(5,7,'2024-05-17 18:13:12',1.59,21597),
(5,7,'2024-06-21 18:13:12',2.69,21598),
(5,7,'2024-07-12 18:13:12',2.74,21599),
(5,7,'2024-08-09 18:13:12',2.72,21600),
(5,7,'2024-08-23 18:13:12',2.74,21601),
(5,7,'2024-09-20 18:13:12',2.78,21602),
(5,7,'2024-09-27 18:13:12',1.42,21603),
(5,7,'2024-10-18 18:13:12',2.78,21604),
(5,7,'2024-11-08 18:13:12',2.75,21605),
(5,7,'2024-11-15 18:13:12',1.42,21606),
(5,7,'2024-11-29 18:13:12',2.75,21607),
(5,7,'2024-12-06 18:13:12',1.90,21608),
(5,7,'2024-12-20 18:13:12',2.75,21609),
(5,7,'2024-12-27 18:13:12',1.56,21610),
(5,8,'2022-12-02 18:13:19',3.05,21611),
(5,8,'2023-01-06 18:13:19',2.99,21612),
(5,8,'2023-01-27 18:13:19',3.15,21613),
(5,8,'2023-02-03 18:13:19',3.18,21614),
(5,8,'2023-03-23 18:13:19',3.11,21615),
(5,8,'2023-04-06 18:13:19',3.08,21616),
(5,8,'2023-04-13 18:13:19',2.70,21617),
(5,8,'2023-06-22 18:13:19',3.02,21618),
(5,8,'2023-06-29 18:13:19',2.66,21619),
(5,8,'2023-07-06 18:13:19',3.02,21620),
(5,8,'2023-07-13 18:13:19',2.52,21621),
(5,8,'2023-08-03 18:13:19',3.02,21622),
(5,8,'2023-08-10 18:13:19',2.37,21623),
(5,8,'2023-08-24 18:13:19',3.02,21624),
(5,8,'2023-09-07 18:13:19',2.99,21625),
(5,8,'2023-09-14 18:13:19',2.48,21626),
(5,8,'2023-11-02 18:13:19',2.99,21627),
(5,8,'2023-11-09 18:13:19',2.25,21628),
(5,8,'2023-11-30 18:13:19',2.99,21629),
(5,8,'2023-12-14 18:13:19',3.06,21630),
(5,8,'2023-12-21 18:13:19',3.10,21631),
(5,8,'2024-02-08 18:13:19',3.11,21632),
(5,8,'2024-02-15 18:13:19',3.08,21633),
(5,8,'2024-03-01 18:13:19',3.16,21634),
(5,8,'2024-05-03 18:13:19',3.17,21635),
(5,8,'2024-06-28 18:13:19',3.10,21636),
(5,8,'2024-07-12 18:13:19',3.21,21637),
(5,8,'2024-07-19 18:13:19',2.66,21638),
(5,8,'2024-09-27 18:13:19',3.21,21639),
(5,8,'2024-10-04 18:13:19',2.78,21640),
(5,8,'2024-10-25 18:13:19',3.21,21641),
(5,8,'2024-11-01 18:13:19',2.72,21642),
(5,8,'2024-11-29 18:13:19',3.21,21643),
(5,9,'2022-10-14 18:13:26',2.49,21644),
(5,9,'2022-10-21 18:13:26',1.72,21645),
(5,9,'2022-11-04 18:13:26',2.52,21646),
(5,9,'2022-12-02 18:13:26',2.49,21647),
(5,9,'2022-12-09 18:13:26',2.23,21648),
(5,9,'2022-12-16 18:13:26',1.99,21649),
(5,9,'2023-05-25 18:13:26',2.49,21650),
(5,9,'2023-06-08 18:13:26',2.61,21651),
(5,9,'2023-06-15 18:13:26',2.76,21652),
(5,9,'2023-06-22 18:13:26',2.01,21653),
(5,9,'2023-10-12 18:13:26',2.76,21654),
(5,9,'2023-10-19 18:13:26',2.36,21655),
(5,9,'2023-10-26 18:13:26',2.76,21656),
(5,9,'2023-11-02 18:13:26',1.95,21657),
(5,9,'2023-11-30 18:13:26',2.76,21658),
(5,9,'2023-12-21 18:13:26',2.69,21659),
(5,9,'2023-12-28 18:13:26',2.20,21660),
(5,9,'2024-01-18 18:13:26',2.69,21661),
(5,9,'2024-01-25 18:13:26',2.32,21662),
(5,9,'2024-03-15 18:13:26',2.69,21663),
(5,9,'2024-03-22 18:13:26',2.36,21664),
(5,9,'2024-06-07 18:13:26',2.69,21665),
(5,9,'2024-06-14 18:13:26',1.85,21666),
(5,9,'2024-06-21 18:13:26',2.69,21667),
(5,9,'2024-06-28 18:13:26',1.94,21668),
(5,9,'2024-07-05 18:13:26',2.69,21669),
(5,9,'2024-07-12 18:13:26',1.86,21670),
(5,9,'2024-07-19 18:13:26',2.69,21671),
(5,9,'2024-07-26 18:13:26',2.39,21672),
(5,9,'2024-08-09 18:13:26',2.72,21673),
(5,9,'2024-09-06 18:13:26',2.63,21674),
(5,9,'2024-09-20 18:13:26',2.64,21675),
(5,9,'2024-10-11 18:13:26',2.62,21676),
(5,9,'2024-11-15 18:13:26',2.63,21677),
(5,10,'2023-02-24 18:13:35',14.57,21678),
(5,10,'2023-03-02 18:13:35',4.97,21679),
(5,10,'2023-03-23 18:13:35',14.57,21680),
(5,10,'2023-04-13 18:13:35',14.63,21681),
(5,10,'2023-05-11 18:13:35',14.57,21682),
(5,10,'2023-05-18 18:13:35',8.22,21683),
(5,10,'2023-05-25 18:13:35',10.45,21684),
(5,10,'2023-06-29 18:13:35',14.57,21685),
(5,10,'2023-07-06 18:13:35',5.02,21686),
(5,10,'2023-10-19 18:13:35',14.57,21687),
(5,10,'2023-11-02 18:13:35',14.44,21688),
(5,10,'2024-01-04 18:13:35',14.17,21689),
(5,10,'2024-01-11 18:13:35',14.16,21690),
(5,10,'2024-01-18 18:13:35',9.80,21691),
(5,10,'2024-03-08 18:13:35',14.16,21692),
(5,10,'2024-03-29 18:13:35',14.09,21693),
(5,10,'2024-05-24 18:13:35',14.11,21694),
(5,10,'2024-07-05 18:13:35',14.30,21695),
(5,10,'2024-07-12 18:13:35',6.63,21696),
(5,10,'2024-08-16 18:13:35',14.30,21697),
(5,10,'2024-08-23 18:13:35',14.24,21698),
(5,10,'2024-08-30 18:13:35',6.10,21699),
(5,10,'2024-09-27 18:13:35',14.37,21700),
(5,10,'2024-11-15 18:13:35',14.39,21701),
(5,10,'2024-11-22 18:13:35',9.70,21702),
(5,10,'2024-11-29 18:13:35',9.96,21703),
(5,10,'2024-12-13 18:13:35',14.39,21704),
(5,10,'2024-12-20 18:13:35',6.56,21705),
(5,11,'2022-10-21 18:13:42',3.42,21706),
(5,11,'2022-11-04 18:13:42',3.39,21707),
(5,11,'2023-01-27 18:13:42',3.47,21708),
(5,11,'2023-03-30 18:13:42',3.58,21709),
(5,11,'2023-04-06 18:13:42',2.02,21710),
(5,11,'2023-07-13 18:13:42',3.58,21711),
(5,11,'2023-09-28 18:13:42',3.42,21712),
(5,11,'2023-10-12 18:13:42',3.39,21713),
(5,11,'2023-10-19 18:13:42',1.74,21714),
(5,11,'2023-10-26 18:13:42',3.02,21715),
(5,11,'2023-11-09 18:13:42',3.39,21716),
(5,11,'2023-11-16 18:13:42',1.82,21717),
(5,11,'2023-12-07 18:13:42',3.39,21718),
(5,11,'2024-01-04 18:13:42',3.43,21719),
(5,11,'2024-01-11 18:13:42',2.59,21720),
(5,11,'2024-02-22 18:13:42',3.43,21721),
(5,11,'2024-03-15 18:13:42',3.54,21722),
(5,11,'2024-03-22 18:13:42',2.96,21723),
(5,11,'2024-04-12 18:13:42',3.54,21724),
(5,11,'2024-04-19 18:13:42',1.99,21725),
(5,11,'2024-04-26 18:13:42',1.87,21726),
(5,11,'2024-06-28 18:13:42',3.54,21727),
(5,11,'2024-09-06 18:13:42',3.57,21728),
(5,11,'2024-09-13 18:13:42',2.60,21729),
(5,11,'2024-11-29 18:13:42',3.57,21730),
(5,11,'2024-12-06 18:13:42',2.02,21731),
(5,11,'2024-12-20 18:13:42',3.57,21732),
(5,12,'2022-10-14 18:13:52',8.31,21733),
(5,12,'2022-11-18 18:13:52',8.15,21734),
(5,12,'2022-11-25 18:13:52',6.44,21735),
(5,12,'2022-12-02 18:13:52',8.29,21736),
(5,12,'2022-12-09 18:13:52',8.31,21737),
(5,12,'2022-12-16 18:13:52',8.43,21738),
(5,12,'2023-01-20 18:13:52',8.54,21739),
(5,12,'2023-02-17 18:13:52',8.47,21740),
(5,12,'2023-02-24 18:13:52',6.88,21741),
(5,12,'2023-03-23 18:13:52',8.48,21742),
(5,12,'2023-06-15 18:13:52',8.38,21743),
(5,12,'2023-06-22 18:13:52',6.81,21744),
(5,12,'2023-11-30 18:13:52',8.38,21745),
(5,12,'2023-12-07 18:13:52',6.96,21746),
(5,12,'2023-12-28 18:13:52',8.38,21747),
(5,12,'2024-03-01 18:13:52',8.63,21748),
(5,12,'2024-04-12 18:13:52',8.55,21749),
(5,12,'2024-04-19 18:13:52',8.53,21750),
(5,12,'2024-05-10 18:13:52',8.42,21751),
(5,12,'2024-08-02 18:13:52',8.54,21752),
(5,12,'2024-08-09 18:13:52',8.61,21753),
(5,12,'2024-10-04 18:13:52',8.85,21754),
(5,12,'2024-12-20 18:13:52',8.81,21755),
(5,13,'2022-12-02 18:14:01',3.55,21756),
(5,13,'2022-12-09 18:14:01',2.58,21757),
(5,13,'2023-01-06 18:14:01',3.55,21758),
(5,13,'2023-01-13 18:14:01',2.66,21759),
(5,13,'2023-02-17 18:14:01',3.55,21760),
(5,13,'2023-04-06 18:14:01',3.69,21761),
(5,13,'2023-04-13 18:14:01',3.30,21762),
(5,13,'2023-04-20 18:14:01',3.06,21763),
(5,13,'2023-06-08 18:14:01',3.69,21764),
(5,13,'2023-06-15 18:14:01',3.62,21765),
(5,13,'2023-06-22 18:14:01',3.25,21766),
(5,13,'2023-06-29 18:14:01',3.62,21767),
(5,13,'2023-07-06 18:14:01',3.56,21768),
(5,13,'2023-08-17 18:14:01',3.61,21769),
(5,13,'2023-08-31 18:14:01',3.76,21770),
(5,13,'2023-09-28 18:14:01',3.75,21771),
(5,13,'2023-10-05 18:14:01',3.33,21772),
(5,13,'2023-10-19 18:14:01',3.75,21773),
(5,13,'2023-12-21 18:14:01',3.74,21774),
(5,13,'2023-12-28 18:14:01',2.72,21775),
(5,13,'2024-01-04 18:14:01',3.67,21776),
(5,13,'2024-01-11 18:14:01',3.68,21777),
(5,13,'2024-01-18 18:14:01',2.71,21778),
(5,13,'2024-01-25 18:14:01',3.09,21779),
(5,13,'2024-02-01 18:14:01',2.66,21780),
(5,13,'2024-02-15 18:14:01',3.68,21781),
(5,13,'2024-02-22 18:14:01',2.94,21782),
(5,13,'2024-04-12 18:14:01',3.68,21783),
(5,13,'2024-04-19 18:14:01',3.56,21784),
(5,13,'2024-04-26 18:14:01',2.77,21785),
(5,13,'2024-05-03 18:14:01',2.50,21786),
(5,13,'2024-05-10 18:14:01',3.56,21787),
(5,13,'2024-05-24 18:14:01',3.59,21788),
(5,13,'2024-07-19 18:14:01',3.60,21789),
(5,13,'2024-07-26 18:14:01',3.08,21790),
(5,13,'2024-08-09 18:14:01',3.60,21791),
(5,13,'2024-08-16 18:14:01',2.70,21792),
(5,13,'2024-08-30 18:14:01',3.60,21793),
(5,13,'2024-12-06 18:14:01',3.62,21794),
(5,13,'2024-12-13 18:14:01',3.57,21795),
(5,13,'2024-12-20 18:14:01',3.56,21796),
(5,14,'2022-10-07 18:14:09',1.52,21797),
(5,14,'2022-10-14 18:14:09',1.28,21798),
(5,14,'2022-12-09 18:14:09',1.52,21799),
(5,14,'2022-12-16 18:14:09',1.25,21800),
(5,14,'2022-12-23 18:14:09',1.52,21801),
(5,14,'2023-02-10 18:14:09',1.54,21802),
(5,14,'2023-02-17 18:14:09',1.23,21803),
(5,14,'2023-03-23 18:14:09',1.54,21804),
(5,14,'2023-03-30 18:14:09',1.35,21805),
(5,14,'2023-04-06 18:14:09',1.25,21806),
(5,14,'2023-04-13 18:14:09',1.54,21807),
(5,14,'2023-05-18 18:14:09',1.43,21808),
(5,14,'2023-12-21 18:14:09',1.40,21809),
(5,14,'2023-12-28 18:14:09',1.09,21810),
(5,14,'2024-02-22 18:14:09',1.40,21811),
(5,14,'2024-04-19 18:14:09',1.44,21812),
(5,14,'2024-04-26 18:14:09',1.48,21813),
(5,14,'2024-05-03 18:14:09',1.23,21814),
(5,14,'2024-05-24 18:14:09',1.48,21815),
(5,14,'2024-11-15 18:14:09',1.45,21816),
(5,15,'2022-10-07 18:14:17',7.78,21817),
(5,15,'2022-10-14 18:14:17',6.46,21818),
(5,15,'2022-11-04 18:14:17',7.78,21819),
(5,15,'2022-12-02 18:14:17',7.74,21820),
(5,15,'2022-12-09 18:14:17',6.27,21821),
(5,15,'2022-12-30 18:14:17',7.74,21822),
(5,15,'2023-01-06 18:14:17',7.85,21823),
(5,15,'2023-02-24 18:14:17',8.00,21824),
(5,15,'2023-03-16 18:14:17',7.90,21825),
(5,15,'2023-04-20 18:14:17',7.98,21826),
(5,15,'2023-06-22 18:14:17',8.11,21827),
(5,15,'2023-06-29 18:14:17',6.88,21828),
(5,15,'2023-07-13 18:14:17',8.11,21829),
(5,15,'2023-10-05 18:14:17',8.08,21830),
(5,15,'2024-01-11 18:14:17',8.20,21831),
(5,15,'2024-02-08 18:14:17',8.21,21832),
(5,15,'2024-02-15 18:14:17',8.20,21833),
(5,15,'2024-03-29 18:14:17',8.24,21834),
(5,15,'2024-04-05 18:14:17',8.02,21835),
(5,15,'2024-04-12 18:14:17',6.72,21836),
(5,15,'2024-08-02 18:14:17',8.02,21837),
(5,15,'2024-08-09 18:14:17',6.39,21838),
(5,15,'2024-10-04 18:14:17',8.02,21839),
(5,15,'2024-10-18 18:14:17',8.14,21840),
(5,15,'2024-10-25 18:14:17',8.00,21841),
(5,15,'2024-11-08 18:14:17',8.28,21842),
(5,15,'2024-11-15 18:14:17',6.64,21843),
(5,15,'2024-11-29 18:14:17',8.28,21844),
(5,15,'2024-12-06 18:14:17',6.65,21845),
(5,16,'2022-11-18 18:14:26',2.01,21846),
(5,16,'2022-11-25 18:14:26',1.76,21847),
(5,16,'2022-12-02 18:14:26',1.83,21848),
(5,16,'2022-12-09 18:14:26',2.01,21849),
(5,16,'2023-01-13 18:14:26',1.99,21850),
(5,16,'2023-02-03 18:14:26',2.06,21851),
(5,16,'2023-02-10 18:14:26',1.95,21852),
(5,16,'2023-02-17 18:14:26',2.06,21853),
(5,16,'2023-02-24 18:14:26',1.87,21854),
(5,16,'2023-03-02 18:14:26',1.79,21855),
(5,16,'2023-03-09 18:14:26',1.77,21856),
(5,16,'2023-03-16 18:14:26',2.06,21857),
(5,16,'2023-03-23 18:14:26',1.85,21858),
(5,16,'2023-04-20 18:14:26',2.06,21859),
(5,16,'2023-04-27 18:14:26',1.92,21860),
(5,16,'2023-05-04 18:14:26',2.06,21861),
(5,16,'2023-05-11 18:14:26',1.85,21862),
(5,16,'2023-06-15 18:14:26',2.06,21863),
(5,16,'2023-06-22 18:14:26',2.07,21864),
(5,16,'2023-08-10 18:14:26',2.04,21865),
(5,16,'2023-08-31 18:14:26',2.08,21866),
(5,16,'2023-09-07 18:14:26',2.11,21867),
(5,16,'2023-09-14 18:14:26',1.85,21868),
(5,16,'2023-09-21 18:14:26',2.11,21869),
(5,16,'2023-09-28 18:14:26',1.98,21870),
(5,16,'2023-10-26 18:14:26',2.11,21871),
(5,16,'2023-11-02 18:14:26',1.87,21872),
(5,16,'2023-11-09 18:14:26',1.88,21873),
(5,16,'2023-11-16 18:14:26',2.11,21874),
(5,16,'2023-11-23 18:14:26',1.99,21875),
(5,16,'2023-12-07 18:14:26',2.11,21876),
(5,16,'2023-12-14 18:14:26',1.83,21877),
(5,16,'2023-12-28 18:14:26',2.11,21878),
(5,16,'2024-01-18 18:14:26',2.13,21879),
(5,16,'2024-01-25 18:14:26',1.96,21880),
(5,16,'2024-05-10 18:14:26',2.13,21881),
(5,16,'2024-05-17 18:14:26',2.16,21882),
(5,16,'2024-05-24 18:14:26',1.99,21883),
(5,16,'2024-08-16 18:14:26',2.16,21884),
(5,16,'2024-09-06 18:14:26',2.15,21885),
(5,16,'2024-09-13 18:14:26',1.87,21886),
(5,16,'2024-11-08 18:14:26',2.15,21887),
(5,16,'2024-12-20 18:14:26',2.18,21888),
(5,16,'2024-12-27 18:14:26',2.19,21889),
(5,17,'2022-10-14 18:14:36',1.87,21890),
(5,17,'2022-10-21 18:14:36',1.32,21891),
(5,17,'2022-11-25 18:14:36',1.96,21892),
(5,17,'2022-12-16 18:14:36',1.94,21893),
(5,17,'2022-12-23 18:14:36',1.54,21894),
(5,17,'2023-01-13 18:14:36',1.94,21895),
(5,17,'2023-02-24 18:14:36',1.90,21896),
(5,17,'2023-03-02 18:14:36',1.59,21897),
(5,17,'2023-03-09 18:14:36',1.90,21898),
(5,17,'2023-05-11 18:14:36',1.89,21899),
(5,17,'2023-05-18 18:14:36',1.93,21900),
(5,17,'2023-06-01 18:14:36',1.96,21901),
(5,17,'2023-08-24 18:14:36',1.94,21902),
(5,17,'2023-09-14 18:14:36',1.99,21903),
(5,17,'2023-11-16 18:14:36',1.95,21904),
(5,17,'2023-11-23 18:14:36',1.50,21905),
(5,17,'2024-03-08 18:14:36',1.99,21906),
(5,17,'2024-03-15 18:14:36',1.59,21907),
(5,17,'2024-04-05 18:14:36',1.99,21908),
(5,17,'2024-04-26 18:14:36',2.09,21909),
(5,17,'2024-05-03 18:14:36',1.59,21910),
(5,17,'2024-06-21 18:14:36',2.07,21911),
(5,17,'2024-08-09 18:14:36',2.18,21912),
(5,17,'2024-08-16 18:14:36',1.59,21913),
(5,17,'2024-08-23 18:14:36',2.18,21914),
(5,17,'2024-09-20 18:14:36',2.23,21915),
(5,17,'2024-09-27 18:14:36',2.34,21916),
(5,17,'2024-10-18 18:14:36',2.36,21917),
(5,18,'2022-10-07 18:14:53',4.49,21918),
(5,18,'2022-10-14 18:14:53',3.86,21919),
(5,18,'2022-10-28 18:14:53',4.49,21920),
(5,18,'2022-11-04 18:14:53',4.56,21921),
(5,18,'2022-11-11 18:14:53',3.89,21922),
(5,18,'2022-11-25 18:14:53',4.56,21923),
(5,18,'2022-12-23 18:14:53',4.49,21924),
(5,18,'2022-12-30 18:14:53',4.50,21925),
(5,18,'2023-01-06 18:14:53',3.44,21926),
(5,18,'2023-02-10 18:14:53',4.50,21927),
(5,18,'2023-02-17 18:14:53',3.77,21928),
(5,18,'2023-03-09 18:14:53',4.50,21929),
(5,18,'2023-04-27 18:14:53',4.60,21930),
(5,18,'2023-06-01 18:14:53',4.74,21931),
(5,18,'2023-06-22 18:14:53',4.76,21932),
(5,18,'2023-10-19 18:14:53',4.81,21933),
(5,18,'2023-11-02 18:14:53',4.92,21934),
(5,18,'2023-11-16 18:14:53',4.85,21935),
(5,18,'2024-01-11 18:14:53',4.81,21936),
(5,18,'2024-01-25 18:14:53',4.87,21937),
(5,18,'2024-02-01 18:14:53',4.86,21938),
(5,18,'2024-02-08 18:14:53',4.03,21939),
(5,18,'2024-03-01 18:14:53',4.92,21940),
(5,18,'2024-03-08 18:14:53',4.12,21941),
(5,18,'2024-03-15 18:14:53',4.92,21942),
(5,18,'2024-05-03 18:14:53',4.96,21943),
(5,18,'2024-05-10 18:14:53',5.06,21944),
(5,18,'2024-05-17 18:14:53',3.90,21945),
(5,18,'2024-05-24 18:14:53',4.98,21946),
(5,18,'2024-05-31 18:14:53',3.63,21947),
(5,18,'2024-06-21 18:14:53',4.98,21948),
(5,18,'2024-06-28 18:14:53',4.95,21949),
(5,18,'2024-07-05 18:14:53',4.10,21950),
(5,18,'2024-07-12 18:14:53',5.00,21951),
(5,18,'2024-07-19 18:14:53',3.98,21952),
(5,18,'2024-08-30 18:14:53',5.04,21953),
(5,18,'2024-09-06 18:14:53',3.87,21954),
(5,18,'2024-09-13 18:14:53',3.64,21955),
(5,18,'2024-11-01 18:14:53',5.04,21956),
(5,18,'2024-12-13 18:14:53',5.20,21957),
(5,19,'2023-01-13 18:15:00',4.99,21958),
(5,19,'2023-01-20 18:15:00',5.09,21959),
(5,19,'2023-01-27 18:15:00',4.14,21960),
(5,19,'2023-03-16 18:15:00',5.09,21961),
(5,19,'2023-03-30 18:15:00',5.18,21962),
(5,19,'2023-05-18 18:15:00',5.36,21963),
(5,19,'2023-07-13 18:15:00',5.45,21964),
(5,19,'2023-07-20 18:15:00',4.29,21965),
(5,19,'2023-08-03 18:15:00',5.45,21966),
(5,19,'2023-08-10 18:15:00',3.85,21967),
(5,19,'2023-08-17 18:15:00',5.45,21968),
(5,19,'2023-09-07 18:15:00',5.55,21969),
(5,19,'2023-10-12 18:15:00',5.65,21970),
(5,19,'2023-10-19 18:15:00',4.31,21971),
(5,19,'2023-12-21 18:15:00',5.76,21972),
(5,19,'2023-12-28 18:15:00',4.99,21973),
(5,19,'2024-01-25 18:15:00',5.76,21974),
(5,19,'2024-02-01 18:15:00',4.18,21975),
(5,19,'2024-02-08 18:15:00',4.99,21976),
(5,19,'2024-03-08 18:15:00',5.67,21977),
(5,19,'2024-05-17 18:15:00',5.62,21978),
(5,19,'2024-05-24 18:15:00',4.72,21979),
(5,19,'2024-05-31 18:15:00',4.31,21980),
(5,19,'2024-07-12 18:15:00',5.62,21981),
(5,19,'2024-07-19 18:15:00',4.42,21982),
(5,19,'2024-08-02 18:15:00',5.62,21983),
(5,19,'2024-08-16 18:15:00',5.58,21984),
(5,19,'2024-10-11 18:15:00',5.59,21985),
(5,19,'2024-12-13 18:15:00',5.52,21986),
(5,19,'2024-12-20 18:15:00',4.95,21987),
(5,20,'2022-10-07 18:15:06',5.79,21988),
(5,20,'2022-10-28 18:15:06',5.80,21989),
(5,20,'2022-11-11 18:15:06',5.88,21990),
(5,20,'2022-11-18 18:15:06',4.96,21991),
(5,20,'2022-11-25 18:15:06',5.88,21992),
(5,20,'2022-12-23 18:15:06',5.99,21993),
(5,20,'2022-12-30 18:15:06',4.26,21994),
(5,20,'2023-04-20 18:15:06',5.99,21995),
(5,20,'2023-08-10 18:15:06',5.96,21996),
(5,20,'2023-08-17 18:15:06',5.25,21997),
(5,20,'2023-09-21 18:15:06',5.96,21998),
(5,20,'2023-10-05 18:15:06',5.87,21999),
(5,20,'2023-10-12 18:15:06',5.02,22000),
(5,20,'2023-10-26 18:15:06',5.87,22001),
(5,20,'2023-11-02 18:15:06',5.86,22002),
(5,20,'2023-11-09 18:15:06',4.50,22003),
(5,20,'2023-12-14 18:15:06',5.86,22004),
(5,20,'2023-12-21 18:15:06',5.85,22005),
(5,20,'2023-12-28 18:15:06',5.95,22006),
(5,20,'2024-01-04 18:15:06',4.62,22007),
(5,20,'2024-02-01 18:15:06',5.95,22008),
(5,20,'2024-02-22 18:15:06',5.87,22009),
(5,20,'2024-05-03 18:15:06',5.97,22010),
(5,20,'2024-05-17 18:15:06',6.14,22011),
(5,20,'2024-05-24 18:15:06',5.28,22012),
(5,20,'2024-06-07 18:15:06',6.14,22013),
(5,20,'2024-06-28 18:15:06',6.22,22014),
(5,20,'2024-07-05 18:15:06',4.60,22015),
(5,20,'2024-07-12 18:15:06',6.22,22016),
(5,20,'2024-07-19 18:15:06',4.94,22017),
(5,20,'2024-07-26 18:15:06',4.99,22018),
(5,20,'2024-08-09 18:15:06',6.22,22019),
(5,20,'2024-09-13 18:15:06',6.30,22020),
(5,20,'2024-10-04 18:15:06',6.28,22021),
(5,20,'2024-10-25 18:15:06',6.37,22022),
(5,20,'2024-11-01 18:15:06',6.34,22023),
(5,20,'2024-11-08 18:15:06',5.08,22024),
(5,20,'2024-11-22 18:15:06',6.34,22025),
(5,20,'2024-11-29 18:15:06',4.76,22026),
(5,21,'2022-10-28 18:15:13',6.79,22027),
(5,21,'2022-11-04 18:15:13',5.02,22028),
(5,21,'2022-12-02 18:15:13',6.79,22029),
(5,21,'2022-12-09 18:15:13',5.86,22030),
(5,21,'2023-03-16 18:15:13',6.79,22031),
(5,21,'2023-03-23 18:15:13',5.29,22032),
(5,21,'2023-05-11 18:15:13',6.79,22033),
(5,21,'2023-05-18 18:15:13',5.66,22034),
(5,21,'2023-05-25 18:15:13',6.79,22035),
(5,21,'2023-06-01 18:15:13',5.68,22036),
(5,21,'2023-06-08 18:15:13',5.47,22037),
(5,21,'2023-08-03 18:15:13',6.79,22038),
(5,21,'2023-10-12 18:15:13',6.84,22039),
(5,21,'2023-11-02 18:15:13',6.79,22040),
(5,21,'2023-11-23 18:15:13',6.88,22041),
(5,21,'2023-11-30 18:15:13',5.81,22042),
(5,21,'2024-06-07 18:15:13',6.88,22043),
(5,21,'2024-07-05 18:15:13',6.87,22044),
(5,21,'2024-07-12 18:15:13',5.39,22045),
(5,21,'2024-08-30 18:15:13',6.87,22046),
(5,21,'2024-10-11 18:15:13',6.89,22047),
(5,21,'2024-10-18 18:15:13',6.14,22048),
(5,21,'2024-11-15 18:15:13',6.89,22049),
(5,21,'2024-11-22 18:15:13',5.16,22050),
(5,21,'2024-12-20 18:15:13',6.89,22051),
(5,22,'2022-11-11 18:15:24',2.49,22052),
(5,22,'2022-12-02 18:15:24',2.55,22053),
(5,22,'2022-12-23 18:15:24',2.49,22054),
(5,22,'2023-01-06 18:15:24',2.54,22055),
(5,22,'2023-01-13 18:15:24',2.58,22056),
(5,22,'2023-03-23 18:15:24',2.63,22057),
(5,22,'2023-05-11 18:15:24',2.68,22058),
(5,22,'2023-05-18 18:15:24',2.71,22059),
(5,22,'2023-06-01 18:15:24',2.68,22060),
(5,22,'2023-06-29 18:15:24',2.83,22061),
(5,22,'2023-07-06 18:15:24',2.78,22062),
(5,22,'2023-07-20 18:15:24',2.73,22063),
(5,22,'2023-07-27 18:15:24',2.74,22064),
(5,22,'2023-08-10 18:15:24',2.73,22065),
(5,22,'2023-08-31 18:15:24',2.60,22066),
(5,22,'2023-10-05 18:15:24',2.67,22067),
(5,22,'2023-10-12 18:15:24',2.68,22068),
(5,22,'2023-11-23 18:15:24',2.72,22069),
(5,22,'2023-12-07 18:15:24',2.80,22070),
(5,22,'2023-12-28 18:15:24',2.76,22071),
(5,22,'2024-02-08 18:15:24',2.80,22072),
(5,22,'2024-03-01 18:15:24',2.74,22073),
(5,22,'2024-03-29 18:15:24',2.88,22074),
(5,22,'2024-04-12 18:15:24',2.89,22075),
(5,22,'2024-05-03 18:15:24',2.91,22076),
(5,22,'2024-05-10 18:15:24',2.92,22077),
(5,22,'2024-05-17 18:15:24',2.87,22078),
(5,22,'2024-05-24 18:15:24',2.78,22079),
(5,22,'2024-05-31 18:15:24',2.76,22080),
(5,22,'2024-06-07 18:15:24',2.86,22081),
(5,22,'2024-06-21 18:15:24',2.90,22082),
(5,22,'2024-07-19 18:15:24',2.98,22083),
(5,22,'2024-08-23 18:15:24',3.02,22084),
(5,22,'2024-10-18 18:15:24',3.01,22085),
(5,22,'2024-12-13 18:15:24',3.03,22086),
(5,23,'2022-10-21 18:15:52',2.29,22087),
(5,23,'2022-10-28 18:15:52',2.04,22088),
(5,23,'2022-11-25 18:15:52',2.29,22089),
(5,23,'2022-12-02 18:15:52',1.84,22090),
(5,23,'2022-12-23 18:15:52',2.29,22091),
(5,23,'2023-01-06 18:15:52',2.35,22092),
(5,23,'2023-02-10 18:15:52',2.40,22093),
(5,23,'2023-02-17 18:15:52',2.11,22094),
(5,23,'2023-03-09 18:15:52',2.40,22095),
(5,23,'2023-03-16 18:15:52',2.50,22096),
(5,23,'2023-05-11 18:15:52',2.49,22097),
(5,23,'2023-05-25 18:15:52',2.52,22098),
(5,23,'2023-06-08 18:15:52',2.51,22099),
(5,23,'2023-07-20 18:15:52',2.53,22100),
(5,23,'2023-08-03 18:15:52',2.52,22101),
(5,23,'2023-08-10 18:15:52',2.16,22102),
(5,23,'2023-08-17 18:15:52',2.52,22103),
(5,23,'2023-09-07 18:15:52',2.58,22104),
(5,23,'2023-10-05 18:15:52',2.60,22105),
(5,23,'2023-10-12 18:15:52',2.10,22106),
(5,23,'2023-11-16 18:15:52',2.60,22107),
(5,23,'2023-11-23 18:15:52',2.29,22108),
(5,23,'2024-01-18 18:15:52',2.61,22109),
(5,23,'2024-01-25 18:15:52',2.11,22110),
(5,23,'2024-02-08 18:15:52',2.61,22111),
(5,23,'2024-02-15 18:15:52',2.29,22112),
(5,23,'2024-03-08 18:15:52',2.59,22113),
(5,23,'2024-03-15 18:15:52',2.12,22114),
(5,23,'2024-03-22 18:15:52',2.29,22115),
(5,23,'2024-03-29 18:15:52',2.59,22116),
(5,23,'2024-04-19 18:15:52',2.53,22117),
(5,23,'2024-04-26 18:15:52',2.20,22118),
(5,23,'2024-05-03 18:15:52',2.53,22119),
(5,23,'2024-05-10 18:15:52',2.18,22120),
(5,23,'2024-05-31 18:15:52',2.53,22121),
(5,23,'2024-06-07 18:15:52',2.14,22122),
(5,23,'2024-06-21 18:15:52',2.53,22123),
(5,23,'2024-07-19 18:15:52',2.57,22124),
(5,23,'2024-07-26 18:15:52',2.21,22125),
(5,23,'2024-08-09 18:15:52',2.57,22126),
(5,23,'2024-08-16 18:15:52',2.58,22127),
(5,23,'2024-10-18 18:15:52',2.55,22128),
(5,23,'2024-12-13 18:15:52',2.54,22129),
(5,24,'2022-11-04 18:17:06',3.00,22130),
(5,24,'2022-12-23 18:17:06',3.16,22131),
(5,24,'2023-01-06 18:17:06',3.14,22132),
(5,24,'2023-02-03 18:17:06',3.16,22133),
(5,24,'2023-03-30 18:17:06',3.13,22134),
(5,24,'2023-04-20 18:17:06',3.22,22135),
(5,24,'2023-05-25 18:17:06',3.31,22136),
(5,24,'2023-06-08 18:17:06',3.28,22137),
(5,24,'2023-07-20 18:17:06',3.39,22138),
(5,24,'2023-07-27 18:17:06',3.46,22139),
(5,24,'2023-09-07 18:17:06',3.40,22140),
(5,24,'2023-09-21 18:17:06',3.30,22141),
(5,24,'2024-04-26 18:17:06',3.34,22142),
(5,24,'2024-07-19 18:17:06',3.44,22143),
(5,24,'2024-08-16 18:17:06',3.38,22144),
(5,24,'2024-08-23 18:17:06',3.42,22145),
(5,24,'2024-09-06 18:17:06',3.47,22146),
(5,24,'2024-09-27 18:17:06',3.38,22147),
(5,24,'2024-11-29 18:17:06',3.48,22148),
(5,24,'2024-12-13 18:17:06',3.40,22149),
(5,25,'2022-11-04 18:17:24',4.69,22150),
(5,25,'2022-11-11 18:17:24',4.16,22151),
(5,25,'2023-01-27 18:17:24',4.69,22152),
(5,25,'2023-02-03 18:17:24',4.12,22153),
(5,25,'2023-03-16 18:17:24',4.69,22154),
(5,25,'2023-03-23 18:17:24',4.15,22155),
(5,25,'2023-04-27 18:17:24',4.69,22156),
(5,25,'2023-05-18 18:17:24',4.72,22157),
(5,25,'2023-05-25 18:17:24',4.00,22158),
(5,25,'2023-06-01 18:17:24',4.72,22159),
(5,25,'2023-06-29 18:17:24',4.69,22160),
(5,25,'2023-07-06 18:17:24',3.89,22161),
(5,25,'2023-07-13 18:17:24',4.69,22162),
(5,25,'2023-07-27 18:17:24',4.72,22163),
(5,25,'2023-10-05 18:17:24',4.74,22164),
(5,25,'2023-10-12 18:17:24',3.96,22165),
(5,25,'2023-11-30 18:17:24',4.74,22166),
(5,25,'2024-01-11 18:17:24',4.69,22167),
(5,25,'2024-02-15 18:17:24',4.85,22168),
(5,25,'2024-02-22 18:17:24',4.11,22169),
(5,25,'2024-03-01 18:17:24',4.85,22170),
(5,25,'2024-03-08 18:17:24',4.03,22171),
(5,25,'2024-06-28 18:17:24',4.85,22172),
(5,25,'2024-07-05 18:17:24',4.78,22173),
(5,25,'2024-07-12 18:17:24',4.02,22174),
(5,25,'2024-07-26 18:17:24',4.78,22175),
(5,25,'2024-08-02 18:17:24',4.76,22176),
(5,25,'2024-08-23 18:17:24',4.81,22177),
(5,25,'2024-08-30 18:17:24',4.11,22178),
(5,25,'2024-10-18 18:17:24',4.81,22179),
(5,25,'2024-12-06 18:17:24',4.94,22180),
(5,25,'2024-12-20 18:17:24',5.00,22181),
(5,25,'2024-12-27 18:17:24',4.48,22182),
(5,26,'2023-01-06 18:17:40',5.46,22183),
(5,26,'2023-01-13 18:17:40',5.33,22184),
(5,26,'2023-01-20 18:17:40',5.26,22185),
(5,26,'2023-01-27 18:17:40',5.17,22186),
(5,26,'2023-02-03 18:17:40',4.63,22187),
(5,26,'2023-02-10 18:17:40',5.17,22188),
(5,26,'2023-02-17 18:17:40',4.64,22189),
(5,26,'2023-03-02 18:17:40',5.17,22190),
(5,26,'2023-03-09 18:17:40',4.12,22191),
(5,26,'2023-04-20 18:17:40',5.17,22192),
(5,26,'2023-04-27 18:17:40',4.30,22193),
(5,26,'2023-05-25 18:17:40',5.17,22194),
(5,26,'2023-06-01 18:17:40',4.26,22195),
(5,26,'2023-06-29 18:17:40',5.17,22196),
(5,26,'2023-07-06 18:17:40',4.55,22197),
(5,26,'2023-07-20 18:17:40',5.17,22198),
(5,26,'2023-07-27 18:17:40',5.23,22199),
(5,26,'2023-08-17 18:17:40',5.28,22200),
(5,26,'2023-09-07 18:17:40',5.37,22201),
(5,26,'2023-10-12 18:17:40',5.44,22202),
(5,26,'2023-10-19 18:17:40',5.48,22203),
(5,26,'2023-10-26 18:17:40',5.56,22204),
(5,26,'2023-11-09 18:17:40',5.61,22205),
(5,26,'2023-12-07 18:17:40',5.59,22206),
(5,26,'2023-12-21 18:17:40',5.61,22207),
(5,26,'2024-01-04 18:17:40',5.70,22208),
(5,26,'2024-01-18 18:17:40',5.73,22209),
(5,26,'2024-02-01 18:17:40',5.69,22210),
(5,26,'2024-03-01 18:17:40',5.70,22211),
(5,26,'2024-03-08 18:17:40',4.29,22212),
(5,26,'2024-04-05 18:17:40',5.70,22213),
(5,26,'2024-04-12 18:17:40',4.32,22214),
(5,26,'2024-05-17 18:17:40',5.70,22215),
(5,26,'2024-05-24 18:17:40',5.73,22216),
(5,26,'2024-05-31 18:17:40',4.79,22217),
(5,26,'2024-06-07 18:17:40',5.73,22218),
(5,26,'2024-06-14 18:17:40',4.57,22219),
(5,26,'2024-09-13 18:17:40',5.73,22220),
(5,26,'2024-09-27 18:17:40',5.77,22221),
(5,26,'2024-10-04 18:17:40',4.79,22222),
(5,26,'2024-10-18 18:17:40',5.77,22223),
(5,26,'2024-10-25 18:17:40',5.73,22224),
(5,26,'2024-11-01 18:17:40',4.46,22225),
(5,26,'2024-12-06 18:17:40',5.79,22226),
(5,27,'2022-10-07 18:17:49',5.54,22227),
(5,27,'2022-10-21 18:17:49',5.47,22228),
(5,27,'2022-11-25 18:17:49',5.37,22229),
(5,27,'2022-12-02 18:17:49',5.43,22230),
(5,27,'2022-12-16 18:17:49',5.45,22231),
(5,27,'2022-12-23 18:17:49',4.25,22232),
(5,27,'2022-12-30 18:17:49',5.45,22233),
(5,27,'2023-01-27 18:17:49',5.50,22234),
(5,27,'2023-02-03 18:17:49',5.60,22235),
(5,27,'2023-04-20 18:17:49',5.62,22236),
(5,27,'2023-05-18 18:17:49',5.75,22237),
(5,27,'2023-06-08 18:17:49',5.82,22238),
(5,27,'2023-08-03 18:17:49',5.73,22239),
(5,27,'2023-09-21 18:17:49',5.80,22240),
(5,27,'2023-10-26 18:17:49',5.96,22241),
(5,27,'2023-11-30 18:17:49',5.90,22242),
(5,27,'2023-12-07 18:17:49',4.86,22243),
(5,27,'2023-12-14 18:17:49',5.74,22244),
(5,27,'2023-12-21 18:17:49',5.82,22245),
(5,27,'2024-01-11 18:17:49',5.72,22246),
(5,27,'2024-01-25 18:17:49',5.65,22247),
(5,27,'2024-02-01 18:17:49',5.74,22248),
(5,27,'2024-02-15 18:17:49',5.64,22249),
(5,27,'2024-02-22 18:17:49',4.75,22250),
(5,27,'2024-03-22 18:17:49',5.64,22251),
(5,27,'2024-03-29 18:17:49',5.73,22252),
(5,27,'2024-04-12 18:17:49',5.77,22253),
(5,27,'2024-05-03 18:17:49',5.70,22254),
(5,27,'2024-06-21 18:17:49',5.62,22255),
(5,27,'2024-07-26 18:17:49',5.59,22256),
(5,27,'2024-08-09 18:17:49',5.71,22257),
(5,27,'2024-08-16 18:17:49',5.64,22258),
(5,27,'2024-09-27 18:17:49',5.69,22259),
(5,27,'2024-10-18 18:17:49',5.77,22260),
(5,27,'2024-10-25 18:17:49',4.40,22261),
(5,27,'2024-11-08 18:17:49',5.77,22262),
(5,27,'2024-11-15 18:17:49',5.81,22263),
(5,27,'2024-12-06 18:17:49',5.88,22264),
(5,27,'2024-12-13 18:17:49',4.72,22265),
(5,27,'2024-12-20 18:17:49',4.56,22266),
(5,28,'2022-11-11 18:18:00',3.39,22267),
(5,28,'2022-11-18 18:18:00',2.51,22268),
(5,28,'2022-11-25 18:18:00',3.39,22269),
(5,28,'2022-12-02 18:18:00',2.32,22270),
(5,28,'2022-12-23 18:18:00',3.48,22271),
(5,28,'2023-01-20 18:18:00',3.45,22272),
(5,28,'2023-01-27 18:18:00',2.42,22273),
(5,28,'2023-02-24 18:18:00',3.59,22274),
(5,28,'2023-03-02 18:18:00',2.88,22275),
(5,28,'2023-08-03 18:18:00',3.59,22276),
(5,28,'2023-08-10 18:18:00',2.73,22277),
(5,28,'2023-08-24 18:18:00',3.59,22278),
(5,28,'2023-08-31 18:18:00',3.62,22279),
(5,28,'2023-09-07 18:18:00',2.96,22280),
(5,28,'2023-09-14 18:18:00',3.62,22281),
(5,28,'2023-10-19 18:18:00',3.59,22282),
(5,28,'2023-10-26 18:18:00',3.67,22283),
(5,28,'2023-11-23 18:18:00',3.63,22284),
(5,28,'2023-11-30 18:18:00',3.60,22285),
(5,28,'2024-01-04 18:18:00',3.59,22286),
(5,28,'2024-02-01 18:18:00',3.61,22287),
(5,28,'2024-04-19 18:18:00',3.55,22288),
(5,28,'2024-06-28 18:18:00',3.53,22289),
(5,28,'2024-07-05 18:18:00',2.67,22290),
(5,28,'2024-10-04 18:18:00',3.53,22291),
(5,28,'2024-10-11 18:18:00',3.66,22292),
(5,28,'2024-10-18 18:18:00',2.73,22293),
(5,28,'2024-11-08 18:18:00',3.66,22294),
(5,28,'2024-12-06 18:18:00',3.73,22295),
(5,28,'2024-12-13 18:18:00',3.69,22296),
(5,28,'2024-12-27 18:18:00',3.76,22297),
(5,29,'2022-10-28 18:18:17',3.00,22298),
(5,29,'2022-11-11 18:18:17',3.08,22299),
(5,29,'2022-11-18 18:18:17',2.38,22300),
(5,29,'2022-12-16 18:18:17',3.08,22301),
(5,29,'2022-12-30 18:18:17',3.06,22302),
(5,29,'2023-01-20 18:18:17',3.07,22303),
(5,29,'2023-02-17 18:18:17',3.16,22304),
(5,29,'2023-03-02 18:18:17',3.29,22305),
(5,29,'2023-03-09 18:18:17',3.42,22306),
(5,29,'2023-03-16 18:18:17',2.40,22307),
(5,29,'2023-04-27 18:18:17',3.42,22308),
(5,29,'2023-07-13 18:18:17',3.48,22309),
(5,29,'2023-07-27 18:18:17',3.39,22310),
(5,29,'2023-08-03 18:18:17',2.94,22311),
(5,29,'2023-09-28 18:18:17',3.39,22312),
(5,29,'2024-01-25 18:18:17',3.43,22313),
(5,29,'2024-02-01 18:18:17',2.48,22314),
(5,29,'2024-02-08 18:18:17',3.43,22315),
(5,29,'2024-02-15 18:18:17',2.85,22316),
(5,29,'2024-03-08 18:18:17',3.43,22317),
(5,29,'2024-03-15 18:18:17',2.61,22318),
(5,29,'2024-04-26 18:18:17',3.43,22319),
(5,29,'2024-10-11 18:18:17',3.42,22320),
(5,29,'2024-10-18 18:18:17',2.78,22321),
(5,30,'2022-10-07 18:18:39',4.99,22322),
(5,30,'2022-10-14 18:18:39',4.26,22323),
(5,30,'2022-10-21 18:18:39',4.99,22324),
(5,30,'2022-10-28 18:18:39',3.37,22325),
(5,30,'2023-01-27 18:18:39',4.99,22326),
(5,30,'2023-02-17 18:18:39',5.08,22327),
(5,30,'2023-03-02 18:18:39',5.19,22328),
(5,30,'2023-03-09 18:18:39',4.66,22329),
(5,30,'2023-05-11 18:18:39',5.19,22330),
(5,30,'2023-05-18 18:18:39',3.74,22331),
(5,30,'2023-06-08 18:18:39',5.14,22332),
(5,30,'2023-07-06 18:18:39',5.06,22333),
(5,30,'2023-07-13 18:18:39',5.07,22334),
(5,30,'2023-07-20 18:18:39',5.00,22335),
(5,30,'2023-08-03 18:18:39',4.99,22336),
(5,30,'2023-08-10 18:18:39',3.65,22337),
(5,30,'2023-09-14 18:18:39',4.99,22338),
(5,30,'2023-09-21 18:18:39',3.42,22339),
(5,30,'2023-10-19 18:18:39',4.99,22340),
(5,30,'2023-10-26 18:18:39',3.99,22341),
(5,30,'2023-11-02 18:18:39',3.64,22342),
(5,30,'2023-12-14 18:18:39',4.99,22343),
(5,30,'2023-12-21 18:18:39',3.69,22344),
(5,30,'2024-02-15 18:18:39',4.99,22345),
(5,30,'2024-02-22 18:18:39',4.32,22346),
(5,30,'2024-04-26 18:18:39',4.99,22347),
(5,30,'2024-05-03 18:18:39',3.71,22348),
(5,30,'2024-06-14 18:18:39',4.99,22349),
(5,30,'2024-07-05 18:18:39',5.02,22350),
(5,30,'2024-07-26 18:18:39',5.10,22351),
(5,30,'2024-08-02 18:18:39',4.44,22352),
(5,30,'2024-09-06 18:18:39',5.10,22353),
(5,30,'2024-09-13 18:18:39',3.80,22354),
(5,30,'2024-09-27 18:18:39',5.20,22355),
(5,30,'2024-10-11 18:18:39',5.24,22356),
(5,30,'2024-10-18 18:18:39',5.18,22357),
(5,30,'2024-11-22 18:18:39',5.24,22358),
(5,30,'2024-11-29 18:18:39',5.25,22359),
(5,30,'2024-12-06 18:18:39',4.24,22360),
(5,30,'2024-12-13 18:18:39',3.90,22361),
(5,30,'2024-12-20 18:18:39',4.72,22362),
(8,19,'2023-05-03 06:51:47',4.98,22384),
(8,19,'2023-05-08 10:06:03',5.17,22385),
(8,19,'2023-05-16 10:51:39',5.17,22386),
(8,19,'2023-06-19 10:51:45',5.34,22387),
(8,19,'2023-08-14 12:51:38',5.47,22388),
(8,19,'2023-09-12 10:51:26',5.22,22389),
(8,19,'2023-09-21 10:00:29',4.97,22390),
(8,19,'2023-09-21 10:51:50',4.97,22391),
(8,19,'2023-11-07 05:01:40',5.22,22392),
(8,19,'2023-11-14 11:00:44',4.97,22393),
(8,19,'2023-12-04 07:00:35',4.77,22394),
(8,24,'2023-04-27 11:29:28',3.12,22363),
(8,24,'2023-05-03 07:51:53',3.22,22364),
(8,24,'2023-05-08 13:06:40',2.81,22365),
(8,24,'2023-05-18 07:52:02',2.81,22366),
(8,24,'2023-06-01 11:51:59',3.07,22367),
(8,24,'2023-06-09 09:51:38',2.66,22368),
(8,24,'2023-06-13 09:51:46',3.07,22369),
(8,24,'2023-06-29 13:51:54',2.82,22370),
(8,24,'2023-07-03 09:51:57',2.76,22371),
(8,24,'2023-07-13 07:52:03',2.59,22372),
(8,24,'2023-07-20 09:51:19',2.77,22373),
(8,24,'2023-08-01 11:51:33',2.72,22374),
(8,24,'2023-08-07 15:51:40',2.53,22375),
(8,24,'2023-08-14 11:51:59',2.72,22376),
(8,24,'2023-08-29 07:51:41',2.66,22377),
(8,24,'2023-09-01 11:52:02',2.78,22378),
(8,24,'2023-09-04 13:52:08',2.73,22379),
(8,24,'2023-10-04 14:02:40',2.82,22380),
(8,24,'2023-11-01 14:01:07',2.96,22381),
(8,24,'2023-11-27 19:01:02',2.92,22382),
(8,24,'2023-12-01 15:00:06',2.87,22383);
/*!40000 ALTER TABLE `PriceHistory` ENABLE KEYS */;
UNLOCK TABLES;

--
-- Table structure for table `Recipe`
--

DROP TABLE IF EXISTS `Recipe`;
/*!40101 SET @saved_cs_client     = @@character_set_client */;
/*!40101 SET character_set_client = utf8 */;
CREATE TABLE `Recipe` (
  `RecipeID` int(7) NOT NULL,
  `RecipeName` varchar(50) NOT NULL,
  `IsPrivate` tinyint(1) NOT NULL,
  `PrivateUID` int(7) DEFAULT NULL,
  `IngredientID` int(7) NOT NULL,
  `Quantity` decimal(10,0) NOT NULL,
  `Unit` varchar(25) NOT NULL,
  PRIMARY KEY (`RecipeID`,`IngredientID`),
  KEY `Recipe_IngredientID_Ingredient_IngredientID` (`IngredientID`),
  CONSTRAINT `Recipe_IngredientID_Ingredient_IngredientID` FOREIGN KEY (`IngredientID`) REFERENCES `Ingredient` (`IngredientID`)
) ENGINE=InnoDB DEFAULT CHARSET=latin1 COLLATE=latin1_swedish_ci;
/*!40101 SET character_set_client = @saved_cs_client */;

--
-- Dumping data for table `Recipe`
--

LOCK TABLES `Recipe` WRITE;
/*!40000 ALTER TABLE `Recipe` DISABLE KEYS */;
INSERT INTO `Recipe` VALUES
(1,'Steak and Potatoes',0,NULL,2,8,'Oz'),
(1,'Steak and Potatoes',0,NULL,26,8,'Oz'),
(2,'Scrambled Eggs with Bacon and Toast',0,NULL,12,2,'strips'),
(2,'Scrambled Eggs with Bacon and Toast',0,NULL,22,3,'each'),
(2,'Scrambled Eggs with Bacon and Toast',0,NULL,29,2,'slices');
/*!40000 ALTER TABLE `Recipe` ENABLE KEYS */;
UNLOCK TABLES;

--
-- Table structure for table `RecipeCollection`
--

DROP TABLE IF EXISTS `RecipeCollection`;
/*!40101 SET @saved_cs_client     = @@character_set_client */;
/*!40101 SET character_set_client = utf8 */;
CREATE TABLE `RecipeCollection` (
  `UserID` int(11) NOT NULL,
  `RecipeID` int(7) NOT NULL,
  `DjangoID` int(11) NOT NULL AUTO_INCREMENT,
  `target_price` float(6,2) DEFAULT NULL,
  PRIMARY KEY (`DjangoID`),
  KEY `fk_recipe` (`RecipeID`),
  KEY `fk_user_recipe` (`UserID`),
  CONSTRAINT `fk_recipe` FOREIGN KEY (`RecipeID`) REFERENCES `Recipe` (`RecipeID`),
  CONSTRAINT `fk_user_recipe` FOREIGN KEY (`UserID`) REFERENCES `auth_user` (`id`)
) ENGINE=InnoDB AUTO_INCREMENT=6 DEFAULT CHARSET=latin1 COLLATE=latin1_swedish_ci;
/*!40101 SET character_set_client = @saved_cs_client */;

--
-- Dumping data for table `RecipeCollection`
--

LOCK TABLES `RecipeCollection` WRITE;
/*!40000 ALTER TABLE `RecipeCollection` DISABLE KEYS */;
INSERT INTO `RecipeCollection` VALUES
(6,1,3,25.77),
(2,1,4,15.99),
(2,2,5,12.82);
/*!40000 ALTER TABLE `RecipeCollection` ENABLE KEYS */;
UNLOCK TABLES;

--
-- Table structure for table `ShoppingList`
--

DROP TABLE IF EXISTS `ShoppingList`;
/*!40101 SET @saved_cs_client     = @@character_set_client */;
/*!40101 SET character_set_client = utf8 */;
CREATE TABLE `ShoppingList` (
  `ListID` int(7) NOT NULL,
  `IngredientID` int(7) NOT NULL,
  `StoreID` int(7) NOT NULL,
  `Quantity` int(11) NOT NULL,
  `Budget` int(4) DEFAULT NULL,
  PRIMARY KEY (`ListID`,`IngredientID`,`StoreID`),
  KEY `ShoppingList_IngredientID_Ingredient_IngredientID` (`IngredientID`),
  KEY `ShoppingList_StoreID_GroceryStore_StoreId` (`StoreID`),
  CONSTRAINT `ShoppingList_IngredientID_Ingredient_IngredientID` FOREIGN KEY (`IngredientID`) REFERENCES `Ingredient` (`IngredientID`),
  CONSTRAINT `ShoppingList_StoreID_GroceryStore_StoreId` FOREIGN KEY (`StoreID`) REFERENCES `GroceryStore` (`StoreId`)
) ENGINE=InnoDB DEFAULT CHARSET=latin1 COLLATE=latin1_swedish_ci;
/*!40101 SET character_set_client = @saved_cs_client */;

--
-- Dumping data for table `ShoppingList`
--

LOCK TABLES `ShoppingList` WRITE;
/*!40000 ALTER TABLE `ShoppingList` DISABLE KEYS */;
INSERT INTO `ShoppingList` VALUES
(1,1,1,1,NULL),
(1,2,2,2,NULL),
(1,10,2,1,NULL),
(1,13,2,1,NULL),
(1,15,2,1,NULL),
(1,26,2,1,NULL),
(2,12,1,1,NULL),
(2,15,1,1,NULL),
(2,22,1,1,NULL),
(2,28,1,1,NULL),
(5,5,1,150,NULL),
(5,12,2,2,NULL),
(5,13,1,14,NULL),
(5,29,2,2,NULL),
(7,2,1,8,NULL),
(7,3,1,12,NULL),
(7,26,1,8,NULL),
(8,12,1,1,NULL),
(8,15,1,999,NULL),
(8,22,2,2,NULL),
(9,1,1,1,NULL),
(12,2,1,8,NULL),
(12,3,1,7,NULL),
(12,5,1,1,NULL),
(12,26,1,8,NULL),
(12,30,1,1,NULL);
/*!40000 ALTER TABLE `ShoppingList` ENABLE KEYS */;
UNLOCK TABLES;

--
-- Table structure for table `ShoppingListCollection`
--

DROP TABLE IF EXISTS `ShoppingListCollection`;
/*!40101 SET @saved_cs_client     = @@character_set_client */;
/*!40101 SET character_set_client = utf8 */;
CREATE TABLE `ShoppingListCollection` (
  `UserID` int(11) NOT NULL,
  `ListID` int(7) NOT NULL,
  `DjangoID` int(11) NOT NULL AUTO_INCREMENT,
  PRIMARY KEY (`DjangoID`),
  KEY `ShoppingListCollection_ListID_ShoppingList_ListID` (`ListID`),
  KEY `ShoppingListCollection_UserID_AuthUser_ID` (`UserID`),
  CONSTRAINT `ShoppingListCollection_UserID_AuthUser_ID` FOREIGN KEY (`UserID`) REFERENCES `auth_user` (`id`)
) ENGINE=InnoDB AUTO_INCREMENT=4 DEFAULT CHARSET=latin1 COLLATE=latin1_swedish_ci;
/*!40101 SET character_set_client = @saved_cs_client */;

--
-- Dumping data for table `ShoppingListCollection`
--

LOCK TABLES `ShoppingListCollection` WRITE;
/*!40000 ALTER TABLE `ShoppingListCollection` DISABLE KEYS */;
INSERT INTO `ShoppingListCollection` VALUES
(1,1,1),
(2,1,2),
(2,2,3);
/*!40000 ALTER TABLE `ShoppingListCollection` ENABLE KEYS */;
UNLOCK TABLES;

--
-- Table structure for table `ShoppingListNames`
--

DROP TABLE IF EXISTS `ShoppingListNames`;
/*!40101 SET @saved_cs_client     = @@character_set_client */;
/*!40101 SET character_set_client = utf8 */;
CREATE TABLE `ShoppingListNames` (
  `ListID` int(11) NOT NULL AUTO_INCREMENT,
  `ListName` varchar(25) NOT NULL,
  `UserID` int(11) NOT NULL,
  PRIMARY KEY (`ListID`),
  KEY `UserID` (`UserID`),
  CONSTRAINT `ShoppingListNames_ibfk_2` FOREIGN KEY (`UserID`) REFERENCES `auth_user` (`id`)
) ENGINE=InnoDB AUTO_INCREMENT=13 DEFAULT CHARSET=latin1 COLLATE=latin1_swedish_ci;
/*!40101 SET character_set_client = @saved_cs_client */;

--
-- Dumping data for table `ShoppingListNames`
--

LOCK TABLES `ShoppingListNames` WRITE;
/*!40000 ALTER TABLE `ShoppingListNames` DISABLE KEYS */;
INSERT INTO `ShoppingListNames` VALUES
(1,'Fancy Dinner',2),
(2,'Breakfast',2),
(5,'New List Name',2),
(7,'ShoppingList',2),
(8,'Dummy List',6),
(9,'NewList',7),
(12,'Demo 12/12/23',2);
/*!40000 ALTER TABLE `ShoppingListNames` ENABLE KEYS */;
UNLOCK TABLES;

--
-- Table structure for table `StoreCollection`
--

DROP TABLE IF EXISTS `StoreCollection`;
/*!40101 SET @saved_cs_client     = @@character_set_client */;
/*!40101 SET character_set_client = utf8 */;
CREATE TABLE `StoreCollection` (
  `UserID` int(11) NOT NULL,
  `StoreID` int(7) NOT NULL,
  `DjangoID` int(11) NOT NULL AUTO_INCREMENT,
  PRIMARY KEY (`DjangoID`),
  KEY `fk_store` (`StoreID`),
  KEY `fk_user` (`UserID`),
  CONSTRAINT `fk_store` FOREIGN KEY (`StoreID`) REFERENCES `GroceryStore` (`StoreId`),
  CONSTRAINT `fk_user` FOREIGN KEY (`UserID`) REFERENCES `auth_user` (`id`)
) ENGINE=InnoDB AUTO_INCREMENT=77 DEFAULT CHARSET=latin1 COLLATE=latin1_swedish_ci;
/*!40101 SET character_set_client = @saved_cs_client */;

--
-- Dumping data for table `StoreCollection`
--

LOCK TABLES `StoreCollection` WRITE;
/*!40000 ALTER TABLE `StoreCollection` DISABLE KEYS */;
INSERT INTO `StoreCollection` VALUES
(5,1,15),
(5,2,16),
(5,4,17),
(5,5,18),
(2,1,75),
(2,3,76);
/*!40000 ALTER TABLE `StoreCollection` ENABLE KEYS */;
UNLOCK TABLES;

--
-- Table structure for table `auth_group`
--

DROP TABLE IF EXISTS `auth_group`;
/*!40101 SET @saved_cs_client     = @@character_set_client */;
/*!40101 SET character_set_client = utf8 */;
CREATE TABLE `auth_group` (
  `id` int(11) NOT NULL AUTO_INCREMENT,
  `name` varchar(150) NOT NULL,
  PRIMARY KEY (`id`),
  UNIQUE KEY `name` (`name`)
) ENGINE=InnoDB DEFAULT CHARSET=latin1 COLLATE=latin1_swedish_ci;
/*!40101 SET character_set_client = @saved_cs_client */;

--
-- Dumping data for table `auth_group`
--

LOCK TABLES `auth_group` WRITE;
/*!40000 ALTER TABLE `auth_group` DISABLE KEYS */;
/*!40000 ALTER TABLE `auth_group` ENABLE KEYS */;
UNLOCK TABLES;

--
-- Table structure for table `auth_group_permissions`
--

DROP TABLE IF EXISTS `auth_group_permissions`;
/*!40101 SET @saved_cs_client     = @@character_set_client */;
/*!40101 SET character_set_client = utf8 */;
CREATE TABLE `auth_group_permissions` (
  `id` bigint(20) NOT NULL AUTO_INCREMENT,
  `group_id` int(11) NOT NULL,
  `permission_id` int(11) NOT NULL,
  PRIMARY KEY (`id`),
  UNIQUE KEY `auth_group_permissions_group_id_permission_id_0cd325b0_uniq` (`group_id`,`permission_id`),
  KEY `auth_group_permissio_permission_id_84c5c92e_fk_auth_perm` (`permission_id`),
  CONSTRAINT `auth_group_permissio_permission_id_84c5c92e_fk_auth_perm` FOREIGN KEY (`permission_id`) REFERENCES `auth_permission` (`id`),
  CONSTRAINT `auth_group_permissions_group_id_b120cbf9_fk_auth_group_id` FOREIGN KEY (`group_id`) REFERENCES `auth_group` (`id`)
) ENGINE=InnoDB DEFAULT CHARSET=latin1 COLLATE=latin1_swedish_ci;
/*!40101 SET character_set_client = @saved_cs_client */;

--
-- Dumping data for table `auth_group_permissions`
--

LOCK TABLES `auth_group_permissions` WRITE;
/*!40000 ALTER TABLE `auth_group_permissions` DISABLE KEYS */;
/*!40000 ALTER TABLE `auth_group_permissions` ENABLE KEYS */;
UNLOCK TABLES;

--
-- Table structure for table `auth_permission`
--

DROP TABLE IF EXISTS `auth_permission`;
/*!40101 SET @saved_cs_client     = @@character_set_client */;
/*!40101 SET character_set_client = utf8 */;
CREATE TABLE `auth_permission` (
  `id` int(11) NOT NULL AUTO_INCREMENT,
  `name` varchar(255) NOT NULL,
  `content_type_id` int(11) NOT NULL,
  `codename` varchar(100) NOT NULL,
  PRIMARY KEY (`id`),
  UNIQUE KEY `auth_permission_content_type_id_codename_01ab375a_uniq` (`content_type_id`,`codename`),
  CONSTRAINT `auth_permission_content_type_id_2f476e4b_fk_django_co` FOREIGN KEY (`content_type_id`) REFERENCES `django_content_type` (`id`)
) ENGINE=InnoDB AUTO_INCREMENT=114 DEFAULT CHARSET=latin1 COLLATE=latin1_swedish_ci;
/*!40101 SET character_set_client = @saved_cs_client */;

--
-- Dumping data for table `auth_permission`
--

LOCK TABLES `auth_permission` WRITE;
/*!40000 ALTER TABLE `auth_permission` DISABLE KEYS */;
INSERT INTO `auth_permission` VALUES
(1,'Can add log entry',1,'add_logentry'),
(2,'Can change log entry',1,'change_logentry'),
(3,'Can delete log entry',1,'delete_logentry'),
(4,'Can view log entry',1,'view_logentry'),
(5,'Can add permission',2,'add_permission'),
(6,'Can change permission',2,'change_permission'),
(7,'Can delete permission',2,'delete_permission'),
(8,'Can view permission',2,'view_permission'),
(9,'Can add group',3,'add_group'),
(10,'Can change group',3,'change_group'),
(11,'Can delete group',3,'delete_group'),
(12,'Can view group',3,'view_group'),
(13,'Can add user',4,'add_user'),
(14,'Can change user',4,'change_user'),
(15,'Can delete user',4,'delete_user'),
(16,'Can view user',4,'view_user'),
(17,'Can add content type',5,'add_contenttype'),
(18,'Can change content type',5,'change_contenttype'),
(19,'Can delete content type',5,'delete_contenttype'),
(20,'Can view content type',5,'view_contenttype'),
(21,'Can add session',6,'add_session'),
(22,'Can change session',6,'change_session'),
(23,'Can delete session',6,'delete_session'),
(24,'Can view session',6,'view_session'),
(25,'Can add grocery store',7,'add_grocerystore'),
(26,'Can change grocery store',7,'change_grocerystore'),
(27,'Can delete grocery store',7,'delete_grocerystore'),
(28,'Can view grocery store',7,'view_grocerystore'),
(29,'Can add ingredient',8,'add_ingredient'),
(30,'Can change ingredient',8,'change_ingredient'),
(31,'Can delete ingredient',8,'delete_ingredient'),
(32,'Can view ingredient',8,'view_ingredient'),
(33,'Can add price data',9,'add_pricedata'),
(34,'Can change price data',9,'change_pricedata'),
(35,'Can delete price data',9,'delete_pricedata'),
(36,'Can view price data',9,'view_pricedata'),
(37,'Can add price history',10,'add_pricehistory'),
(38,'Can change price history',10,'change_pricehistory'),
(39,'Can delete price history',10,'delete_pricehistory'),
(40,'Can view price history',10,'view_pricehistory'),
(41,'Can add user store selection',11,'add_userstoreselection'),
(42,'Can change user store selection',11,'change_userstoreselection'),
(43,'Can delete user store selection',11,'delete_userstoreselection'),
(44,'Can view user store selection',11,'view_userstoreselection'),
(46,'Can add auth group',13,'add_authgroup'),
(47,'Can change auth group',13,'change_authgroup'),
(48,'Can delete auth group',13,'delete_authgroup'),
(49,'Can view auth group',13,'view_authgroup'),
(50,'Can add auth group permissions',14,'add_authgrouppermissions'),
(51,'Can change auth group permissions',14,'change_authgrouppermissions'),
(52,'Can delete auth group permissions',14,'delete_authgrouppermissions'),
(53,'Can view auth group permissions',14,'view_authgrouppermissions'),
(54,'Can add auth permission',15,'add_authpermission'),
(55,'Can change auth permission',15,'change_authpermission'),
(56,'Can delete auth permission',15,'delete_authpermission'),
(57,'Can view auth permission',15,'view_authpermission'),
(58,'Can add auth user',16,'add_authuser'),
(59,'Can change auth user',16,'change_authuser'),
(60,'Can delete auth user',16,'delete_authuser'),
(61,'Can view auth user',16,'view_authuser'),
(62,'Can add auth user groups',17,'add_authusergroups'),
(63,'Can change auth user groups',17,'change_authusergroups'),
(64,'Can delete auth user groups',17,'delete_authusergroups'),
(65,'Can view auth user groups',17,'view_authusergroups'),
(66,'Can add auth user user permissions',18,'add_authuseruserpermissions'),
(67,'Can change auth user user permissions',18,'change_authuseruserpermissions'),
(68,'Can delete auth user user permissions',18,'delete_authuseruserpermissions'),
(69,'Can view auth user user permissions',18,'view_authuseruserpermissions'),
(70,'Can add django admin log',19,'add_djangoadminlog'),
(71,'Can change django admin log',19,'change_djangoadminlog'),
(72,'Can delete django admin log',19,'delete_djangoadminlog'),
(73,'Can view django admin log',19,'view_djangoadminlog'),
(74,'Can add django content type',20,'add_djangocontenttype'),
(75,'Can change django content type',20,'change_djangocontenttype'),
(76,'Can delete django content type',20,'delete_djangocontenttype'),
(77,'Can view django content type',20,'view_djangocontenttype'),
(78,'Can add django migrations',21,'add_djangomigrations'),
(79,'Can change django migrations',21,'change_djangomigrations'),
(80,'Can delete django migrations',21,'delete_djangomigrations'),
(81,'Can view django migrations',21,'view_djangomigrations'),
(82,'Can add django session',22,'add_djangosession'),
(83,'Can change django session',22,'change_djangosession'),
(84,'Can delete django session',22,'delete_djangosession'),
(85,'Can view django session',22,'view_djangosession'),
(86,'Can add ingredient collection',23,'add_ingredientcollection'),
(87,'Can change ingredient collection',23,'change_ingredientcollection'),
(88,'Can delete ingredient collection',23,'delete_ingredientcollection'),
(89,'Can view ingredient collection',23,'view_ingredientcollection'),
(90,'Can add recipe',24,'add_recipe'),
(91,'Can change recipe',24,'change_recipe'),
(92,'Can delete recipe',24,'delete_recipe'),
(93,'Can view recipe',24,'view_recipe'),
(94,'Can add recipe collection',25,'add_recipecollection'),
(95,'Can change recipe collection',25,'change_recipecollection'),
(96,'Can delete recipe collection',25,'delete_recipecollection'),
(97,'Can view recipe collection',25,'view_recipecollection'),
(98,'Can add shopping list',26,'add_shoppinglist'),
(99,'Can change shopping list',26,'change_shoppinglist'),
(100,'Can delete shopping list',26,'delete_shoppinglist'),
(101,'Can view shopping list',26,'view_shoppinglist'),
(102,'Can add shopping list collection',27,'add_shoppinglistcollection'),
(103,'Can change shopping list collection',27,'change_shoppinglistcollection'),
(104,'Can delete shopping list collection',27,'delete_shoppinglistcollection'),
(105,'Can view shopping list collection',27,'view_shoppinglistcollection'),
(106,'Can add shopping list names',28,'add_shoppinglistnames'),
(107,'Can change shopping list names',28,'change_shoppinglistnames'),
(108,'Can delete shopping list names',28,'delete_shoppinglistnames'),
(109,'Can view shopping list names',28,'view_shoppinglistnames'),
(110,'Can add store collection',29,'add_storecollection'),
(111,'Can change store collection',29,'change_storecollection'),
(112,'Can delete store collection',29,'delete_storecollection'),
(113,'Can view store collection',29,'view_storecollection');
/*!40000 ALTER TABLE `auth_permission` ENABLE KEYS */;
UNLOCK TABLES;

--
-- Table structure for table `auth_user`
--

DROP TABLE IF EXISTS `auth_user`;
/*!40101 SET @saved_cs_client     = @@character_set_client */;
/*!40101 SET character_set_client = utf8 */;
CREATE TABLE `auth_user` (
  `id` int(11) NOT NULL AUTO_INCREMENT,
  `password` varchar(128) NOT NULL,
  `last_login` datetime(6) DEFAULT NULL,
  `is_superuser` tinyint(1) NOT NULL,
  `username` varchar(150) NOT NULL,
  `first_name` varchar(150) NOT NULL,
  `last_name` varchar(150) NOT NULL,
  `email` varchar(254) NOT NULL,
  `is_staff` tinyint(1) NOT NULL,
  `is_active` tinyint(1) NOT NULL,
  `date_joined` datetime(6) NOT NULL,
  `selecteddate` date DEFAULT NULL,
  PRIMARY KEY (`id`),
  UNIQUE KEY `username` (`username`)
) ENGINE=InnoDB AUTO_INCREMENT=9 DEFAULT CHARSET=latin1 COLLATE=latin1_swedish_ci;
/*!40101 SET character_set_client = @saved_cs_client */;

--
-- Dumping data for table `auth_user`
--

LOCK TABLES `auth_user` WRITE;
/*!40000 ALTER TABLE `auth_user` DISABLE KEYS */;
INSERT INTO `auth_user` VALUES
(1,'pbkdf2_sha256$600000$c7yvm3nCcXfs29JUhv5yok$DuNYtOJ5Cz8Y6+dXhdK3jentZd4tzM32uYzctm7cA/g=','2023-11-28 16:41:16.831763',0,'Jesse','','','',0,1,'2023-11-28 16:41:15.946944',NULL),
(2,'pbkdf2_sha256$600000$3n7SABo8JSVel18sRtd405$CvsRxBJdIIWdL2B2FOBi0VpKyziE8CGxza9QkWnUK6U=','2023-12-12 12:53:04.160154',0,'Jesse1','','','',0,1,'2023-11-29 23:48:22.407162','2023-12-12'),
(3,'pbkdf2_sha256$600000$NRy4X6Qri91WPqgpsXz3m2$HL7zPey6SguJEhN+rPAGdUbfEFUJBJD/ULB8zmDmSs4=','2023-11-30 23:21:33.196001',0,'test123','','','',0,1,'2023-11-30 23:21:32.219285',NULL),
(4,'pbkdf2_sha256$600000$piQwkVv1UlJMMkCAza939X$CdZn5KqFvREl1et8hTdYW8vX4HYBU5HEMB8MsUx2x4M=','2023-11-30 23:25:07.694898',0,'test123123','','','',0,1,'2023-11-30 23:25:06.435339',NULL),
(5,'pbkdf2_sha256$600000$X2L2OjIzhtgzHO5OluIGCq$UobCuF0Z/Z1TUtDLGbJnfF8k6RUcSjycK/YiK1KEnfY=','2023-12-04 22:18:39.522795',0,'forgotmypassword','','','',0,1,'2023-12-04 18:25:49.753852',NULL),
(6,'pbkdf2_sha256$600000$g0F9bdkEnRUsqahtZ68Lbj$ghA0H4h/4fuDYOF4Uw/tBGsZ+IqyaO00il0kH+veLkU=','2023-12-08 00:12:53.720681',0,'dummy','','','',0,1,'2023-12-08 00:12:52.894246',NULL),
(7,'pbkdf2_sha256$600000$X3MYvJ6JEPwr1e9xNLceWI$Qu++GAjtrqsVxma+ZpKxLRRXSRQKox4LW5+pg8rNgI8=','2023-12-11 19:00:57.293638',0,'newaccount','','','',0,1,'2023-12-09 21:49:32.222963',NULL),
(8,'pbkdf2_sha256$600000$Uu5iSKQZiMEx1TXvqvvKZh$rySn7NMz0NZLM2r82WE2iHtwexnBJaN1dg54obglbTw=','2023-12-12 12:52:31.940682',0,'ingredient','','','',0,1,'2023-12-12 12:52:31.131414',NULL);
/*!40000 ALTER TABLE `auth_user` ENABLE KEYS */;
UNLOCK TABLES;

--
-- Table structure for table `auth_user_groups`
--

DROP TABLE IF EXISTS `auth_user_groups`;
/*!40101 SET @saved_cs_client     = @@character_set_client */;
/*!40101 SET character_set_client = utf8 */;
CREATE TABLE `auth_user_groups` (
  `id` bigint(20) NOT NULL AUTO_INCREMENT,
  `user_id` int(11) NOT NULL,
  `group_id` int(11) NOT NULL,
  PRIMARY KEY (`id`),
  UNIQUE KEY `auth_user_groups_user_id_group_id_94350c0c_uniq` (`user_id`,`group_id`),
  KEY `auth_user_groups_group_id_97559544_fk_auth_group_id` (`group_id`),
  CONSTRAINT `auth_user_groups_group_id_97559544_fk_auth_group_id` FOREIGN KEY (`group_id`) REFERENCES `auth_group` (`id`),
  CONSTRAINT `auth_user_groups_user_id_6a12ed8b_fk_auth_user_id` FOREIGN KEY (`user_id`) REFERENCES `auth_user` (`id`)
) ENGINE=InnoDB DEFAULT CHARSET=latin1 COLLATE=latin1_swedish_ci;
/*!40101 SET character_set_client = @saved_cs_client */;

--
-- Dumping data for table `auth_user_groups`
--

LOCK TABLES `auth_user_groups` WRITE;
/*!40000 ALTER TABLE `auth_user_groups` DISABLE KEYS */;
/*!40000 ALTER TABLE `auth_user_groups` ENABLE KEYS */;
UNLOCK TABLES;

--
-- Table structure for table `auth_user_user_permissions`
--

DROP TABLE IF EXISTS `auth_user_user_permissions`;
/*!40101 SET @saved_cs_client     = @@character_set_client */;
/*!40101 SET character_set_client = utf8 */;
CREATE TABLE `auth_user_user_permissions` (
  `id` bigint(20) NOT NULL AUTO_INCREMENT,
  `user_id` int(11) NOT NULL,
  `permission_id` int(11) NOT NULL,
  PRIMARY KEY (`id`),
  UNIQUE KEY `auth_user_user_permissions_user_id_permission_id_14a6b632_uniq` (`user_id`,`permission_id`),
  KEY `auth_user_user_permi_permission_id_1fbb5f2c_fk_auth_perm` (`permission_id`),
  CONSTRAINT `auth_user_user_permi_permission_id_1fbb5f2c_fk_auth_perm` FOREIGN KEY (`permission_id`) REFERENCES `auth_permission` (`id`),
  CONSTRAINT `auth_user_user_permissions_user_id_a95ead1b_fk_auth_user_id` FOREIGN KEY (`user_id`) REFERENCES `auth_user` (`id`)
) ENGINE=InnoDB DEFAULT CHARSET=latin1 COLLATE=latin1_swedish_ci;
/*!40101 SET character_set_client = @saved_cs_client */;

--
-- Dumping data for table `auth_user_user_permissions`
--

LOCK TABLES `auth_user_user_permissions` WRITE;
/*!40000 ALTER TABLE `auth_user_user_permissions` DISABLE KEYS */;
/*!40000 ALTER TABLE `auth_user_user_permissions` ENABLE KEYS */;
UNLOCK TABLES;

--
-- Table structure for table `django_admin_log`
--

DROP TABLE IF EXISTS `django_admin_log`;
/*!40101 SET @saved_cs_client     = @@character_set_client */;
/*!40101 SET character_set_client = utf8 */;
CREATE TABLE `django_admin_log` (
  `id` int(11) NOT NULL AUTO_INCREMENT,
  `action_time` datetime(6) NOT NULL,
  `object_id` longtext DEFAULT NULL,
  `object_repr` varchar(200) NOT NULL,
  `action_flag` smallint(5) unsigned NOT NULL CHECK (`action_flag` >= 0),
  `change_message` longtext NOT NULL,
  `content_type_id` int(11) DEFAULT NULL,
  `user_id` int(11) NOT NULL,
  PRIMARY KEY (`id`),
  KEY `django_admin_log_content_type_id_c4bce8eb_fk_django_co` (`content_type_id`),
  KEY `django_admin_log_user_id_c564eba6_fk_auth_user_id` (`user_id`),
  CONSTRAINT `django_admin_log_content_type_id_c4bce8eb_fk_django_co` FOREIGN KEY (`content_type_id`) REFERENCES `django_content_type` (`id`),
  CONSTRAINT `django_admin_log_user_id_c564eba6_fk_auth_user_id` FOREIGN KEY (`user_id`) REFERENCES `auth_user` (`id`)
) ENGINE=InnoDB DEFAULT CHARSET=latin1 COLLATE=latin1_swedish_ci;
/*!40101 SET character_set_client = @saved_cs_client */;

--
-- Dumping data for table `django_admin_log`
--

LOCK TABLES `django_admin_log` WRITE;
/*!40000 ALTER TABLE `django_admin_log` DISABLE KEYS */;
/*!40000 ALTER TABLE `django_admin_log` ENABLE KEYS */;
UNLOCK TABLES;

--
-- Table structure for table `django_content_type`
--

DROP TABLE IF EXISTS `django_content_type`;
/*!40101 SET @saved_cs_client     = @@character_set_client */;
/*!40101 SET character_set_client = utf8 */;
CREATE TABLE `django_content_type` (
  `id` int(11) NOT NULL AUTO_INCREMENT,
  `app_label` varchar(100) NOT NULL,
  `model` varchar(100) NOT NULL,
  PRIMARY KEY (`id`),
  UNIQUE KEY `django_content_type_app_label_model_76bd3d3b_uniq` (`app_label`,`model`)
) ENGINE=InnoDB AUTO_INCREMENT=30 DEFAULT CHARSET=latin1 COLLATE=latin1_swedish_ci;
/*!40101 SET character_set_client = @saved_cs_client */;

--
-- Dumping data for table `django_content_type`
--

LOCK TABLES `django_content_type` WRITE;
/*!40000 ALTER TABLE `django_content_type` DISABLE KEYS */;
INSERT INTO `django_content_type` VALUES
(1,'admin','logentry'),
(3,'auth','group'),
(2,'auth','permission'),
(4,'auth','user'),
(5,'contenttypes','contenttype'),
(13,'doughsaverapp','authgroup'),
(14,'doughsaverapp','authgrouppermissions'),
(15,'doughsaverapp','authpermission'),
(16,'doughsaverapp','authuser'),
(17,'doughsaverapp','authusergroups'),
(18,'doughsaverapp','authuseruserpermissions'),
(19,'doughsaverapp','djangoadminlog'),
(20,'doughsaverapp','djangocontenttype'),
(21,'doughsaverapp','djangomigrations'),
(22,'doughsaverapp','djangosession'),
(7,'doughsaverapp','grocerystore'),
(8,'doughsaverapp','ingredient'),
(23,'doughsaverapp','ingredientcollection'),
(9,'doughsaverapp','pricedata'),
(10,'doughsaverapp','pricehistory'),
(24,'doughsaverapp','recipe'),
(25,'doughsaverapp','recipecollection'),
(26,'doughsaverapp','shoppinglist'),
(27,'doughsaverapp','shoppinglistcollection'),
(28,'doughsaverapp','shoppinglistnames'),
(29,'doughsaverapp','storecollection'),
(11,'doughsaverapp','userstoreselection'),
(6,'sessions','session');
/*!40000 ALTER TABLE `django_content_type` ENABLE KEYS */;
UNLOCK TABLES;

--
-- Table structure for table `django_migrations`
--

DROP TABLE IF EXISTS `django_migrations`;
/*!40101 SET @saved_cs_client     = @@character_set_client */;
/*!40101 SET character_set_client = utf8 */;
CREATE TABLE `django_migrations` (
  `id` bigint(20) NOT NULL AUTO_INCREMENT,
  `app` varchar(255) NOT NULL,
  `name` varchar(255) NOT NULL,
  `applied` datetime(6) NOT NULL,
  PRIMARY KEY (`id`)
) ENGINE=InnoDB AUTO_INCREMENT=21 DEFAULT CHARSET=latin1 COLLATE=latin1_swedish_ci;
/*!40101 SET character_set_client = @saved_cs_client */;

--
-- Dumping data for table `django_migrations`
--

LOCK TABLES `django_migrations` WRITE;
/*!40000 ALTER TABLE `django_migrations` DISABLE KEYS */;
INSERT INTO `django_migrations` VALUES
(1,'contenttypes','0001_initial','2023-11-14 16:47:57.851075'),
(2,'auth','0001_initial','2023-11-14 16:47:58.902720'),
(3,'admin','0001_initial','2023-11-14 16:47:59.067448'),
(4,'admin','0002_logentry_remove_auto_add','2023-11-14 16:47:59.082240'),
(5,'admin','0003_logentry_add_action_flag_choices','2023-11-14 16:47:59.095579'),
(6,'contenttypes','0002_remove_content_type_name','2023-11-14 16:47:59.280984'),
(7,'auth','0002_alter_permission_name_max_length','2023-11-14 16:47:59.325736'),
(8,'auth','0003_alter_user_email_max_length','2023-11-14 16:47:59.362431'),
(9,'auth','0004_alter_user_username_opts','2023-11-14 16:47:59.373170'),
(10,'auth','0005_alter_user_last_login_null','2023-11-14 16:47:59.437604'),
(11,'auth','0006_require_contenttypes_0002','2023-11-14 16:47:59.441810'),
(12,'auth','0007_alter_validators_add_error_messages','2023-11-14 16:47:59.453805'),
(13,'auth','0008_alter_user_username_max_length','2023-11-14 16:47:59.508538'),
(14,'auth','0009_alter_user_last_name_max_length','2023-11-14 16:47:59.564682'),
(15,'auth','0010_alter_group_name_max_length','2023-11-14 16:47:59.617834'),
(16,'auth','0011_update_proxy_permissions','2023-11-14 16:47:59.628655'),
(17,'auth','0012_alter_user_first_name_max_length','2023-11-14 16:47:59.680788'),
(18,'doughsaverapp','0001_initial','2023-11-14 16:48:00.021269'),
(19,'sessions','0001_initial','2023-11-14 16:48:00.079116');
/*!40000 ALTER TABLE `django_migrations` ENABLE KEYS */;
UNLOCK TABLES;

--
-- Table structure for table `django_session`
--

DROP TABLE IF EXISTS `django_session`;
/*!40101 SET @saved_cs_client     = @@character_set_client */;
/*!40101 SET character_set_client = utf8 */;
CREATE TABLE `django_session` (
  `session_key` varchar(40) NOT NULL,
  `session_data` longtext NOT NULL,
  `expire_date` datetime(6) NOT NULL,
  PRIMARY KEY (`session_key`),
  KEY `django_session_expire_date_a5c62663` (`expire_date`)
) ENGINE=InnoDB DEFAULT CHARSET=latin1 COLLATE=latin1_swedish_ci;
/*!40101 SET character_set_client = @saved_cs_client */;

--
-- Dumping data for table `django_session`
--

LOCK TABLES `django_session` WRITE;
/*!40000 ALTER TABLE `django_session` DISABLE KEYS */;
INSERT INTO `django_session` VALUES
('flhnrdu1o089jdbmqmjbngrttgv0xhsb','.eJxVjMsOwiAUBf-FtSFwqWBduu83kPsAqRqalHZl_HdD0oVuz8yct4q4byXuLa1xFnVVoE6_GyE_U-1AHljvi-albutMuiv6oE1Pi6TX7XD_Dgq20uskaIwPyDiGZNkZAMtCgwQCY9wFRwKfExvLGVwQH1y2iOBoOCNZ9fkC_NA4Xw:1rClV0:7OUJySJ2N23-Y-fCYvueFoO-qL5HLCjY5hM7N-hWup0','2023-12-25 18:59:26.769506'),
('tvwhxfq1ih2635g8722mhrhcdvbh4j7i','.eJxVjMsOwiAUBf-FtSFwqWBduu83kPsAqRqalHZl_HdD0oVuz8yct4q4byXuLa1xFnVVoE6_GyE_U-1AHljvi-albutMuiv6oE1Pi6TX7XD_Dgq20uskaIwPyDiGZNkZAMtCgwQCY9wFRwKfExvLGVwQH1y2iOBoOCNZ9fkC_NA4Xw:1rD2G0:qK0L1pvsXApvwPH7yR-AOZjWiRUIPs8KMXsaDvY0I-o','2023-12-26 12:53:04.164058');
/*!40000 ALTER TABLE `django_session` ENABLE KEYS */;
UNLOCK TABLES;

--
-- Table structure for table `doughsaverapp_userstoreselection`
--

DROP TABLE IF EXISTS `doughsaverapp_userstoreselection`;
/*!40101 SET @saved_cs_client     = @@character_set_client */;
/*!40101 SET character_set_client = utf8 */;
CREATE TABLE `doughsaverapp_userstoreselection` (
  `id` bigint(20) NOT NULL AUTO_INCREMENT,
  `user_id` int(11) NOT NULL,
  PRIMARY KEY (`id`),
  KEY `doughsaverapp_userst_user_id_b82f6afc_fk_auth_user` (`user_id`),
  CONSTRAINT `doughsaverapp_userst_user_id_b82f6afc_fk_auth_user` FOREIGN KEY (`user_id`) REFERENCES `auth_user` (`id`)
) ENGINE=InnoDB DEFAULT CHARSET=latin1 COLLATE=latin1_swedish_ci;
/*!40101 SET character_set_client = @saved_cs_client */;

--
-- Dumping data for table `doughsaverapp_userstoreselection`
--

LOCK TABLES `doughsaverapp_userstoreselection` WRITE;
/*!40000 ALTER TABLE `doughsaverapp_userstoreselection` DISABLE KEYS */;
/*!40000 ALTER TABLE `doughsaverapp_userstoreselection` ENABLE KEYS */;
UNLOCK TABLES;

--
-- Table structure for table `doughsaverapp_userstoreselection_stores`
--

DROP TABLE IF EXISTS `doughsaverapp_userstoreselection_stores`;
/*!40101 SET @saved_cs_client     = @@character_set_client */;
/*!40101 SET character_set_client = utf8 */;
CREATE TABLE `doughsaverapp_userstoreselection_stores` (
  `id` bigint(20) NOT NULL AUTO_INCREMENT,
  `userstoreselection_id` bigint(20) NOT NULL,
  `grocerystore_id` int(11) NOT NULL,
  PRIMARY KEY (`id`),
  UNIQUE KEY `doughsaverapp_userstores_userstoreselection_id_gr_70cc8b50_uniq` (`userstoreselection_id`,`grocerystore_id`),
  KEY `doughsaverapp_userst_grocerystore_id_a6b856f8_fk_GrocerySt` (`grocerystore_id`),
  CONSTRAINT `doughsaverapp_userst_grocerystore_id_a6b856f8_fk_GrocerySt` FOREIGN KEY (`grocerystore_id`) REFERENCES `GroceryStore` (`StoreId`),
  CONSTRAINT `doughsaverapp_userst_userstoreselection_i_aa33d223_fk_doughsave` FOREIGN KEY (`userstoreselection_id`) REFERENCES `doughsaverapp_userstoreselection` (`id`)
) ENGINE=InnoDB DEFAULT CHARSET=latin1 COLLATE=latin1_swedish_ci;
/*!40101 SET character_set_client = @saved_cs_client */;

--
-- Dumping data for table `doughsaverapp_userstoreselection_stores`
--

LOCK TABLES `doughsaverapp_userstoreselection_stores` WRITE;
/*!40000 ALTER TABLE `doughsaverapp_userstoreselection_stores` DISABLE KEYS */;
/*!40000 ALTER TABLE `doughsaverapp_userstoreselection_stores` ENABLE KEYS */;
UNLOCK TABLES;
/*!40103 SET TIME_ZONE=@OLD_TIME_ZONE */;

/*!40101 SET SQL_MODE=@OLD_SQL_MODE */;
/*!40014 SET FOREIGN_KEY_CHECKS=@OLD_FOREIGN_KEY_CHECKS */;
/*!40014 SET UNIQUE_CHECKS=@OLD_UNIQUE_CHECKS */;
/*!40101 SET CHARACTER_SET_CLIENT=@OLD_CHARACTER_SET_CLIENT */;
/*!40101 SET CHARACTER_SET_RESULTS=@OLD_CHARACTER_SET_RESULTS */;
/*!40101 SET COLLATION_CONNECTION=@OLD_COLLATION_CONNECTION */;
/*!40111 SET SQL_NOTES=@OLD_SQL_NOTES */;

-- Dump completed on 2023-12-12 13:05:47
