-- MariaDB dump 10.19-11.1.2-MariaDB, for debian-linux-gnu (x86_64)
--
-- Host: localhost    Database: DoughSaverDB
-- ------------------------------------------------------
-- Server version	11.1.2-MariaDB-1:11.1.2+maria~ubu2204

/*!40101 SET @OLD_CHARACTER_SET_CLIENT=@@CHARACTER_SET_CLIENT */;
/*!40101 SET @OLD_CHARACTER_SET_RESULTS=@@CHARACTER_SET_RESULTS */;
/*!40101 SET @OLD_COLLATION_CONNECTION=@@COLLATION_CONNECTION */;
/*!40101 SET NAMES utf8mb4 */;
/*!40103 SET @OLD_TIME_ZONE=@@TIME_ZONE */;
/*!40103 SET TIME_ZONE='+00:00' */;
/*!40014 SET @OLD_UNIQUE_CHECKS=@@UNIQUE_CHECKS, UNIQUE_CHECKS=0 */;
/*!40014 SET @OLD_FOREIGN_KEY_CHECKS=@@FOREIGN_KEY_CHECKS, FOREIGN_KEY_CHECKS=0 */;
/*!40101 SET @OLD_SQL_MODE=@@SQL_MODE, SQL_MODE='NO_AUTO_VALUE_ON_ZERO' */;
/*!40111 SET @OLD_SQL_NOTES=@@SQL_NOTES, SQL_NOTES=0 */;

CREATE DATABASE /*!32312 IF NOT EXISTS*/ `DoughSaverDB` /*!40100 DEFAULT CHARACTER SET latin1 */;

USE `DoughSaverDB`;
--
-- Table structure for table `Customer`
--

DROP TABLE IF EXISTS `Customer`;
/*!40101 SET @saved_cs_client     = @@character_set_client */;
/*!40101 SET character_set_client = utf8 */;
CREATE TABLE `Customer` (
  `UserId` int(11) NOT NULL AUTO_INCREMENT,
  `Password` char(60) NOT NULL,
  `Name` char(25) NOT NULL,
  `Email` char(50) NOT NULL,
  `PrimaryLocation` int(5) NOT NULL,
  `Address` char(75) DEFAULT NULL,
  `CreationDate` datetime NOT NULL,
  `LastLogin` datetime NOT NULL,
  PRIMARY KEY (`UserId`),
  UNIQUE KEY `Email` (`Email`)
) ENGINE=InnoDB AUTO_INCREMENT=3 DEFAULT CHARSET=latin1 COLLATE=latin1_swedish_ci;
/*!40101 SET character_set_client = @saved_cs_client */;

--
-- Dumping data for table `Customer`
--

LOCK TABLES `Customer` WRITE;
/*!40000 ALTER TABLE `Customer` DISABLE KEYS */;
/*!40000 ALTER TABLE `Customer` ENABLE KEYS */;
UNLOCK TABLES;

--
-- Table structure for table `GroceryStore`
--

DROP TABLE IF EXISTS `GroceryStore`;
/*!40101 SET @saved_cs_client     = @@character_set_client */;
/*!40101 SET character_set_client = utf8 */;
CREATE TABLE `GroceryStore` (
  `StoreId` int(7) NOT NULL AUTO_INCREMENT,
  `StoreName` char(25) NOT NULL,
  `Address` char(75) NOT NULL,
  PRIMARY KEY (`StoreId`)
) ENGINE=InnoDB AUTO_INCREMENT=9 DEFAULT CHARSET=latin1 COLLATE=latin1_swedish_ci;
/*!40101 SET character_set_client = @saved_cs_client */;

--
-- Dumping data for table `GroceryStore`
--

LOCK TABLES `GroceryStore` WRITE;
/*!40000 ALTER TABLE `GroceryStore` DISABLE KEYS */;
INSERT INTO `GroceryStore` VALUES
(1,'Food Lion','2200 Main Street'),
(2,'Harris Teeter','1350 15th Street'),
(3,'Walmart','550 Fake Avenue'),
(4,'ALDI','440 20th Street'),
(5,'Publix','560 Fake Avenue'),
(8,'Walmart(Real)','26036 Lankford Hwy');
/*!40000 ALTER TABLE `GroceryStore` ENABLE KEYS */;
UNLOCK TABLES;

--
-- Table structure for table `Ingredient`
--

DROP TABLE IF EXISTS `Ingredient`;
/*!40101 SET @saved_cs_client     = @@character_set_client */;
/*!40101 SET character_set_client = utf8 */;
CREATE TABLE `Ingredient` (
  `IngredientID` int(7) NOT NULL AUTO_INCREMENT,
  `IngredientName` varchar(150) DEFAULT NULL,
  `Brand` varchar(25) DEFAULT NULL,
  `Quantity` float(6,2) NOT NULL,
  `Unit` varchar(25) NOT NULL,
  `IsPrivate` tinyint(1) NOT NULL,
  `PrivateUID` int(7) DEFAULT NULL,
  PRIMARY KEY (`IngredientID`)
) ENGINE=InnoDB AUTO_INCREMENT=61 DEFAULT CHARSET=latin1 COLLATE=latin1_swedish_ci;
/*!40101 SET character_set_client = @saved_cs_client */;

--
-- Dumping data for table `Ingredient`
--

LOCK TABLES `Ingredient` WRITE;
/*!40000 ALTER TABLE `Ingredient` DISABLE KEYS */;
INSERT INTO `Ingredient` VALUES
(1,'Ribeye Steak',NULL,1.00,'lb',0,NULL),
(2,'New York Strip Steak',NULL,1.00,'lb',0,NULL),
(3,'Bananas',NULL,1.00,'lb',0,NULL),
(4,'Yellow Onion',NULL,1.00,'lb',0,NULL),
(5,'T-Bone Steak',NULL,1.00,'lb',0,NULL),
(6,'Tomatoes',NULL,1.00,'lb',0,NULL),
(7,'Pork Butt',NULL,1.00,'lb',0,NULL),
(8,'Pork Chops',NULL,1.00,'lb',0,NULL),
(9,'Pork Loin',NULL,1.00,'lb',0,NULL),
(10,'Snow Crab',NULL,1.00,'lb',0,NULL),
(11,'Strawberries',NULL,1.00,'lb',0,NULL),
(12,'Bacon',NULL,1.00,'lb',0,NULL),
(13,'Asparagus',NULL,1.00,'lb',0,NULL),
(14,'Broccoli',NULL,1.00,'lb',0,NULL),
(15,'Butter',NULL,1.00,'lb',0,NULL),
(16,'Chicken Breast',NULL,1.00,'lb',0,NULL),
(17,'Green Beans',NULL,1.00,'lb',0,NULL),
(18,'Ground Beef 73/27',NULL,1.00,'lb',0,NULL),
(19,'Ground Beef 80/20',NULL,1.00,'lb',0,NULL),
(20,'Ground Beef 85/15',NULL,1.00,'lb',0,NULL),
(21,'Ground Beef 93/7',NULL,1.00,'lb',0,NULL),
(22,'Eggs',NULL,12.00,'each',0,NULL),
(23,'Pineapple',NULL,1.00,'each',0,NULL),
(24,'Milk',NULL,1.00,'Gallon',0,NULL),
(25,'Heavy Cream',NULL,32.00,'Oz',0,NULL),
(26,'Russet Potatoes',NULL,5.00,'lb',0,NULL),
(27,'Cream Cheese',NULL,8.00,'oz',0,NULL),
(28,'Orange Juice',NULL,52.00,'oz',0,NULL),
(29,'Wonder Bread',NULL,20.00,'oz',0,NULL),
(30,'Potato Chips',NULL,13.00,'oz',0,NULL);
/*!40000 ALTER TABLE `Ingredient` ENABLE KEYS */;
UNLOCK TABLES;

--
-- Table structure for table `IngredientCollection`
--

DROP TABLE IF EXISTS `IngredientCollection`;
/*!40101 SET @saved_cs_client     = @@character_set_client */;
/*!40101 SET character_set_client = utf8 */;
CREATE TABLE `IngredientCollection` (
  `UserID` int(11) NOT NULL,
  `IngredientID` int(7) NOT NULL,
  `DjangoID` int(11) NOT NULL AUTO_INCREMENT,
  `target_price` float(6,2) DEFAULT NULL,
  PRIMARY KEY (`DjangoID`),
  UNIQUE KEY `IngredientID` (`IngredientID`),
  KEY `ShoppingListCollection_UserID_AuthUser_ID` (`UserID`),
  CONSTRAINT `IngredientCollection_IngredientID_Ingredient_IngredientID` FOREIGN KEY (`IngredientID`) REFERENCES `Ingredient` (`IngredientID`),
  CONSTRAINT `IngredientCollection_UserID_AuthUser_ID` FOREIGN KEY (`UserID`) REFERENCES `auth_user` (`id`)
) ENGINE=InnoDB AUTO_INCREMENT=11 DEFAULT CHARSET=latin1 COLLATE=latin1_swedish_ci;
/*!40101 SET character_set_client = @saved_cs_client */;

--
-- Dumping data for table `IngredientCollection`
--

LOCK TABLES `IngredientCollection` WRITE;
/*!40000 ALTER TABLE `IngredientCollection` DISABLE KEYS */;
INSERT INTO `IngredientCollection` VALUES
(2,28,3,3.00),
(2,26,4,2.69),
(2,25,5,2.50),
(2,27,6,1.85),
(6,4,8,NULL),
(6,17,9,NULL),
(6,11,10,NULL);
/*!40000 ALTER TABLE `IngredientCollection` ENABLE KEYS */;
UNLOCK TABLES;

--
-- Table structure for table `PriceData`
--

DROP TABLE IF EXISTS `PriceData`;
/*!40101 SET @saved_cs_client     = @@character_set_client */;
/*!40101 SET character_set_client = utf8 */;
CREATE TABLE `PriceData` (
  `StoreID` int(7) NOT NULL,
  `IngredientID` int(7) NOT NULL,
  `Link` varchar(150) NOT NULL,
  `RegularPrice` float(6,2) DEFAULT NULL,
  `CurrentPrice` float(6,2) NOT NULL,
  `UpdateTimestamp` datetime NOT NULL,
  `IsPaused` tinyint(1) DEFAULT NULL,
  `DjangoID` int(11) NOT NULL AUTO_INCREMENT,
  PRIMARY KEY (`StoreID`,`IngredientID`),
  UNIQUE KEY `DjangoID` (`DjangoID`),
  KEY `PriceData_IngredientID_Ingredient_IngredientID` (`IngredientID`),
  CONSTRAINT `PriceData_IngredientID_Ingredient_IngredientID` FOREIGN KEY (`IngredientID`) REFERENCES `Ingredient` (`IngredientID`),
  CONSTRAINT `PriceData_StoreID_GroceryStore_StoreId` FOREIGN KEY (`StoreID`) REFERENCES `GroceryStore` (`StoreId`)
) ENGINE=InnoDB AUTO_INCREMENT=155 DEFAULT CHARSET=latin1 COLLATE=latin1_swedish_ci;
/*!40101 SET character_set_client = @saved_cs_client */;

--
-- Dumping data for table `PriceData`
--

LOCK TABLES `PriceData` WRITE;
/*!40000 ALTER TABLE `PriceData` DISABLE KEYS */;
INSERT INTO `PriceData` VALUES
(1,1,'nolink',NULL,14.15,'2023-12-12 14:50:38',NULL,1),
(1,2,'nolink',NULL,14.99,'2023-12-12 14:49:55',NULL,2),
(1,3,'nolink',NULL,0.47,'2023-12-12 18:11:53',NULL,3),
(1,4,'nolink',NULL,1.64,'2023-12-12 18:12:37',NULL,4),
(1,5,'nolink',NULL,12.22,'2023-12-12 18:12:54',NULL,5),
(1,6,'nolink',NULL,2.28,'2023-12-12 18:13:01',NULL,6),
(1,7,'nolink',NULL,3.17,'2023-12-12 18:13:12',NULL,7),
(1,8,'nolink',NULL,3.27,'2023-12-12 18:13:19',NULL,8),
(1,9,'nolink',NULL,4.19,'2023-12-12 18:13:26',NULL,9),
(1,10,'nolink',NULL,15.21,'2023-12-12 18:13:35',NULL,10),
(1,11,'nolink',NULL,4.60,'2023-12-12 18:13:42',NULL,11),
(1,12,'nolink',NULL,8.55,'2023-12-12 18:13:52',NULL,12),
(1,13,'nolink',NULL,4.40,'2023-12-12 18:14:01',NULL,13),
(1,14,'nolink',NULL,2.30,'2023-12-12 18:14:09',NULL,14),
(1,15,'nolink',NULL,8.65,'2023-12-12 18:14:17',NULL,15),
(1,16,'nolink',NULL,2.54,'2023-12-12 18:14:26',NULL,16),
(1,17,'nolink',NULL,1.81,'2023-12-12 18:14:36',NULL,17),
(1,18,'nolink',NULL,6.44,'2023-12-12 18:14:53',NULL,18),
(1,19,'nolink',NULL,4.46,'2023-12-12 18:15:00',NULL,19),
(1,20,'nolink',NULL,7.05,'2023-12-12 18:15:06',NULL,20),
(1,21,'nolink',NULL,5.51,'2023-12-12 18:15:13',NULL,21),
(1,22,'nolink',NULL,4.62,'2023-12-12 18:15:24',NULL,22),
(1,23,'nolink',NULL,3.58,'2023-12-12 18:15:52',NULL,23),
(1,24,'nolink',NULL,4.97,'2023-12-12 18:17:06',NULL,24),
(1,25,'nolink',NULL,5.44,'2023-12-12 18:17:24',NULL,25),
(1,26,'nolink',NULL,4.67,'2023-12-12 18:17:40',NULL,26),
(1,27,'nolink',NULL,5.49,'2023-12-12 18:17:49',NULL,27),
(1,28,'nolink',NULL,3.60,'2023-12-12 18:18:00',NULL,28),
(1,29,'nolink',NULL,4.79,'2023-12-12 18:18:17',NULL,29),
(1,30,'nolink',NULL,7.19,'2023-12-12 18:18:39',NULL,30),
(2,1,'nolink',NULL,14.29,'2023-12-12 14:50:38',NULL,31),
(2,2,'nolink',NULL,14.05,'2023-12-12 14:49:55',NULL,32),
(2,3,'nolink',NULL,1.08,'2023-12-12 18:11:53',NULL,33),
(2,4,'nolink',NULL,1.61,'2023-12-12 18:12:37',NULL,34),
(2,5,'nolink',NULL,11.98,'2023-12-12 18:12:54',NULL,35),
(2,6,'nolink',NULL,1.91,'2023-12-12 18:13:01',NULL,36),
(2,7,'nolink',NULL,3.20,'2023-12-12 18:13:12',NULL,37),
(2,8,'nolink',NULL,4.49,'2023-12-12 18:13:19',NULL,38),
(2,9,'nolink',NULL,3.36,'2023-12-12 18:13:26',NULL,39),
(2,10,'nolink',NULL,15.13,'2023-12-12 18:13:35',NULL,40),
(2,11,'nolink',NULL,4.93,'2023-12-12 18:13:42',NULL,41),
(2,12,'nolink',NULL,9.74,'2023-12-12 18:13:52',NULL,42),
(2,13,'nolink',NULL,4.89,'2023-12-12 18:14:01',NULL,43),
(2,14,'nolink',NULL,2.40,'2023-12-12 18:14:09',NULL,44),
(2,15,'nolink',NULL,9.05,'2023-12-12 18:14:17',NULL,45),
(2,16,'nolink',NULL,2.08,'2023-12-12 18:14:26',NULL,46),
(2,17,'nolink',NULL,2.02,'2023-12-12 18:14:36',NULL,47),
(2,18,'nolink',NULL,5.82,'2023-12-12 18:14:53',NULL,48),
(2,19,'nolink',NULL,5.35,'2023-12-12 18:15:00',NULL,49),
(2,20,'nolink',NULL,6.84,'2023-12-12 18:15:06',NULL,50),
(2,21,'nolink',NULL,7.06,'2023-12-12 18:15:13',NULL,51),
(2,22,'nolink',NULL,4.97,'2023-12-12 18:15:24',NULL,52),
(2,23,'nolink',NULL,2.71,'2023-12-12 18:15:52',NULL,53),
(2,24,'nolink',NULL,3.95,'2023-12-12 18:17:06',NULL,54),
(2,25,'nolink',NULL,6.53,'2023-12-12 18:17:24',NULL,55),
(2,26,'nolink',NULL,5.91,'2023-12-12 18:17:40',NULL,56),
(2,27,'nolink',NULL,6.64,'2023-12-12 18:17:49',NULL,57),
(2,28,'nolink',NULL,5.08,'2023-12-12 18:18:00',NULL,58),
(2,29,'nolink',NULL,3.79,'2023-12-12 18:18:17',NULL,59),
(2,30,'nolink',NULL,6.27,'2023-12-12 18:18:39',NULL,60),
(3,1,'nolink',NULL,14.56,'2023-12-12 14:50:38',NULL,61),
(3,2,'nolink',NULL,13.80,'2023-12-12 14:49:55',NULL,62),
(3,3,'nolink',NULL,0.73,'2023-12-12 18:11:53',NULL,63),
(3,4,'nolink',NULL,2.23,'2023-12-12 18:12:37',NULL,64),
(3,5,'nolink',NULL,12.82,'2023-12-12 18:12:54',NULL,65),
(3,6,'nolink',NULL,2.41,'2023-12-12 18:13:01',NULL,66),
(3,7,'nolink',NULL,2.31,'2023-12-12 18:13:12',NULL,67),
(3,8,'nolink',NULL,4.49,'2023-12-12 18:13:19',NULL,68),
(3,9,'nolink',NULL,3.09,'2023-12-12 18:13:26',NULL,69),
(3,10,'nolink',NULL,15.94,'2023-12-12 18:13:35',NULL,70),
(3,11,'nolink',NULL,5.04,'2023-12-12 18:13:42',NULL,71),
(3,12,'nolink',NULL,9.37,'2023-12-12 18:13:52',NULL,72),
(3,13,'nolink',NULL,4.05,'2023-12-12 18:14:01',NULL,73),
(3,14,'nolink',NULL,2.02,'2023-12-12 18:14:09',NULL,74),
(3,15,'nolink',NULL,9.28,'2023-12-12 18:14:17',NULL,75),
(3,16,'nolink',NULL,2.87,'2023-12-12 18:14:26',NULL,76),
(3,17,'nolink',NULL,2.59,'2023-12-12 18:14:36',NULL,77),
(3,18,'nolink',NULL,4.49,'2023-12-12 18:14:53',NULL,78),
(3,19,'nolink',NULL,5.14,'2023-12-12 18:15:00',NULL,79),
(3,20,'nolink',NULL,7.06,'2023-12-12 18:15:06',NULL,80),
(3,21,'nolink',NULL,6.23,'2023-12-12 18:15:13',NULL,81),
(3,22,'nolink',NULL,3.28,'2023-12-12 18:15:24',NULL,82),
(3,23,'nolink',NULL,3.44,'2023-12-12 18:15:52',NULL,83),
(3,24,'nolink',NULL,4.29,'2023-12-12 18:17:06',NULL,84),
(3,25,'nolink',NULL,6.20,'2023-12-12 18:17:24',NULL,85),
(3,26,'nolink',NULL,6.05,'2023-12-12 18:17:40',NULL,86),
(3,27,'nolink',NULL,7.19,'2023-12-12 18:17:49',NULL,87),
(3,28,'nolink',NULL,4.29,'2023-12-12 18:18:00',NULL,88),
(3,29,'nolink',NULL,4.25,'2023-12-12 18:18:17',NULL,89),
(3,30,'nolink',NULL,6.18,'2023-12-12 18:18:39',NULL,90),
(4,1,'nolink',NULL,14.04,'2023-12-12 14:50:38',NULL,91),
(4,2,'nolink',NULL,14.69,'2023-12-12 14:49:55',NULL,92),
(4,3,'nolink',NULL,0.75,'2023-12-12 18:11:53',NULL,93),
(4,4,'nolink',NULL,1.51,'2023-12-12 18:12:37',NULL,94),
(4,5,'nolink',NULL,14.72,'2023-12-12 18:12:54',NULL,95),
(4,6,'nolink',NULL,2.50,'2023-12-12 18:13:01',NULL,96),
(4,7,'nolink',NULL,2.49,'2023-12-12 18:13:12',NULL,97),
(4,8,'nolink',NULL,3.76,'2023-12-12 18:13:19',NULL,98),
(4,9,'nolink',NULL,3.70,'2023-12-12 18:13:26',NULL,99),
(4,10,'nolink',NULL,18.10,'2023-12-12 18:13:35',NULL,100),
(4,11,'nolink',NULL,6.18,'2023-12-12 18:13:42',NULL,101),
(4,12,'nolink',NULL,6.41,'2023-12-12 18:13:52',NULL,102),
(4,13,'nolink',NULL,3.68,'2023-12-12 18:14:01',NULL,103),
(4,14,'nolink',NULL,1.99,'2023-12-12 18:14:09',NULL,104),
(4,15,'nolink',NULL,6.99,'2023-12-12 18:14:17',NULL,105),
(4,16,'nolink',NULL,3.05,'2023-12-12 18:14:26',NULL,106),
(4,17,'nolink',NULL,2.22,'2023-12-12 18:14:36',NULL,107),
(4,18,'nolink',NULL,5.33,'2023-12-12 18:14:53',NULL,108),
(4,19,'nolink',NULL,6.23,'2023-12-12 18:15:00',NULL,109),
(4,20,'nolink',NULL,6.40,'2023-12-12 18:15:06',NULL,110),
(4,21,'nolink',NULL,8.24,'2023-12-12 18:15:13',NULL,111),
(4,22,'nolink',NULL,3.96,'2023-12-12 18:15:24',NULL,112),
(4,23,'nolink',NULL,3.22,'2023-12-12 18:15:52',NULL,113),
(4,24,'nolink',NULL,4.82,'2023-12-12 18:17:06',NULL,114),
(4,25,'nolink',NULL,6.79,'2023-12-12 18:17:24',NULL,115),
(4,26,'nolink',NULL,5.24,'2023-12-12 18:17:40',NULL,116),
(4,27,'nolink',NULL,6.17,'2023-12-12 18:17:49',NULL,117),
(4,28,'nolink',NULL,4.50,'2023-12-12 18:18:00',NULL,118),
(4,29,'nolink',NULL,4.03,'2023-12-12 18:18:17',NULL,119),
(4,30,'nolink',NULL,6.32,'2023-12-12 18:18:39',NULL,120),
(5,1,'nolink',NULL,14.52,'2023-12-12 14:50:38',NULL,121),
(5,2,'nolink',NULL,13.34,'2023-12-12 14:49:55',NULL,122),
(5,3,'nolink',NULL,0.82,'2023-12-12 18:11:53',NULL,123),
(5,4,'nolink',NULL,1.01,'2023-12-12 18:12:37',NULL,124),
(5,5,'nolink',NULL,11.05,'2023-12-12 18:12:54',NULL,125),
(5,6,'nolink',NULL,2.36,'2023-12-12 18:13:01',NULL,126),
(5,7,'nolink',NULL,3.05,'2023-12-12 18:13:12',NULL,127),
(5,8,'nolink',NULL,3.36,'2023-12-12 18:13:19',NULL,128),
(5,9,'nolink',NULL,2.98,'2023-12-12 18:13:26',NULL,129),
(5,10,'nolink',NULL,14.88,'2023-12-12 18:13:35',NULL,130),
(5,11,'nolink',NULL,3.63,'2023-12-12 18:13:42',NULL,131),
(5,12,'nolink',NULL,9.78,'2023-12-12 18:13:52',NULL,132),
(5,13,'nolink',NULL,3.92,'2023-12-12 18:14:01',NULL,133),
(5,14,'nolink',NULL,1.67,'2023-12-12 18:14:09',NULL,134),
(5,15,'nolink',NULL,9.29,'2023-12-12 18:14:17',NULL,135),
(5,16,'nolink',NULL,2.46,'2023-12-12 18:14:26',NULL,136),
(5,17,'nolink',NULL,2.13,'2023-12-12 18:14:36',NULL,137),
(5,18,'nolink',NULL,6.18,'2023-12-12 18:14:53',NULL,138),
(5,19,'nolink',NULL,6.12,'2023-12-12 18:15:00',NULL,139),
(5,20,'nolink',NULL,5.79,'2023-12-12 18:15:06',NULL,140),
(5,21,'nolink',NULL,7.65,'2023-12-12 18:15:13',NULL,141),
(5,22,'nolink',NULL,4.91,'2023-12-12 18:15:24',NULL,142),
(5,23,'nolink',NULL,2.90,'2023-12-12 18:15:52',NULL,143),
(5,24,'nolink',NULL,4.64,'2023-12-12 18:17:06',NULL,144),
(5,25,'nolink',NULL,4.24,'2023-12-12 18:17:24',NULL,145),
(5,26,'nolink',NULL,5.78,'2023-12-12 18:17:40',NULL,146),
(5,27,'nolink',NULL,7.13,'2023-12-12 18:17:49',NULL,147),
(5,28,'nolink',NULL,4.02,'2023-12-12 18:18:00',NULL,148),
(5,29,'nolink',NULL,4.15,'2023-12-12 18:18:17',NULL,149),
(5,30,'nolink',NULL,5.43,'2023-12-12 18:18:39',NULL,150),
(8,19,'https://www.walmart.com/ip/All-Natural-80-Lean-20-Fat-Ground-Beef-Chuck-Roll-1-lb/15136791',NULL,4.57,'2023-12-12 21:02:30',NULL,151),
(8,24,'https://www.walmart.com/ip/Great-Value-2-Reduced-Fat-Milk-128-Fl-Oz/10450115',NULL,2.74,'2023-12-12 19:00:57',NULL,152);

/*!40000 ALTER TABLE `PriceData` ENABLE KEYS */;
UNLOCK TABLES;

--
-- Table structure for table `PriceHistory`
--

DROP TABLE IF EXISTS `PriceHistory`;
/*!40101 SET @saved_cs_client     = @@character_set_client */;
/*!40101 SET character_set_client = utf8 */;
CREATE TABLE `PriceHistory` (
  `StoreID` int(7) NOT NULL,
  `IngredientID` int(7) NOT NULL,
  `UpdateTimestamp` datetime NOT NULL,
  `HistoricalPrice` float(6,2) NOT NULL,
  `DjangoID` int(11) NOT NULL AUTO_INCREMENT,
  PRIMARY KEY (`StoreID`,`IngredientID`,`UpdateTimestamp`),
  UNIQUE KEY `DjangoID` (`DjangoID`),
  KEY `PriceHistory_IngredientID_Ingredient_IngredientID` (`IngredientID`),
  CONSTRAINT `PriceHistory_IngredientID_Ingredient_IngredientID` FOREIGN KEY (`IngredientID`) REFERENCES `Ingredient` (`IngredientID`),
  CONSTRAINT `PriceHistory_StoreID_GroceryStore_StoreId` FOREIGN KEY (`StoreID`) REFERENCES `GroceryStore` (`StoreId`)
) ENGINE=InnoDB AUTO_INCREMENT=17481 DEFAULT CHARSET=latin1 COLLATE=latin1_swedish_ci;
/*!40101 SET character_set_client = @saved_cs_client */;

--
-- Dumping data for table `PriceHistory`
--

LOCK TABLES `PriceHistory` WRITE;
/*!40000 ALTER TABLE `PriceHistory` DISABLE KEYS */;
INSERT INTO `PriceHistory` (StoreID, IngredientID, UpdateTimestamp, HistoricalPrice ) VALUES
(1,1,'2022-10-21 14:50:38',12.23),
(1,1,'2022-10-28 14:50:38',7.86),
(1,1,'2022-11-04 14:50:38',10.52),
(1,1,'2022-11-18 14:50:38',12.23),
(1,1,'2022-12-02 14:50:38',12.35),
(1,1,'2023-01-13 14:50:38',12.25),
(1,1,'2023-01-27 14:50:38',12.37),
(1,1,'2023-02-03 14:50:38',10.57),
(1,1,'2023-03-09 14:50:38',12.37),
(1,1,'2023-03-23 14:50:38',12.45),
(1,1,'2023-03-30 14:50:38',10.37),
(1,1,'2023-04-06 14:50:38',12.45),
(1,1,'2023-04-13 14:50:38',9.36),
(1,1,'2023-06-22 14:50:38',12.36),
(1,1,'2023-07-13 14:50:38',12.50),
(1,1,'2023-07-27 14:50:38',12.43),
(1,1,'2023-08-03 14:50:38',12.54),
(1,1,'2023-08-10 14:50:38',12.49),
(1,1,'2023-08-17 14:50:38',12.64),
(1,1,'2023-08-31 14:50:38',12.77),
(1,1,'2023-10-12 14:50:38',12.74),
(1,1,'2023-10-19 14:50:38',9.13),
(1,1,'2023-11-16 14:50:38',12.74),
(1,1,'2023-11-23 14:50:38',11.20),
(1,1,'2023-12-21 14:50:38',12.74),
(1,1,'2024-01-04 14:50:38',12.49),
(1,1,'2024-01-11 14:50:38',12.39),
(1,1,'2024-01-25 14:50:38',12.46),
(1,1,'2024-03-22 14:50:38',12.74),
(1,1,'2024-04-19 14:50:38',12.71),
(1,1,'2024-04-26 14:50:38',12.68),
(1,1,'2024-05-03 14:50:38',8.33),
(1,1,'2024-05-17 14:50:38',12.83),
(1,1,'2024-06-07 14:50:38',12.73),
(1,1,'2024-07-19 14:50:38',12.85),
(1,1,'2024-07-26 14:50:38',11.09),
(1,1,'2024-08-09 14:50:38',12.94),
(1,1,'2024-08-16 14:50:38',12.85),
(1,1,'2024-08-23 14:50:38',12.98),
(1,1,'2024-09-20 14:50:38',13.35),
(1,1,'2024-09-27 14:50:38',9.63),
(1,1,'2024-10-11 14:50:38',13.35),
(1,1,'2024-12-06 14:50:38',13.08),
(1,1,'2024-12-13 14:50:38',13.10),
(1,2,'2022-10-07 14:49:55',12.74),
(1,2,'2022-10-14 14:49:55',7.80),
(1,2,'2022-10-28 14:49:55',12.74),
(1,2,'2023-01-13 14:49:55',12.65),
(1,2,'2023-01-27 14:49:55',12.54),
(1,2,'2023-02-10 14:49:55',12.74),
(1,2,'2023-02-24 14:49:55',12.88),
(1,2,'2023-03-30 14:49:55',12.86),
(1,2,'2023-04-27 14:49:55',12.77),
(1,2,'2023-05-11 14:49:55',12.75),
(1,2,'2023-05-18 14:49:55',12.77),
(1,2,'2023-05-25 14:49:55',12.84),
(1,2,'2023-07-27 14:49:55',12.73),
(1,2,'2023-08-03 14:49:55',9.20),
(1,2,'2023-08-17 14:49:55',12.73),
(1,2,'2023-08-31 14:49:55',12.62),
(1,2,'2023-09-07 14:49:55',10.79),
(1,2,'2023-09-28 14:49:55',12.62),
(1,2,'2023-10-05 14:49:55',8.84),
(1,2,'2023-10-26 14:49:55',12.63),
(1,2,'2023-11-02 14:49:55',12.74),
(1,2,'2023-11-09 14:49:55',11.33),
(1,2,'2023-12-21 14:49:55',12.74),
(1,2,'2024-01-04 14:49:55',13.14),
(1,2,'2024-01-25 14:49:55',13.23),
(1,2,'2024-02-22 14:49:55',13.36),
(1,2,'2024-03-08 14:49:55',13.30),
(1,2,'2024-03-22 14:49:55',13.43),
(1,2,'2024-04-12 14:49:55',13.42),
(1,2,'2024-05-17 14:49:55',13.55),
(1,2,'2024-05-24 14:49:55',10.64),
(1,2,'2024-06-07 14:49:55',13.55),
(1,2,'2024-08-16 14:49:55',13.65),
(1,2,'2024-09-13 14:49:55',13.79),
(1,2,'2024-09-20 14:49:55',10.27),
(1,2,'2024-11-01 14:49:55',14.11),
(1,2,'2024-11-08 14:49:55',9.74),
(1,2,'2024-11-15 14:49:55',14.11),
(1,2,'2024-11-29 14:49:55',14.06),
(1,3,'2022-11-04 18:11:53',0.35),
(1,3,'2022-11-18 18:11:53',0.36),
(1,3,'2023-02-03 18:11:53',0.35),
(1,3,'2023-02-10 18:11:53',0.36),
(1,3,'2023-09-14 18:11:53',0.35),
(1,3,'2024-07-19 18:11:53',0.37),
(1,3,'2024-09-06 18:11:53',0.39),
(1,4,'2022-10-07 18:12:37',1.41),
(1,4,'2022-10-14 18:12:37',1.09),
(1,4,'2022-10-21 18:12:37',1.41),
(1,4,'2022-10-28 18:12:37',1.09),
(1,4,'2023-01-13 18:12:37',1.41),
(1,4,'2023-01-20 18:12:37',1.33),
(1,4,'2023-02-03 18:12:37',1.30),
(1,4,'2023-02-10 18:12:37',1.09),
(1,4,'2023-03-02 18:12:37',1.27),
(1,4,'2023-03-09 18:12:37',1.09),
(1,4,'2023-03-23 18:12:37',1.27),
(1,4,'2023-03-30 18:12:37',1.07),
(1,4,'2023-04-20 18:12:37',1.27),
(1,4,'2023-05-11 18:12:37',1.29),
(1,4,'2023-05-18 18:12:37',1.09),
(1,4,'2023-05-25 18:12:37',1.29),
(1,4,'2023-06-01 18:12:37',1.09),
(1,4,'2023-06-15 18:12:37',1.29),
(1,4,'2023-06-22 18:12:37',1.28),
(1,4,'2023-09-14 18:12:37',1.33),
(1,4,'2023-09-28 18:12:37',1.38),
(1,4,'2023-11-02 18:12:37',1.32),
(1,4,'2023-11-09 18:12:37',1.09),
(1,4,'2023-12-07 18:12:37',1.32),
(1,4,'2024-01-11 18:12:37',1.36),
(1,4,'2024-01-18 18:12:37',1.37),
(1,4,'2024-02-01 18:12:37',1.41),
(1,4,'2024-03-22 18:12:37',1.52),
(1,4,'2024-04-12 18:12:37',1.48),
(1,4,'2024-04-19 18:12:37',1.49),
(1,4,'2024-08-16 18:12:37',1.53),
(1,4,'2024-08-23 18:12:37',1.09),
(1,4,'2024-10-25 18:12:37',1.53),
(1,5,'2022-10-21 18:12:54',11.46),
(1,5,'2022-11-04 18:12:54',11.37),
(1,5,'2022-11-11 18:12:54',6.32),
(1,5,'2022-11-25 18:12:54',11.37),
(1,5,'2022-12-02 18:12:54',8.09),
(1,5,'2022-12-23 18:12:54',11.37),
(1,5,'2023-03-02 18:12:54',11.46),
(1,5,'2023-06-01 18:12:54',11.50),
(1,5,'2023-06-08 18:12:54',6.53),
(1,5,'2023-06-15 18:12:54',11.50),
(1,5,'2023-06-22 18:12:54',5.84),
(1,5,'2023-07-06 18:12:54',11.50),
(1,5,'2023-07-13 18:12:54',6.69),
(1,5,'2023-10-05 18:12:54',11.64),
(1,5,'2023-10-12 18:12:54',7.94),
(1,5,'2023-10-19 18:12:54',11.64),
(1,5,'2023-10-26 18:12:54',6.94),
(1,5,'2023-12-14 18:12:54',11.64),
(1,5,'2023-12-21 18:12:54',7.88),
(1,5,'2024-01-18 18:12:54',11.64),
(1,5,'2024-01-25 18:12:54',7.53),
(1,5,'2024-02-01 18:12:54',11.64),
(1,5,'2024-02-08 18:12:54',7.54),
(1,5,'2024-02-22 18:12:54',11.64),
(1,5,'2024-03-29 18:12:54',11.55),
(1,5,'2024-04-05 18:12:54',5.93),
(1,5,'2024-04-12 18:12:54',11.55),
(1,5,'2024-05-10 18:12:54',11.58),
(1,5,'2024-05-17 18:12:54',6.87),
(1,5,'2024-06-21 18:12:54',11.58),
(1,5,'2024-06-28 18:12:54',6.69),
(1,5,'2024-08-16 18:12:54',11.58),
(1,5,'2024-08-23 18:12:54',6.54),
(1,5,'2024-08-30 18:12:54',11.58),
(1,5,'2024-09-20 18:12:54',11.61),
(1,5,'2024-09-27 18:12:54',6.53),
(1,5,'2024-11-15 18:12:54',11.59),
(1,5,'2024-11-22 18:12:54',7.33),
(1,6,'2022-11-11 18:13:01',1.79),
(1,6,'2022-12-30 18:13:01',1.82),
(1,6,'2023-01-06 18:13:01',1.62),
(1,6,'2023-04-27 18:13:01',1.82),
(1,6,'2023-05-11 18:13:01',1.81),
(1,6,'2023-05-25 18:13:01',1.79),
(1,6,'2023-06-01 18:13:01',1.82),
(1,6,'2023-06-08 18:13:01',1.48),
(1,6,'2023-08-17 18:13:01',1.82),
(1,6,'2023-10-19 18:13:01',1.85),
(1,6,'2024-02-01 18:13:01',1.82),
(1,6,'2024-03-08 18:13:01',1.83),
(1,6,'2024-03-15 18:13:01',1.41),
(1,6,'2024-04-05 18:13:01',1.83),
(1,6,'2024-04-12 18:13:01',1.46),
(1,6,'2024-07-26 18:13:01',1.83),
(1,6,'2024-08-02 18:13:01',1.48),
(1,6,'2024-08-16 18:13:01',1.83),
(1,6,'2024-08-30 18:13:01',1.82),
(1,6,'2024-09-06 18:13:01',1.45),
(1,6,'2024-09-13 18:13:01',1.92),
(1,6,'2024-09-20 18:13:01',1.33),
(1,6,'2024-10-04 18:13:01',1.92),
(1,6,'2024-12-27 18:13:01',1.94),
(1,7,'2022-10-07 18:13:12',2.35),
(1,7,'2023-01-27 18:13:12',2.37),
(1,7,'2023-02-03 18:13:12',1.58),
(1,7,'2023-03-09 18:13:12',2.37),
(1,7,'2023-03-16 18:13:12',2.38),
(1,7,'2023-03-23 18:13:12',1.41),
(1,7,'2023-05-04 18:13:12',2.38),
(1,7,'2023-05-11 18:13:12',1.27),
(1,7,'2023-06-01 18:13:12',2.38),
(1,7,'2023-06-22 18:13:12',2.39),
(1,7,'2023-07-13 18:13:12',2.40),
(1,7,'2023-07-20 18:13:12',2.45),
(1,7,'2023-09-14 18:13:12',2.44),
(1,7,'2023-09-21 18:13:12',1.60),
(1,7,'2023-11-23 18:13:12',2.44),
(1,7,'2023-12-28 18:13:12',2.45),
(1,7,'2024-01-04 18:13:12',2.50),
(1,7,'2024-02-08 18:13:12',2.54),
(1,7,'2024-02-15 18:13:12',1.48),
(1,7,'2024-03-08 18:13:12',2.54),
(1,7,'2024-03-15 18:13:12',1.36),
(1,7,'2024-03-22 18:13:12',2.55),
(1,7,'2024-03-29 18:13:12',1.87),
(1,7,'2024-04-05 18:13:12',1.55),
(1,7,'2024-04-26 18:13:12',2.55),
(1,7,'2024-05-24 18:13:12',2.60),
(1,7,'2024-05-31 18:13:12',1.43),
(1,7,'2024-06-14 18:13:12',2.59),
(1,7,'2024-06-21 18:13:12',1.54),
(1,7,'2024-08-02 18:13:12',2.59),
(1,7,'2024-08-16 18:13:12',2.60),
(1,7,'2024-11-08 18:13:12',2.63),
(1,7,'2024-11-15 18:13:12',1.91),
(1,7,'2024-12-27 18:13:12',2.63),
(1,8,'2022-11-11 18:13:19',3.55),
(1,8,'2022-11-18 18:13:19',2.78),
(1,8,'2022-12-23 18:13:19',3.61),
(1,8,'2023-01-06 18:13:19',2.99),
(1,8,'2023-01-13 18:13:19',3.61),
(1,8,'2023-02-03 18:13:19',3.67),
(1,8,'2023-02-10 18:13:19',2.99),
(1,8,'2023-02-24 18:13:19',3.67),
(1,8,'2023-03-02 18:13:19',2.99),
(1,8,'2023-04-06 18:13:19',3.67),
(1,8,'2023-06-01 18:13:19',3.80),
(1,8,'2023-07-06 18:13:19',3.81),
(1,8,'2023-07-13 18:13:19',3.91),
(1,8,'2023-07-20 18:13:19',3.87),
(1,8,'2023-07-27 18:13:19',3.81),
(1,8,'2023-08-03 18:13:19',2.99),
(1,8,'2023-09-28 18:13:19',3.81),
(1,8,'2023-10-05 18:13:19',2.92),
(1,8,'2023-11-30 18:13:19',3.81),
(1,8,'2023-12-07 18:13:19',2.88),
(1,8,'2024-01-04 18:13:19',3.81),
(1,8,'2024-01-11 18:13:19',2.99),
(1,8,'2024-01-18 18:13:19',2.93),
(1,8,'2024-02-15 18:13:19',3.82),
(1,8,'2024-02-22 18:13:19',2.93),
(1,8,'2024-03-15 18:13:19',3.89),
(1,8,'2024-04-05 18:13:19',3.90),
(1,8,'2024-04-12 18:13:19',2.99),
(1,8,'2024-04-26 18:13:19',3.90),
(1,8,'2024-05-03 18:13:19',2.99),
(1,8,'2024-06-14 18:13:19',3.90),
(1,8,'2024-08-02 18:13:19',3.81),
(1,8,'2024-09-13 18:13:19',3.88),
(1,8,'2024-10-04 18:13:19',3.75),
(1,8,'2024-10-11 18:13:19',2.99),
(1,8,'2024-11-15 18:13:19',3.75),
(1,8,'2024-12-06 18:13:19',3.72),
(1,9,'2022-10-07 18:13:26',2.85),
(1,9,'2022-10-14 18:13:26',2.47),
(1,9,'2022-11-11 18:13:26',2.85),
(1,9,'2022-12-02 18:13:26',2.99),
(1,9,'2022-12-09 18:13:26',2.21),
(1,9,'2022-12-30 18:13:26',2.99),
(1,9,'2023-01-06 18:13:26',2.15),
(1,9,'2023-01-13 18:13:26',3.10),
(1,9,'2023-03-02 18:13:26',3.20),
(1,9,'2023-03-09 18:13:26',2.42),
(1,9,'2023-04-13 18:13:26',3.20),
(1,9,'2023-04-27 18:13:26',3.25),
(1,9,'2023-05-04 18:13:26',2.49),
(1,9,'2023-06-08 18:13:26',3.25),
(1,9,'2023-06-15 18:13:26',3.35),
(1,9,'2023-06-29 18:13:26',3.38),
(1,9,'2023-07-06 18:13:26',2.49),
(1,9,'2023-07-20 18:13:26',3.38),
(1,9,'2023-07-27 18:13:26',2.43),
(1,9,'2023-08-03 18:13:26',3.38),
(1,9,'2023-08-10 18:13:26',2.48),
(1,9,'2023-09-07 18:13:26',3.43),
(1,9,'2023-09-14 18:13:26',2.49),
(1,9,'2023-09-21 18:13:26',3.43),
(1,9,'2023-09-28 18:13:26',2.49),
(1,9,'2023-11-02 18:13:26',3.43),
(1,9,'2023-11-09 18:13:26',2.49),
(1,9,'2023-12-28 18:13:26',3.43),
(1,9,'2024-04-05 18:13:26',3.60),
(1,9,'2024-05-24 18:13:26',3.67),
(1,9,'2024-05-31 18:13:26',2.49),
(1,9,'2024-06-28 18:13:26',3.74),
(1,9,'2024-07-12 18:13:26',3.69),
(1,9,'2024-07-19 18:13:26',2.49),
(1,9,'2024-09-13 18:13:26',3.69),
(1,9,'2024-12-06 18:13:26',3.74),
(1,10,'2022-10-14 18:13:35',14.07),
(1,10,'2022-11-18 18:13:35',14.05),
(1,10,'2022-11-25 18:13:35',14.16),
(1,10,'2022-12-02 18:13:35',14.03),
(1,10,'2022-12-30 18:13:35',14.12),
(1,10,'2023-01-06 18:13:35',7.84),
(1,10,'2023-01-27 18:13:35',14.12),
(1,10,'2023-02-17 18:13:35',14.18),
(1,10,'2023-02-24 18:13:35',14.16),
(1,10,'2023-03-02 18:13:35',10.14),
(1,10,'2023-08-03 18:13:35',14.16),
(1,10,'2023-08-24 18:13:35',14.25),
(1,10,'2023-09-21 18:13:35',14.32),
(1,10,'2023-09-28 18:13:35',9.75),
(1,10,'2023-11-30 18:13:35',14.63),
(1,10,'2023-12-07 18:13:35',11.57),
(1,10,'2024-01-04 18:13:35',14.63),
(1,10,'2024-01-11 18:13:35',5.10),
(1,10,'2024-02-01 18:13:35',14.63),
(1,10,'2024-03-01 18:13:35',14.67),
(1,10,'2024-03-08 18:13:35',8.33),
(1,10,'2024-04-05 18:13:35',14.67),
(1,10,'2024-04-12 18:13:35',5.80),
(1,10,'2024-04-19 18:13:35',14.67),
(1,10,'2024-06-21 18:13:35',14.56),
(1,10,'2024-06-28 18:13:35',5.55),
(1,10,'2024-09-27 18:13:35',14.56),
(1,10,'2024-10-11 18:13:35',14.47),
(1,10,'2024-11-22 18:13:35',14.62),
(1,10,'2024-12-06 18:13:35',14.78),
(1,10,'2024-12-13 18:13:35',7.54),
(1,11,'2022-10-14 18:13:42',3.86),
(1,11,'2022-10-21 18:13:42',3.89),
(1,11,'2022-11-18 18:13:42',3.72),
(1,11,'2022-11-25 18:13:42',2.56),
(1,11,'2023-02-03 18:13:42',3.72),
(1,11,'2023-02-10 18:13:42',3.75),
(1,11,'2023-02-17 18:13:42',3.74),
(1,11,'2023-02-24 18:13:42',2.88),
(1,11,'2023-03-02 18:13:42',2.01),
(1,11,'2023-03-09 18:13:42',3.74),
(1,11,'2023-04-27 18:13:42',3.90),
(1,11,'2023-05-04 18:13:42',2.22),
(1,11,'2023-06-15 18:13:42',3.90),
(1,11,'2023-06-22 18:13:42',3.98),
(1,11,'2023-07-20 18:13:42',4.11),
(1,11,'2023-07-27 18:13:42',2.11),
(1,11,'2023-08-03 18:13:42',3.14),
(1,11,'2023-08-17 18:13:42',4.11),
(1,11,'2023-08-24 18:13:42',4.25),
(1,11,'2023-08-31 18:13:42',3.15),
(1,11,'2023-09-14 18:13:42',4.25),
(1,11,'2023-09-28 18:13:42',4.18),
(1,11,'2023-10-05 18:13:42',2.99),
(1,11,'2023-11-02 18:13:42',4.18),
(1,11,'2024-02-08 18:13:42',4.07),
(1,11,'2024-02-15 18:13:42',3.07),
(1,11,'2024-04-19 18:13:42',4.07),
(1,11,'2024-05-31 18:13:42',4.04),
(1,11,'2024-06-07 18:13:42',2.89),
(1,11,'2024-06-14 18:13:42',4.04),
(1,11,'2024-06-21 18:13:42',2.32),
(1,11,'2024-07-26 18:13:42',4.04),
(1,11,'2024-08-02 18:13:42',3.39),
(1,11,'2024-08-30 18:13:42',4.04),
(1,11,'2024-09-27 18:13:42',3.98),
(1,11,'2024-10-25 18:13:42',3.96),
(1,11,'2024-12-20 18:13:42',4.08),
(1,12,'2022-10-07 18:13:52',8.16),
(1,12,'2022-11-25 18:13:52',8.00),
(1,12,'2022-12-02 18:13:52',7.02),
(1,12,'2022-12-30 18:13:52',8.00),
(1,12,'2023-01-06 18:13:52',7.95),
(1,12,'2023-01-27 18:13:52',7.83),
(1,12,'2023-02-17 18:13:52',7.84),
(1,12,'2023-02-24 18:13:52',6.90),
(1,12,'2023-05-04 18:13:52',7.74),
(1,12,'2023-05-11 18:13:52',6.65),
(1,12,'2023-05-18 18:13:52',7.74),
(1,12,'2023-06-01 18:13:52',7.96),
(1,12,'2023-06-29 18:13:52',7.84),
(1,12,'2023-07-06 18:13:52',6.95),
(1,12,'2023-08-31 18:13:52',7.84),
(1,12,'2023-11-23 18:13:52',7.79),
(1,12,'2023-11-30 18:13:52',6.34),
(1,12,'2024-01-18 18:13:52',7.79),
(1,12,'2024-02-08 18:13:52',7.74),
(1,12,'2024-02-15 18:13:52',7.70),
(1,12,'2024-02-22 18:13:52',7.87),
(1,12,'2024-03-01 18:13:52',6.20),
(1,12,'2024-03-08 18:13:52',7.87),
(1,12,'2024-03-15 18:13:52',7.83),
(1,12,'2024-03-22 18:13:52',6.60),
(1,12,'2024-04-05 18:13:52',7.83),
(1,12,'2024-04-12 18:13:52',5.96),
(1,12,'2024-04-19 18:13:52',7.01),
(1,12,'2024-06-07 18:13:52',7.83),
(1,12,'2024-08-30 18:13:52',7.76),
(1,12,'2024-09-06 18:13:52',6.88),
(1,12,'2024-11-15 18:13:52',7.76),
(1,13,'2022-10-14 18:14:01',3.61),
(1,13,'2022-10-21 18:14:01',2.67),
(1,13,'2022-11-25 18:14:01',3.61),
(1,13,'2022-12-02 18:14:01',2.75),
(1,13,'2022-12-23 18:14:01',3.61),
(1,13,'2023-01-13 18:14:01',3.69),
(1,13,'2023-01-20 18:14:01',3.71),
(1,13,'2023-03-16 18:14:01',3.82),
(1,13,'2023-03-23 18:14:01',3.19),
(1,13,'2023-04-27 18:14:01',3.82),
(1,13,'2023-06-29 18:14:01',3.70),
(1,13,'2023-07-06 18:14:01',3.24),
(1,13,'2023-07-13 18:14:01',3.70),
(1,13,'2023-07-20 18:14:01',3.73),
(1,13,'2023-07-27 18:14:01',3.69),
(1,13,'2023-11-23 18:14:01',3.80),
(1,13,'2023-12-07 18:14:01',3.82),
(1,13,'2024-01-18 18:14:01',3.90),
(1,13,'2024-01-25 18:14:01',3.40),
(1,13,'2024-02-15 18:14:01',3.90),
(1,13,'2024-02-22 18:14:01',3.23),
(1,13,'2024-06-28 18:14:01',3.93),
(1,13,'2024-07-12 18:14:01',3.92),
(1,13,'2024-08-02 18:14:01',4.00),
(1,13,'2024-08-09 18:14:01',3.03),
(1,13,'2024-08-23 18:14:01',4.00),
(1,13,'2024-09-20 18:14:01',3.97),
(1,13,'2024-10-18 18:14:01',4.07),
(1,13,'2024-10-25 18:14:01',4.11),
(1,13,'2024-11-01 18:14:01',4.06),
(1,13,'2024-11-22 18:14:01',3.98),
(1,13,'2024-11-29 18:14:01',3.90),
(1,13,'2024-12-06 18:14:01',3.84),
(1,13,'2024-12-13 18:14:01',3.16),
(1,14,'2023-01-27 18:14:09',1.54),
(1,14,'2023-02-03 18:14:09',1.18),
(1,14,'2023-02-17 18:14:09',1.54),
(1,14,'2023-02-24 18:14:09',1.61),
(1,14,'2023-04-06 18:14:09',1.54),
(1,14,'2023-04-13 18:14:09',1.20),
(1,14,'2023-06-08 18:14:09',1.66),
(1,14,'2023-06-15 18:14:09',1.34),
(1,14,'2023-06-29 18:14:09',1.63),
(1,14,'2023-07-20 18:14:09',1.58),
(1,14,'2023-07-27 18:14:09',1.27),
(1,14,'2023-08-10 18:14:09',1.58),
(1,14,'2023-08-24 18:14:09',1.66),
(1,14,'2023-09-07 18:14:09',1.73),
(1,14,'2023-09-14 18:14:09',1.70),
(1,14,'2023-09-21 18:14:09',1.40),
(1,14,'2024-01-25 18:14:09',1.70),
(1,14,'2024-02-08 18:14:09',1.74),
(1,14,'2024-02-15 18:14:09',1.40),
(1,14,'2024-04-12 18:14:09',1.74),
(1,14,'2024-04-26 18:14:09',1.70),
(1,14,'2024-05-03 18:14:09',1.71),
(1,14,'2024-05-17 18:14:09',1.70),
(1,14,'2024-06-21 18:14:09',1.82),
(1,14,'2024-06-28 18:14:09',1.40),
(1,14,'2024-07-26 18:14:09',1.88),
(1,14,'2024-09-06 18:14:09',1.91),
(1,14,'2024-09-13 18:14:09',1.96),
(1,14,'2024-12-06 18:14:09',2.09),
(1,14,'2024-12-13 18:14:09',2.08),
(1,14,'2024-12-20 18:14:09',2.07),
(1,15,'2023-01-20 18:14:17',7.48),
(1,15,'2023-02-17 18:14:17',7.45),
(1,15,'2023-02-24 18:14:17',6.03),
(1,15,'2023-03-16 18:14:17',7.45),
(1,15,'2023-04-06 18:14:17',7.47),
(1,15,'2023-09-21 18:14:17',7.49),
(1,15,'2023-10-19 18:14:17',7.61),
(1,15,'2023-10-26 18:14:17',6.40),
(1,15,'2023-12-07 18:14:17',7.61),
(1,15,'2023-12-14 18:14:17',7.51),
(1,15,'2023-12-28 18:14:17',7.57),
(1,15,'2024-01-04 18:14:17',7.62),
(1,15,'2024-02-22 18:14:17',7.63),
(1,15,'2024-03-01 18:14:17',7.77),
(1,15,'2024-03-08 18:14:17',7.79),
(1,15,'2024-03-15 18:14:17',6.71),
(1,15,'2024-05-17 18:14:17',7.79),
(1,15,'2024-05-24 18:14:17',7.70),
(1,15,'2024-06-07 18:14:17',7.87),
(1,15,'2024-06-14 18:14:17',7.94),
(1,15,'2024-07-05 18:14:17',7.98),
(1,15,'2024-07-12 18:14:17',6.76),
(1,15,'2024-07-26 18:14:17',7.98),
(1,15,'2024-08-16 18:14:17',7.86),
(1,15,'2024-09-27 18:14:17',8.10),
(1,15,'2024-10-11 18:14:17',8.01),
(1,15,'2024-12-13 18:14:17',7.99),
(1,15,'2024-12-20 18:14:17',6.57),
(1,16,'2022-12-02 18:14:26',2.05),
(1,16,'2022-12-09 18:14:26',1.74),
(1,16,'2023-01-20 18:14:26',2.05),
(1,16,'2023-01-27 18:14:26',2.03),
(1,16,'2023-03-23 18:14:26',2.11),
(1,16,'2023-06-08 18:14:26',2.17),
(1,16,'2023-07-27 18:14:26',2.15),
(1,16,'2023-08-03 18:14:26',1.90),
(1,16,'2023-08-17 18:14:26',2.15),
(1,16,'2023-08-24 18:14:26',1.86),
(1,16,'2023-08-31 18:14:26',2.15),
(1,16,'2023-09-14 18:14:26',2.09),
(1,16,'2023-09-21 18:14:26',1.95),
(1,16,'2023-11-09 18:14:26',2.09),
(1,16,'2023-11-30 18:14:26',2.04),
(1,16,'2023-12-07 18:14:26',1.91),
(1,16,'2024-01-25 18:14:26',2.04),
(1,16,'2024-02-08 18:14:26',2.05),
(1,16,'2024-03-08 18:14:26',2.08),
(1,16,'2024-03-15 18:14:26',1.91),
(1,16,'2024-05-10 18:14:26',2.09),
(1,16,'2024-05-17 18:14:26',1.89),
(1,16,'2024-05-31 18:14:26',2.09),
(1,16,'2024-06-07 18:14:26',1.84),
(1,16,'2024-08-02 18:14:26',2.09),
(1,16,'2024-08-09 18:14:26',1.92),
(1,16,'2024-08-16 18:14:26',1.91),
(1,16,'2024-09-13 18:14:26',2.09),
(1,16,'2024-09-20 18:14:26',1.95),
(1,16,'2024-10-25 18:14:26',2.09),
(1,16,'2024-11-08 18:14:26',2.08),
(1,16,'2024-11-15 18:14:26',1.82),
(1,16,'2024-11-22 18:14:26',2.08),
(1,16,'2024-11-29 18:14:26',2.17),
(1,16,'2024-12-20 18:14:26',2.23),
(1,17,'2022-10-28 18:14:36',1.81),
(1,17,'2022-11-04 18:14:36',1.51),
(1,17,'2022-11-11 18:14:36',1.81),
(1,17,'2022-12-30 18:14:36',1.73),
(1,17,'2023-01-06 18:14:36',1.42),
(1,17,'2023-02-17 18:14:36',1.73),
(1,17,'2023-02-24 18:14:36',1.21),
(1,17,'2023-03-09 18:14:36',1.73),
(1,17,'2023-05-18 18:14:36',1.69),
(1,17,'2023-05-25 18:14:36',1.26),
(1,17,'2023-07-20 18:14:36',1.68),
(1,17,'2023-08-03 18:14:36',1.64),
(1,17,'2023-10-26 18:14:36',1.67),
(1,17,'2023-11-02 18:14:36',1.42),
(1,17,'2023-11-16 18:14:36',1.67),
(1,17,'2023-12-28 18:14:36',1.70),
(1,17,'2024-05-03 18:14:36',1.75),
(1,17,'2024-05-10 18:14:36',1.54),
(1,17,'2024-05-17 18:14:36',1.59),
(1,17,'2024-05-24 18:14:36',1.75),
(1,17,'2024-05-31 18:14:36',1.59),
(1,17,'2024-06-07 18:14:36',1.33),
(1,17,'2024-06-28 18:14:36',1.75),
(1,17,'2024-07-05 18:14:36',1.31),
(1,17,'2024-07-19 18:14:36',1.75),
(1,17,'2024-07-26 18:14:36',1.44),
(1,17,'2024-08-02 18:14:36',1.75),
(1,17,'2024-08-09 18:14:36',1.52),
(1,17,'2024-08-23 18:14:36',1.75),
(1,17,'2024-08-30 18:14:36',1.42),
(1,17,'2024-09-06 18:14:36',1.75),
(1,17,'2024-09-13 18:14:36',1.24),
(1,17,'2024-09-27 18:14:36',1.74),
(1,17,'2024-10-11 18:14:36',1.79),
(1,17,'2024-11-08 18:14:36',1.80),
(1,17,'2024-11-15 18:14:36',1.58),
(1,18,'2022-10-28 18:14:53',4.54),
(1,18,'2022-11-04 18:14:53',3.75),
(1,18,'2022-11-11 18:14:53',3.53),
(1,18,'2022-11-25 18:14:53',4.54),
(1,18,'2022-12-02 18:14:53',3.73),
(1,18,'2023-01-20 18:14:53',4.54),
(1,18,'2023-01-27 18:14:53',3.72),
(1,18,'2023-02-10 18:14:53',4.54),
(1,18,'2023-03-02 18:14:53',4.50),
(1,18,'2023-03-23 18:14:53',4.54),
(1,18,'2023-03-30 18:14:53',3.83),
(1,18,'2023-04-06 18:14:53',4.54),
(1,18,'2023-04-13 18:14:53',3.55),
(1,18,'2023-04-20 18:14:53',4.03),
(1,18,'2023-04-27 18:14:53',4.54),
(1,18,'2023-05-04 18:14:53',3.62),
(1,18,'2023-05-25 18:14:53',4.56),
(1,18,'2023-06-01 18:14:53',3.47),
(1,18,'2023-06-08 18:14:53',4.59),
(1,18,'2023-06-15 18:14:53',4.57),
(1,18,'2023-06-22 18:14:53',3.38),
(1,18,'2023-07-06 18:14:53',4.57),
(1,18,'2023-07-13 18:14:53',3.84),
(1,18,'2023-07-20 18:14:53',4.57),
(1,18,'2023-08-03 18:14:53',4.67),
(1,18,'2023-08-10 18:14:53',3.70),
(1,18,'2023-11-02 18:14:53',4.67),
(1,18,'2023-11-09 18:14:53',4.09),
(1,18,'2023-11-16 18:14:53',4.67),
(1,18,'2023-11-30 18:14:53',4.59),
(1,18,'2023-12-07 18:14:53',3.42),
(1,18,'2023-12-21 18:14:53',4.64),
(1,18,'2023-12-28 18:14:53',4.55),
(1,18,'2024-01-04 18:14:53',3.99),
(1,18,'2024-01-18 18:14:53',4.55),
(1,18,'2024-03-15 18:14:53',4.63),
(1,18,'2024-03-29 18:14:53',4.74),
(1,18,'2024-05-17 18:14:53',4.72),
(1,18,'2024-05-24 18:14:53',3.96),
(1,18,'2024-07-05 18:14:53',4.72),
(1,18,'2024-07-12 18:14:53',3.84),
(1,18,'2024-08-02 18:14:53',4.87),
(1,18,'2024-10-04 18:14:53',4.92),
(1,18,'2024-11-01 18:14:53',5.10),
(1,18,'2024-11-08 18:14:53',3.80),
(1,18,'2024-11-29 18:14:53',5.22),
(1,19,'2022-12-16 18:15:00',4.99),
(1,19,'2022-12-23 18:15:00',5.03),
(1,19,'2023-01-20 18:15:00',5.19),
(1,19,'2023-01-27 18:15:00',4.45),
(1,19,'2023-02-10 18:15:00',5.19),
(1,19,'2023-03-02 18:15:00',5.11),
(1,19,'2023-04-27 18:15:00',5.12),
(1,19,'2023-05-04 18:15:00',3.84),
(1,19,'2023-06-01 18:15:00',5.20),
(1,19,'2023-06-08 18:15:00',4.29),
(1,19,'2023-08-03 18:15:00',5.20),
(1,19,'2023-09-28 18:15:00',5.16),
(1,19,'2023-10-05 18:15:00',4.53),
(1,19,'2023-11-09 18:15:00',5.22),
(1,19,'2023-11-23 18:15:00',5.25),
(1,19,'2023-12-14 18:15:00',5.27),
(1,19,'2023-12-21 18:15:00',4.69),
(1,19,'2024-04-05 18:15:00',5.27),
(1,19,'2024-04-26 18:15:00',5.19),
(1,19,'2024-06-28 18:15:00',5.16),
(1,19,'2024-07-26 18:15:00',5.21),
(1,19,'2024-09-06 18:15:00',5.22),
(1,19,'2024-09-13 18:15:00',4.65),
(1,19,'2024-11-01 18:15:00',5.22),
(1,19,'2024-11-15 18:15:00',5.39),
(1,19,'2024-11-22 18:15:00',4.78),
(1,19,'2024-11-29 18:15:00',5.39),
(1,19,'2024-12-06 18:15:00',4.45),
(1,20,'2022-11-25 18:15:06',5.86),
(1,20,'2022-12-02 18:15:06',4.84),
(1,20,'2023-01-06 18:15:06',6.02),
(1,20,'2023-02-03 18:15:06',6.13),
(1,20,'2023-03-16 18:15:06',6.15),
(1,20,'2023-03-23 18:15:06',4.96),
(1,20,'2023-04-06 18:15:06',6.15),
(1,20,'2023-04-27 18:15:06',6.07),
(1,20,'2023-05-04 18:15:06',4.68),
(1,20,'2023-05-11 18:15:06',6.07),
(1,20,'2023-05-18 18:15:06',5.35),
(1,20,'2023-07-13 18:15:06',6.19),
(1,20,'2023-07-20 18:15:06',6.38),
(1,20,'2023-07-27 18:15:06',5.22),
(1,20,'2023-08-03 18:15:06',6.38),
(1,20,'2023-08-10 18:15:06',4.65),
(1,20,'2023-08-31 18:15:06',6.38),
(1,20,'2023-10-12 18:15:06',6.41),
(1,20,'2023-10-19 18:15:06',5.01),
(1,20,'2023-10-26 18:15:06',6.41),
(1,20,'2023-11-02 18:15:06',5.11),
(1,20,'2023-11-09 18:15:06',5.48),
(1,20,'2023-11-16 18:15:06',6.52),
(1,20,'2023-11-23 18:15:06',6.48),
(1,20,'2023-12-14 18:15:06',6.55),
(1,20,'2023-12-21 18:15:06',4.80),
(1,20,'2024-01-11 18:15:06',6.49),
(1,20,'2024-01-18 18:15:06',4.72),
(1,20,'2024-03-29 18:15:06',6.49),
(1,20,'2024-05-03 18:15:06',6.53),
(1,20,'2024-05-10 18:15:06',4.91),
(1,20,'2024-06-14 18:15:06',6.53),
(1,20,'2024-06-21 18:15:06',5.61),
(1,20,'2024-07-05 18:15:06',6.62),
(1,20,'2024-08-02 18:15:06',6.55),
(1,20,'2024-12-06 18:15:06',6.62),
(1,20,'2024-12-20 18:15:06',6.54),
(1,21,'2022-10-28 18:15:13',7.19),
(1,21,'2022-11-04 18:15:13',7.11),
(1,21,'2023-02-03 18:15:13',7.12),
(1,21,'2023-02-10 18:15:13',5.76),
(1,21,'2023-03-16 18:15:13',7.12),
(1,21,'2023-03-23 18:15:13',7.03),
(1,21,'2023-04-13 18:15:13',7.14),
(1,21,'2023-06-15 18:15:13',7.12),
(1,21,'2023-06-22 18:15:13',6.01),
(1,21,'2023-07-13 18:15:13',7.07),
(1,21,'2023-07-20 18:15:13',5.65),
(1,21,'2023-07-27 18:15:13',7.07),
(1,21,'2023-08-03 18:15:13',5.21),
(1,21,'2023-08-17 18:15:13',7.07),
(1,21,'2023-08-31 18:15:13',7.08),
(1,21,'2023-09-07 18:15:13',5.52),
(1,21,'2023-09-21 18:15:13',7.08),
(1,21,'2023-09-28 18:15:13',5.37),
(1,21,'2023-11-02 18:15:13',7.15),
(1,21,'2023-11-09 18:15:13',5.24),
(1,21,'2023-11-16 18:15:13',5.65),
(1,21,'2023-11-23 18:15:13',5.52),
(1,21,'2023-11-30 18:15:13',7.15),
(1,21,'2024-01-04 18:15:13',7.11),
(1,21,'2024-01-25 18:15:13',7.02),
(1,21,'2024-02-01 18:15:13',5.37),
(1,21,'2024-02-22 18:15:13',7.02),
(1,21,'2024-03-15 18:15:13',7.00),
(1,21,'2024-03-22 18:15:13',5.01),
(1,21,'2024-03-29 18:15:13',5.77),
(1,21,'2024-04-12 18:15:13',7.00),
(1,21,'2024-04-19 18:15:13',5.28),
(1,21,'2024-05-17 18:15:13',7.00),
(1,21,'2024-05-24 18:15:13',6.22),
(1,21,'2024-06-21 18:15:13',7.00),
(1,21,'2024-07-26 18:15:13',6.92),
(1,21,'2024-08-02 18:15:13',6.83),
(1,21,'2024-08-09 18:15:13',5.45),
(1,21,'2024-08-30 18:15:13',6.83),
(1,21,'2024-10-04 18:15:13',6.82),
(1,22,'2022-10-21 18:15:24',3.10),
(1,22,'2022-11-18 18:15:24',3.12),
(1,22,'2022-12-16 18:15:24',3.08),
(1,22,'2023-02-24 18:15:24',3.06),
(1,22,'2023-03-02 18:15:24',3.23),
(1,22,'2023-03-09 18:15:24',3.17),
(1,22,'2023-04-20 18:15:24',3.21),
(1,22,'2023-04-27 18:15:24',3.30),
(1,22,'2023-05-25 18:15:24',3.23),
(1,22,'2023-06-01 18:15:24',3.21),
(1,22,'2023-08-10 18:15:24',3.19),
(1,22,'2023-08-24 18:15:24',3.16),
(1,22,'2023-08-31 18:15:24',3.12),
(1,22,'2023-09-21 18:15:24',3.15),
(1,22,'2023-10-12 18:15:24',3.09),
(1,22,'2023-11-02 18:15:24',3.14),
(1,22,'2023-11-09 18:15:24',3.17),
(1,22,'2024-01-04 18:15:24',3.14),
(1,22,'2024-01-25 18:15:24',3.20),
(1,22,'2024-02-01 18:15:24',3.28),
(1,22,'2024-02-08 18:15:24',3.33),
(1,22,'2024-03-22 18:15:24',3.46),
(1,22,'2024-04-05 18:15:24',3.56),
(1,22,'2024-04-19 18:15:24',3.49),
(1,22,'2024-04-26 18:15:24',3.55),
(1,22,'2024-05-31 18:15:24',3.47),
(1,22,'2024-06-07 18:15:24',3.42),
(1,22,'2024-06-21 18:15:24',3.36),
(1,22,'2024-06-28 18:15:24',3.48),
(1,22,'2024-08-02 18:15:24',3.52),
(1,22,'2024-09-20 18:15:24',3.53),
(1,22,'2024-10-25 18:15:24',3.51),
(1,22,'2024-11-22 18:15:24',3.45),
(1,22,'2024-12-06 18:15:24',3.33),
(1,22,'2024-12-13 18:15:24',3.30),
(1,23,'2022-10-14 18:15:52',2.68),
(1,23,'2022-10-21 18:15:52',2.24),
(1,23,'2022-11-25 18:15:52',2.68),
(1,23,'2022-12-09 18:15:52',2.73),
(1,23,'2022-12-16 18:15:52',2.71),
(1,23,'2022-12-30 18:15:52',2.73),
(1,23,'2023-01-06 18:15:52',2.77),
(1,23,'2023-01-13 18:15:52',2.29),
(1,23,'2023-03-02 18:15:52',2.77),
(1,23,'2023-03-09 18:15:52',2.29),
(1,23,'2023-03-30 18:15:52',2.77),
(1,23,'2023-04-06 18:15:52',2.29),
(1,23,'2023-04-27 18:15:52',2.77),
(1,23,'2023-05-04 18:15:52',2.24),
(1,23,'2023-06-01 18:15:52',2.77),
(1,23,'2023-06-08 18:15:52',2.23),
(1,23,'2023-10-05 18:15:52',2.77),
(1,23,'2023-10-12 18:15:52',2.29),
(1,23,'2023-11-23 18:15:52',2.77),
(1,23,'2024-02-15 18:15:52',2.76),
(1,23,'2024-02-22 18:15:52',2.26),
(1,23,'2024-05-24 18:15:52',2.76),
(1,23,'2024-05-31 18:15:52',2.29),
(1,23,'2024-06-28 18:15:52',2.76),
(1,23,'2024-07-12 18:15:52',2.84),
(1,23,'2024-07-19 18:15:52',2.28),
(1,23,'2024-08-09 18:15:52',2.84),
(1,23,'2024-08-16 18:15:52',2.79),
(1,23,'2024-08-23 18:15:52',2.29),
(1,23,'2024-09-06 18:15:52',2.79),
(1,23,'2024-09-13 18:15:52',2.78),
(1,23,'2024-09-20 18:15:52',2.75),
(1,23,'2024-10-04 18:15:52',2.29),
(1,23,'2024-11-15 18:15:52',2.75),
(1,23,'2024-12-06 18:15:52',2.85),
(1,24,'2022-11-04 18:17:06',3.26),
(1,24,'2022-11-18 18:17:06',3.31),
(1,24,'2022-12-16 18:17:06',3.28),
(1,24,'2023-01-13 18:17:06',3.40),
(1,24,'2023-03-09 18:17:06',3.60),
(1,24,'2023-03-23 18:17:06',3.57),
(1,24,'2023-04-27 18:17:06',3.67),
(1,24,'2023-05-18 18:17:06',3.58),
(1,24,'2023-06-22 18:17:06',3.62),
(1,24,'2023-08-03 18:17:06',3.65),
(1,24,'2023-08-17 18:17:06',3.51),
(1,24,'2023-11-23 18:17:06',3.52),
(1,24,'2023-12-28 18:17:06',3.47),
(1,24,'2024-01-04 18:17:06',3.46),
(1,24,'2024-01-25 18:17:06',3.53),
(1,24,'2024-03-22 18:17:06',3.40),
(1,24,'2024-05-03 18:17:06',3.53),
(1,24,'2024-05-17 18:17:06',3.55),
(1,24,'2024-07-12 18:17:06',3.58),
(1,24,'2024-10-11 18:17:06',3.50),
(1,24,'2024-11-08 18:17:06',3.63),
(1,25,'2022-12-02 18:17:24',4.69),
(1,25,'2022-12-09 18:17:24',4.75),
(1,25,'2022-12-16 18:17:24',4.21),
(1,25,'2022-12-23 18:17:24',4.20),
(1,25,'2023-02-10 18:17:24',4.75),
(1,25,'2023-03-16 18:17:24',4.91),
(1,25,'2023-05-11 18:17:24',4.96),
(1,25,'2023-06-29 18:17:24',5.03),
(1,25,'2023-07-06 18:17:24',4.36),
(1,25,'2023-12-21 18:17:24',5.03),
(1,25,'2023-12-28 18:17:24',4.48),
(1,25,'2024-02-01 18:17:24',5.03),
(1,25,'2024-02-08 18:17:24',4.35),
(1,25,'2024-03-15 18:17:24',4.96),
(1,25,'2024-03-22 18:17:24',4.28),
(1,25,'2024-03-29 18:17:24',4.96),
(1,25,'2024-04-05 18:17:24',4.91),
(1,25,'2024-04-26 18:17:24',4.94),
(1,25,'2024-05-10 18:17:24',4.85),
(1,25,'2024-05-17 18:17:24',3.89),
(1,25,'2024-06-14 18:17:24',4.85),
(1,25,'2024-06-21 18:17:24',4.03),
(1,25,'2024-08-16 18:17:24',4.85),
(1,25,'2024-08-23 18:17:24',3.91),
(1,25,'2024-09-13 18:17:24',4.85),
(1,25,'2024-10-04 18:17:24',4.79),
(1,25,'2024-12-13 18:17:24',4.94),
(1,26,'2023-01-27 18:17:40',4.79),
(1,26,'2023-02-03 18:17:40',4.26),
(1,26,'2023-04-06 18:17:40',4.79),
(1,26,'2023-04-13 18:17:40',3.79),
(1,26,'2023-06-08 18:17:40',4.79),
(1,26,'2023-06-15 18:17:40',3.88),
(1,26,'2023-09-07 18:17:40',4.79),
(1,26,'2023-09-14 18:17:40',3.86),
(1,26,'2023-09-21 18:17:40',4.79),
(1,26,'2023-09-28 18:17:40',4.27),
(1,26,'2023-10-05 18:17:40',4.04),
(1,26,'2023-11-16 18:17:40',4.79),
(1,26,'2023-11-23 18:17:40',3.68),
(1,26,'2023-11-30 18:17:40',4.24),
(1,26,'2023-12-07 18:17:40',4.79),
(1,26,'2023-12-14 18:17:40',3.85),
(1,26,'2023-12-21 18:17:40',4.79),
(1,26,'2023-12-28 18:17:40',3.90),
(1,26,'2024-02-22 18:17:40',4.79),
(1,26,'2024-03-01 18:17:40',4.18),
(1,26,'2024-04-05 18:17:40',4.79),
(1,26,'2024-04-12 18:17:40',3.83),
(1,26,'2024-04-26 18:17:40',4.79),
(1,26,'2024-05-03 18:17:40',4.14),
(1,26,'2024-05-17 18:17:40',4.79),
(1,26,'2024-05-24 18:17:40',4.24),
(1,26,'2024-05-31 18:17:40',4.79),
(1,26,'2024-06-07 18:17:40',4.24),
(1,26,'2024-06-21 18:17:40',4.79),
(1,26,'2024-06-28 18:17:40',3.77),
(1,26,'2024-08-23 18:17:40',4.79),
(1,26,'2024-08-30 18:17:40',3.79),
(1,26,'2024-11-08 18:17:40',4.79),
(1,26,'2024-11-15 18:17:40',3.94),
(1,26,'2024-12-06 18:17:40',4.79),
(1,26,'2024-12-13 18:17:40',4.06),
(1,27,'2022-10-14 18:17:49',5.02),
(1,27,'2022-12-30 18:17:49',4.99),
(1,27,'2023-01-06 18:17:49',4.06),
(1,27,'2023-04-06 18:17:49',4.99),
(1,27,'2023-04-13 18:17:49',5.12),
(1,27,'2023-05-11 18:17:49',5.08),
(1,27,'2023-06-01 18:17:49',5.06),
(1,27,'2023-08-17 18:17:49',5.08),
(1,27,'2023-08-31 18:17:49',5.03),
(1,27,'2023-09-28 18:17:49',5.13),
(1,27,'2023-10-05 18:17:49',4.56),
(1,27,'2023-12-14 18:17:49',5.13),
(1,27,'2023-12-21 18:17:49',5.24),
(1,27,'2024-03-01 18:17:49',5.27),
(1,27,'2024-03-08 18:17:49',4.17),
(1,27,'2024-06-07 18:17:49',5.27),
(1,27,'2024-06-14 18:17:49',4.25),
(1,27,'2024-06-21 18:17:49',5.27),
(1,27,'2024-06-28 18:17:49',5.30),
(1,27,'2024-07-12 18:17:49',5.25),
(1,27,'2024-07-26 18:17:49',5.38),
(1,27,'2024-08-02 18:17:49',5.44),
(1,27,'2024-08-09 18:17:49',4.79),
(1,27,'2024-08-23 18:17:49',5.36),
(1,27,'2024-10-25 18:17:49',5.40),
(1,27,'2024-12-20 18:17:49',5.38),
(1,27,'2024-12-27 18:17:49',4.66),
(1,28,'2022-10-21 18:18:00',3.39),
(1,28,'2022-11-04 18:18:00',3.43),
(1,28,'2022-11-11 18:18:00',2.58),
(1,28,'2022-12-02 18:18:00',3.43),
(1,28,'2022-12-09 18:18:00',2.93),
(1,28,'2022-12-16 18:18:00',2.95),
(1,28,'2023-01-06 18:18:00',3.43),
(1,28,'2023-01-13 18:18:00',3.39),
(1,28,'2023-01-20 18:18:00',2.54),
(1,28,'2023-01-27 18:18:00',3.39),
(1,28,'2023-03-09 18:18:00',3.45),
(1,28,'2023-03-16 18:18:00',2.31),
(1,28,'2023-04-20 18:18:00',3.45),
(1,28,'2023-05-04 18:18:00',3.41),
(1,28,'2023-05-11 18:18:00',3.40),
(1,28,'2023-05-18 18:18:00',3.05),
(1,28,'2023-08-17 18:18:00',3.44),
(1,28,'2023-08-24 18:18:00',2.36),
(1,28,'2023-10-26 18:18:00',3.44),
(1,28,'2023-11-30 18:18:00',3.39),
(1,28,'2024-01-11 18:18:00',3.42),
(1,28,'2024-02-22 18:18:00',3.39),
(1,28,'2024-03-01 18:18:00',2.43),
(1,28,'2024-03-22 18:18:00',3.39),
(1,28,'2024-04-12 18:18:00',3.46),
(1,28,'2024-05-31 18:18:00',3.50),
(1,28,'2024-06-07 18:18:00',3.44),
(1,28,'2024-07-05 18:18:00',3.41),
(1,28,'2024-07-12 18:18:00',2.52),
(1,28,'2024-07-19 18:18:00',3.41),
(1,28,'2024-07-26 18:18:00',2.85),
(1,28,'2024-08-30 18:18:00',3.41),
(1,28,'2024-09-06 18:18:00',2.87),
(1,28,'2024-10-18 18:18:00',3.41),
(1,28,'2024-10-25 18:18:00',2.68),
(1,28,'2024-11-01 18:18:00',3.41),
(1,28,'2024-11-08 18:18:00',3.46),
(1,29,'2022-10-28 18:18:17',3.08),
(1,29,'2022-11-04 18:18:17',2.28),
(1,29,'2022-11-18 18:18:17',3.08),
(1,29,'2022-11-25 18:18:17',3.15),
(1,29,'2022-12-09 18:18:17',3.13),
(1,29,'2023-02-03 18:18:17',3.16),
(1,29,'2023-03-02 18:18:17',3.20),
(1,29,'2023-04-20 18:18:17',3.28),
(1,29,'2023-04-27 18:18:17',2.98),
(1,29,'2023-05-25 18:18:17',3.28),
(1,29,'2023-06-01 18:18:17',3.33),
(1,29,'2023-06-29 18:18:17',3.40),
(1,29,'2023-08-03 18:18:17',3.38),
(1,29,'2023-08-31 18:18:17',3.32),
(1,29,'2023-09-07 18:18:17',2.47),
(1,29,'2023-10-19 18:18:17',3.32),
(1,29,'2023-11-30 18:18:17',3.45),
(1,29,'2024-02-01 18:18:17',3.46),
(1,29,'2024-02-08 18:18:17',2.68),
(1,29,'2024-03-15 18:18:17',3.46),
(1,29,'2024-05-17 18:18:17',3.48),
(1,29,'2024-05-24 18:18:17',3.54),
(1,29,'2024-06-14 18:18:17',3.56),
(1,29,'2024-06-21 18:18:17',3.00),
(1,29,'2024-06-28 18:18:17',2.60),
(1,29,'2024-07-19 18:18:17',3.56),
(1,29,'2024-08-23 18:18:17',3.70),
(1,29,'2024-08-30 18:18:17',3.00),
(1,29,'2024-10-04 18:18:17',3.70),
(1,29,'2024-10-11 18:18:17',3.74),
(1,29,'2024-11-01 18:18:17',3.83),
(1,29,'2024-12-06 18:18:17',3.90),
(1,29,'2024-12-13 18:18:17',3.91),
(1,29,'2024-12-20 18:18:17',3.00),
(1,30,'2022-11-11 18:18:39',5.53),
(1,30,'2022-11-25 18:18:39',5.55),
(1,30,'2023-04-20 18:18:39',5.50),
(1,30,'2023-04-27 18:18:39',4.47),
(1,30,'2023-06-01 18:18:39',5.50),
(1,30,'2023-07-13 18:18:39',5.44),
(1,30,'2023-09-21 18:18:39',5.55),
(1,30,'2023-09-28 18:18:39',4.09),
(1,30,'2023-11-23 18:18:39',5.55),
(1,30,'2023-11-30 18:18:39',4.66),
(1,30,'2023-12-14 18:18:39',5.55),
(1,30,'2023-12-21 18:18:39',5.60),
(1,30,'2023-12-28 18:18:39',4.41),
(1,30,'2024-01-04 18:18:39',4.00),
(1,30,'2024-01-25 18:18:39',5.60),
(1,30,'2024-02-01 18:18:39',4.25),
(1,30,'2024-04-12 18:18:39',5.60),
(1,30,'2024-04-19 18:18:39',5.62),
(1,30,'2024-04-26 18:18:39',4.12),
(1,30,'2024-07-12 18:18:39',5.62),
(1,30,'2024-07-19 18:18:39',4.60),
(1,30,'2024-08-09 18:18:39',5.62),
(1,30,'2024-08-16 18:18:39',4.61),
(1,30,'2024-08-23 18:18:39',5.62),
(1,30,'2024-09-27 18:18:39',5.73),
(1,30,'2024-10-04 18:18:39',4.07),
(1,30,'2024-11-29 18:18:39',5.68),
(2,1,'2022-10-07 14:50:38',12.25),
(2,1,'2022-10-14 14:50:38',12.23),
(2,1,'2022-10-21 14:50:38',12.30),
(2,1,'2023-01-06 14:50:38',12.69),
(2,1,'2023-02-24 14:50:38',13.05),
(2,1,'2023-03-02 14:50:38',8.13),
(2,1,'2023-03-16 14:50:38',13.05),
(2,1,'2023-03-23 14:50:38',13.18),
(2,1,'2023-03-30 14:50:38',8.65),
(2,1,'2023-04-13 14:50:38',13.19),
(2,1,'2023-05-18 14:50:38',13.20),
(2,1,'2023-05-25 14:50:38',13.27),
(2,1,'2023-06-01 14:50:38',11.15),
(2,1,'2023-07-27 14:50:38',13.27),
(2,1,'2023-09-14 14:50:38',13.40),
(2,1,'2023-09-21 14:50:38',8.94),
(2,1,'2023-09-28 14:50:38',13.40),
(2,1,'2023-12-21 14:50:38',13.54),
(2,1,'2024-01-25 14:50:38',13.61),
(2,1,'2024-02-15 14:50:38',13.56),
(2,1,'2024-03-15 14:50:38',13.48),
(2,1,'2024-04-26 14:50:38',13.45),
(2,1,'2024-05-03 14:50:38',9.50),
(2,1,'2024-06-21 14:50:38',13.45),
(2,1,'2024-08-02 14:50:38',13.59),
(2,1,'2024-08-09 14:50:38',13.55),
(2,1,'2024-08-16 14:50:38',9.80),
(2,1,'2024-09-06 14:50:38',13.53),
(2,1,'2024-09-20 14:50:38',13.51),
(2,1,'2024-09-27 14:50:38',9.48),
(2,1,'2024-10-04 14:50:38',8.20),
(2,1,'2024-10-25 14:50:38',13.51),
(2,1,'2024-11-01 14:50:38',13.55),
(2,1,'2024-11-08 14:50:38',13.50),
(2,1,'2024-12-06 14:50:38',13.62),
(2,2,'2022-10-28 14:49:55',13.12),
(2,2,'2022-11-04 14:49:55',8.37),
(2,2,'2022-11-18 14:49:55',13.24),
(2,2,'2022-12-02 14:49:55',13.30),
(2,2,'2022-12-09 14:49:55',10.13),
(2,2,'2023-01-06 14:49:55',13.30),
(2,2,'2023-01-13 14:49:55',9.81),
(2,2,'2023-01-27 14:49:55',13.30),
(2,2,'2023-02-03 14:49:55',10.45),
(2,2,'2023-03-16 14:49:55',13.30),
(2,2,'2023-04-06 14:49:55',13.29),
(2,2,'2023-05-04 14:49:55',13.55),
(2,2,'2023-05-11 14:49:55',11.00),
(2,2,'2023-05-25 14:49:55',13.55),
(2,2,'2023-07-13 14:49:55',13.43),
(2,2,'2023-07-20 14:49:55',13.55),
(2,2,'2023-07-27 14:49:55',13.61),
(2,2,'2023-09-07 14:49:55',13.76),
(2,2,'2023-09-14 14:49:55',8.51),
(2,2,'2023-09-21 14:49:55',10.41),
(2,2,'2023-11-16 14:49:55',13.76),
(2,2,'2023-11-23 14:49:55',11.67),
(2,2,'2023-11-30 14:49:55',14.09),
(2,2,'2023-12-07 14:49:55',11.29),
(2,2,'2024-01-18 14:49:55',14.06),
(2,2,'2024-01-25 14:49:55',10.67),
(2,2,'2024-02-15 14:49:55',14.06),
(2,2,'2024-02-22 14:49:55',13.99),
(2,2,'2024-03-08 14:49:55',13.90),
(2,2,'2024-03-22 14:49:55',13.93),
(2,2,'2024-03-29 14:49:55',11.99),
(2,2,'2024-04-26 14:49:55',13.93),
(2,2,'2024-05-03 14:49:55',10.38),
(2,2,'2024-05-10 14:49:55',13.93),
(2,2,'2024-06-28 14:49:55',13.94),
(2,2,'2024-07-05 14:49:55',11.99),
(2,2,'2024-08-23 14:49:55',13.94),
(2,2,'2024-09-27 14:49:55',14.01),
(2,2,'2024-11-22 14:49:55',14.11),
(2,2,'2024-11-29 14:49:55',11.99),
(2,2,'2024-12-06 14:49:55',10.02),
(2,2,'2024-12-27 14:49:55',14.11),
(2,3,'2022-10-21 18:11:53',0.35),
(2,3,'2022-12-30 18:11:53',0.42),
(2,3,'2023-03-02 18:11:53',0.40),
(2,3,'2023-03-09 18:11:53',0.37),
(2,3,'2023-05-04 18:11:53',0.35),
(2,3,'2023-09-07 18:11:53',0.37),
(2,3,'2024-01-11 18:11:53',0.35),
(2,3,'2024-02-22 18:11:53',0.36),
(2,3,'2024-03-01 18:11:53',0.35),
(2,3,'2024-05-24 18:11:53',0.36),
(2,3,'2024-06-14 18:11:53',0.35),
(2,3,'2024-08-30 18:11:53',0.40),
(2,3,'2024-10-18 18:11:53',0.46),
(2,3,'2024-10-25 18:11:53',0.48),
(2,3,'2024-11-01 18:11:53',0.51),
(2,3,'2024-11-15 18:11:53',0.50),
(2,4,'2022-10-28 18:12:37',1.19),
(2,4,'2022-11-04 18:12:37',1.02),
(2,4,'2023-01-20 18:12:37',1.20),
(2,4,'2023-02-10 18:12:37',1.22),
(2,4,'2023-02-17 18:12:37',1.03),
(2,4,'2023-02-24 18:12:37',1.18),
(2,4,'2023-04-06 18:12:37',1.15),
(2,4,'2023-04-13 18:12:37',0.95),
(2,4,'2023-04-20 18:12:37',1.15),
(2,4,'2023-04-27 18:12:37',1.20),
(2,4,'2023-05-04 18:12:37',1.25),
(2,4,'2023-05-11 18:12:37',1.09),
(2,4,'2023-05-18 18:12:37',1.31),
(2,4,'2023-05-25 18:12:37',1.09),
(2,4,'2023-07-06 18:12:37',1.31),
(2,4,'2023-07-13 18:12:37',1.29),
(2,4,'2023-07-27 18:12:37',1.26),
(2,4,'2023-09-21 18:12:37',1.30),
(2,4,'2023-09-28 18:12:37',1.09),
(2,4,'2023-10-05 18:12:37',1.36),
(2,4,'2023-11-02 18:12:37',1.37),
(2,4,'2023-11-09 18:12:37',1.09),
(2,4,'2023-11-23 18:12:37',1.37),
(2,4,'2023-11-30 18:12:37',1.09),
(2,4,'2023-12-21 18:12:37',1.32),
(2,4,'2023-12-28 18:12:37',1.09),
(2,4,'2024-02-08 18:12:37',1.32),
(2,4,'2024-02-22 18:12:37',1.09),
(2,4,'2024-05-03 18:12:37',1.34),
(2,4,'2024-06-28 18:12:37',1.37),
(2,4,'2024-08-16 18:12:37',1.36),
(2,4,'2024-08-23 18:12:37',1.09),
(2,4,'2024-09-27 18:12:37',1.36),
(2,4,'2024-10-04 18:12:37',1.09),
(2,4,'2024-12-06 18:12:37',1.36),
(2,4,'2024-12-13 18:12:37',1.09),
(2,5,'2022-10-28 18:12:54',11.25),
(2,5,'2022-11-04 18:12:54',6.67),
(2,5,'2022-11-18 18:12:54',11.25),
(2,5,'2022-12-30 18:12:54',11.52),
(2,5,'2023-01-06 18:12:54',6.65),
(2,5,'2023-02-03 18:12:54',11.52),
(2,5,'2023-03-02 18:12:54',11.61),
(2,5,'2023-04-06 18:12:54',11.55),
(2,5,'2023-05-04 18:12:54',11.58),
(2,5,'2023-05-11 18:12:54',6.40),
(2,5,'2023-05-18 18:12:54',6.16),
(2,5,'2023-05-25 18:12:54',7.43),
(2,5,'2023-07-13 18:12:54',11.58),
(2,5,'2023-10-19 18:12:54',11.50),
(2,5,'2023-11-23 18:12:54',11.42),
(2,5,'2023-11-30 18:12:54',8.31),
(2,5,'2023-12-28 18:12:54',11.42),
(2,5,'2024-01-04 18:12:54',6.51),
(2,5,'2024-01-25 18:12:54',11.46),
(2,5,'2024-02-01 18:12:54',8.53),
(2,5,'2024-02-15 18:12:54',11.46),
(2,5,'2024-03-29 18:12:54',11.61),
(2,5,'2024-04-05 18:12:54',6.95),
(2,5,'2024-04-26 18:12:54',11.61),
(2,5,'2024-05-03 18:12:54',7.97),
(2,5,'2024-05-17 18:12:54',11.61),
(2,5,'2024-06-14 18:12:54',11.71),
(2,5,'2024-08-23 18:12:54',11.50),
(2,5,'2024-09-06 18:12:54',11.55),
(2,5,'2024-11-29 18:12:54',11.57),
(2,5,'2024-12-06 18:12:54',6.66),
(2,5,'2024-12-13 18:12:54',7.52),
(2,5,'2024-12-20 18:12:54',11.57),
(2,5,'2024-12-27 18:12:54',6.28),
(2,6,'2022-10-07 18:13:01',1.79),
(2,6,'2022-11-04 18:13:01',1.80),
(2,6,'2022-11-11 18:13:01',1.52),
(2,6,'2022-12-02 18:13:01',1.79),
(2,6,'2022-12-09 18:13:01',1.83),
(2,6,'2022-12-30 18:13:01',1.84),
(2,6,'2023-01-06 18:13:01',1.52),
(2,6,'2023-02-03 18:13:01',1.84),
(2,6,'2023-03-09 18:13:01',1.80),
(2,6,'2023-03-23 18:13:01',1.79),
(2,6,'2023-03-30 18:13:01',1.46),
(2,6,'2023-04-27 18:13:01',1.80),
(2,6,'2023-05-04 18:13:01',1.26),
(2,6,'2023-05-11 18:13:01',1.80),
(2,6,'2023-05-18 18:13:01',1.21),
(2,6,'2023-06-01 18:13:01',1.80),
(2,6,'2023-08-03 18:13:01',1.81),
(2,6,'2023-08-10 18:13:01',1.38),
(2,6,'2023-11-02 18:13:01',1.81),
(2,6,'2023-12-07 18:13:01',1.79),
(2,6,'2024-02-08 18:13:01',1.80),
(2,6,'2024-02-15 18:13:01',1.49),
(2,6,'2024-03-01 18:13:01',1.80),
(2,6,'2024-03-08 18:13:01',1.25),
(2,6,'2024-03-29 18:13:01',1.80),
(2,6,'2024-04-05 18:13:01',1.38),
(2,6,'2024-06-07 18:13:01',1.80),
(2,6,'2024-06-14 18:13:01',1.52),
(2,6,'2024-07-05 18:13:01',1.80),
(2,6,'2024-07-12 18:13:01',1.50),
(2,6,'2024-09-06 18:13:01',1.80),
(2,6,'2024-09-13 18:13:01',1.55),
(2,6,'2024-10-04 18:13:01',1.86),
(2,6,'2024-10-11 18:13:01',1.42),
(2,6,'2024-11-22 18:13:01',1.86),
(2,7,'2023-01-13 18:13:12',2.51),
(2,7,'2023-01-20 18:13:12',1.30),
(2,7,'2023-04-20 18:13:12',2.51),
(2,7,'2023-04-27 18:13:12',1.67),
(2,7,'2023-05-11 18:13:12',2.51),
(2,7,'2023-06-01 18:13:12',2.44),
(2,7,'2023-06-29 18:13:12',2.47),
(2,7,'2023-08-03 18:13:12',2.52),
(2,7,'2023-08-17 18:13:12',2.55),
(2,7,'2023-08-24 18:13:12',1.75),
(2,7,'2023-09-07 18:13:12',2.55),
(2,7,'2023-10-19 18:13:12',2.59),
(2,7,'2023-10-26 18:13:12',1.45),
(2,7,'2023-11-02 18:13:12',2.65),
(2,7,'2023-11-16 18:13:12',2.66),
(2,7,'2023-12-07 18:13:12',2.70),
(2,7,'2024-03-15 18:13:12',2.66),
(2,7,'2024-04-26 18:13:12',2.67),
(2,7,'2024-05-03 18:13:12',2.72),
(2,7,'2024-05-10 18:13:12',1.57),
(2,7,'2024-05-31 18:13:12',2.68),
(2,7,'2024-06-07 18:13:12',2.62),
(2,7,'2024-07-26 18:13:12',2.64),
(2,7,'2024-08-02 18:13:12',1.78),
(2,7,'2024-08-09 18:13:12',2.64),
(2,7,'2024-08-23 18:13:12',2.65),
(2,7,'2024-08-30 18:13:12',1.55),
(2,7,'2024-10-11 18:13:12',2.66),
(2,7,'2024-10-18 18:13:12',1.48),
(2,7,'2024-11-08 18:13:12',2.66),
(2,7,'2024-11-15 18:13:12',1.98),
(2,7,'2024-11-22 18:13:12',1.63),
(2,8,'2022-10-14 18:13:19',3.21),
(2,8,'2022-10-21 18:13:19',2.66),
(2,8,'2022-10-28 18:13:19',3.21),
(2,8,'2022-11-11 18:13:19',3.29),
(2,8,'2023-01-06 18:13:19',3.42),
(2,8,'2023-01-13 18:13:19',2.97),
(2,8,'2023-03-16 18:13:19',3.42),
(2,8,'2023-04-13 18:13:19',3.55),
(2,8,'2023-04-20 18:13:19',2.99),
(2,8,'2023-04-27 18:13:19',3.55),
(2,8,'2023-05-04 18:13:19',3.59),
(2,8,'2023-05-11 18:13:19',3.53),
(2,8,'2023-05-18 18:13:19',2.99),
(2,8,'2023-07-13 18:13:19',3.53),
(2,8,'2023-07-20 18:13:19',2.73),
(2,8,'2023-08-03 18:13:19',3.53),
(2,8,'2023-09-28 18:13:19',3.43),
(2,8,'2023-10-05 18:13:19',2.77),
(2,8,'2023-10-19 18:13:19',3.43),
(2,8,'2023-10-26 18:13:19',2.87),
(2,8,'2023-11-02 18:13:19',3.43),
(2,8,'2024-01-18 18:13:19',3.46),
(2,8,'2024-02-15 18:13:19',3.61),
(2,8,'2024-02-22 18:13:19',3.68),
(2,8,'2024-03-01 18:13:19',2.88),
(2,8,'2024-04-05 18:13:19',3.68),
(2,8,'2024-05-17 18:13:19',3.62),
(2,8,'2024-05-31 18:13:19',3.50),
(2,8,'2024-07-26 18:13:19',3.48),
(2,8,'2024-08-02 18:13:19',2.97),
(2,8,'2024-08-09 18:13:19',2.99),
(2,8,'2024-08-16 18:13:19',3.48),
(2,8,'2024-08-23 18:13:19',2.76),
(2,9,'2023-04-20 18:13:26',2.49),
(2,9,'2023-04-27 18:13:26',1.76),
(2,9,'2023-05-04 18:13:26',1.97),
(2,9,'2023-09-07 18:13:26',2.49),
(2,9,'2023-09-14 18:13:26',2.53),
(2,9,'2023-09-21 18:13:26',1.70),
(2,9,'2023-11-09 18:13:26',2.53),
(2,9,'2023-11-16 18:13:26',2.16),
(2,9,'2023-11-30 18:13:26',2.53),
(2,9,'2023-12-14 18:13:26',2.69),
(2,9,'2024-01-25 18:13:26',2.71),
(2,9,'2024-03-22 18:13:26',2.74),
(2,9,'2024-04-05 18:13:26',2.66),
(2,9,'2024-05-03 18:13:26',2.73),
(2,9,'2024-05-10 18:13:26',2.38),
(2,9,'2024-05-17 18:13:26',2.73),
(2,9,'2024-05-24 18:13:26',2.81),
(2,9,'2024-08-23 18:13:26',2.77),
(2,9,'2024-09-20 18:13:26',2.78),
(2,9,'2024-11-22 18:13:26',2.69),
(2,9,'2024-11-29 18:13:26',2.13),
(2,10,'2022-10-21 18:13:35',14.00),
(2,10,'2022-11-11 18:13:35',14.16),
(2,10,'2022-12-16 18:13:35',14.11),
(2,10,'2023-01-27 18:13:35',14.00),
(2,10,'2023-02-03 18:13:35',9.42),
(2,10,'2023-03-23 18:13:35',14.00),
(2,10,'2023-03-30 18:13:35',12.55),
(2,10,'2023-06-01 18:13:35',14.00),
(2,10,'2023-06-22 18:13:35',14.19),
(2,10,'2023-06-29 18:13:35',7.58),
(2,10,'2023-07-20 18:13:35',14.26),
(2,10,'2023-08-24 18:13:35',14.11),
(2,10,'2023-09-28 18:13:35',14.12),
(2,10,'2023-10-05 18:13:35',14.00),
(2,10,'2023-10-12 18:13:35',10.68),
(2,10,'2023-10-19 18:13:35',14.00),
(2,10,'2023-10-26 18:13:35',7.15),
(2,10,'2023-11-09 18:13:35',14.00),
(2,10,'2023-11-16 18:13:35',5.54),
(2,10,'2024-03-22 18:13:35',14.00),
(2,10,'2024-05-03 18:13:35',14.04),
(2,10,'2024-05-10 18:13:35',8.09),
(2,10,'2024-05-31 18:13:35',14.04),
(2,10,'2024-06-28 18:13:35',14.00),
(2,10,'2024-07-05 18:13:35',5.36),
(2,10,'2024-08-30 18:13:35',14.15),
(2,10,'2024-09-06 18:13:35',7.58),
(2,10,'2024-09-13 18:13:35',14.08),
(2,10,'2024-09-20 18:13:35',7.57),
(2,10,'2024-10-04 18:13:35',14.00),
(2,10,'2024-10-25 18:13:35',14.19),
(2,10,'2024-11-01 18:13:35',14.33),
(2,10,'2024-11-08 18:13:35',12.58),
(2,10,'2024-12-06 18:13:35',14.33),
(2,11,'2022-10-28 18:13:42',4.57),
(2,11,'2022-11-11 18:13:42',4.53),
(2,11,'2022-12-23 18:13:42',4.47),
(2,11,'2023-01-06 18:13:42',4.56),
(2,11,'2023-01-13 18:13:42',3.39),
(2,11,'2023-01-20 18:13:42',4.56),
(2,11,'2023-01-27 18:13:42',4.61),
(2,11,'2023-03-30 18:13:42',4.68),
(2,11,'2023-07-06 18:13:42',4.85),
(2,11,'2023-07-13 18:13:42',3.20),
(2,11,'2023-08-03 18:13:42',4.85),
(2,11,'2023-08-10 18:13:42',3.39),
(2,11,'2023-11-30 18:13:42',4.85),
(2,11,'2023-12-07 18:13:42',3.39),
(2,11,'2023-12-28 18:13:42',4.73),
(2,11,'2024-01-11 18:13:42',4.66),
(2,11,'2024-01-18 18:13:42',4.54),
(2,11,'2024-01-25 18:13:42',4.49),
(2,11,'2024-03-29 18:13:42',4.56),
(2,11,'2024-04-05 18:13:42',3.39),
(2,11,'2024-04-12 18:13:42',4.56),
(2,11,'2024-04-19 18:13:42',4.60),
(2,11,'2024-04-26 18:13:42',3.06),
(2,11,'2024-05-10 18:13:42',4.65),
(2,11,'2024-08-02 18:13:42',4.78),
(2,11,'2024-09-20 18:13:42',4.97),
(2,11,'2024-10-11 18:13:42',5.05),
(2,11,'2024-10-18 18:13:42',3.39),
(2,11,'2024-11-01 18:13:42',5.05),
(2,11,'2024-11-08 18:13:42',3.39),
(2,11,'2024-12-13 18:13:42',5.05),
(2,11,'2024-12-20 18:13:42',3.39),
(2,12,'2022-10-14 18:13:52',8.53),
(2,12,'2022-10-21 18:13:52',8.80),
(2,12,'2023-02-03 18:13:52',8.94),
(2,12,'2023-02-10 18:13:52',6.87),
(2,12,'2023-03-02 18:13:52',8.94),
(2,12,'2023-03-09 18:13:52',6.74),
(2,12,'2023-04-27 18:13:52',9.09),
(2,12,'2023-05-04 18:13:52',6.89),
(2,12,'2023-07-27 18:13:52',9.09),
(2,12,'2023-09-14 18:13:52',9.02),
(2,12,'2023-10-12 18:13:52',9.00),
(2,12,'2023-10-19 18:13:52',7.48),
(2,12,'2023-11-02 18:13:52',9.00),
(2,12,'2023-11-23 18:13:52',9.07),
(2,12,'2023-11-30 18:13:52',7.42),
(2,12,'2023-12-07 18:13:52',9.07),
(2,12,'2023-12-14 18:13:52',7.50),
(2,12,'2024-02-08 18:13:52',9.07),
(2,12,'2024-02-15 18:13:52',7.50),
(2,12,'2024-04-12 18:13:52',9.07),
(2,12,'2024-04-19 18:13:52',7.03),
(2,12,'2024-07-19 18:13:52',9.01),
(2,12,'2024-07-26 18:13:52',7.33),
(2,12,'2024-08-23 18:13:52',9.01),
(2,12,'2024-09-20 18:13:52',8.99),
(2,12,'2024-09-27 18:13:52',9.02),
(2,12,'2024-10-04 18:13:52',7.50),
(2,12,'2024-10-11 18:13:52',9.02),
(2,12,'2024-11-01 18:13:52',9.26),
(2,12,'2024-11-08 18:13:52',7.50),
(2,12,'2024-12-06 18:13:52',9.14),
(2,12,'2024-12-13 18:13:52',7.50),
(2,12,'2024-12-20 18:13:52',9.14),
(2,13,'2022-10-28 18:14:01',3.60),
(2,13,'2022-11-04 18:14:01',2.67),
(2,13,'2022-12-02 18:14:01',3.60),
(2,13,'2023-02-17 18:14:01',3.55),
(2,13,'2023-02-24 18:14:01',3.71),
(2,13,'2023-03-02 18:14:01',3.74),
(2,13,'2023-03-09 18:14:01',3.83),
(2,13,'2023-04-20 18:14:01',3.97),
(2,13,'2023-06-15 18:14:01',4.05),
(2,13,'2023-06-22 18:14:01',3.06),
(2,13,'2023-07-20 18:14:01',4.05),
(2,13,'2023-09-21 18:14:01',4.17),
(2,13,'2023-09-28 18:14:01',3.40),
(2,13,'2023-11-16 18:14:01',4.17),
(2,13,'2023-11-30 18:14:01',4.09),
(2,13,'2023-12-28 18:14:01',4.15),
(2,13,'2024-01-04 18:14:01',4.13),
(2,13,'2024-03-29 18:14:01',4.23),
(2,13,'2024-06-21 18:14:01',4.24),
(2,13,'2024-07-12 18:14:01',4.19),
(2,13,'2024-07-19 18:14:01',3.16),
(2,13,'2024-08-16 18:14:01',4.19),
(2,13,'2024-08-30 18:14:01',4.25),
(2,13,'2024-09-06 18:14:01',4.31),
(2,13,'2024-09-13 18:14:01',3.39),
(2,13,'2024-11-15 18:14:01',4.31),
(2,13,'2024-12-13 18:14:01',4.18),
(2,14,'2022-10-14 18:14:09',1.69),
(2,14,'2022-10-21 18:14:09',1.70),
(2,14,'2022-11-04 18:14:09',1.68),
(2,14,'2022-11-11 18:14:09',1.40),
(2,14,'2023-01-06 18:14:09',1.76),
(2,14,'2023-01-13 18:14:09',1.79),
(2,14,'2023-01-27 18:14:09',1.82),
(2,14,'2023-02-03 18:14:09',1.77),
(2,14,'2023-02-10 18:14:09',1.40),
(2,14,'2023-02-24 18:14:09',1.77),
(2,14,'2023-03-02 18:14:09',1.72),
(2,14,'2023-03-16 18:14:09',1.75),
(2,14,'2023-08-03 18:14:09',1.70),
(2,14,'2023-08-17 18:14:09',1.65),
(2,14,'2023-10-05 18:14:09',1.73),
(2,14,'2023-10-12 18:14:09',1.40),
(2,14,'2023-10-19 18:14:09',1.33),
(2,14,'2023-11-30 18:14:09',1.73),
(2,14,'2023-12-07 18:14:09',1.70),
(2,14,'2024-02-01 18:14:09',1.72),
(2,14,'2024-03-01 18:14:09',1.77),
(2,14,'2024-03-08 18:14:09',1.81),
(2,14,'2024-03-15 18:14:09',1.40),
(2,14,'2024-04-05 18:14:09',1.81),
(2,14,'2024-04-12 18:14:09',1.74),
(2,14,'2024-05-31 18:14:09',1.69),
(2,14,'2024-08-30 18:14:09',1.63),
(2,14,'2024-09-06 18:14:09',1.34),
(2,14,'2024-09-13 18:14:09',1.63),
(2,14,'2024-09-20 18:14:09',1.33),
(2,14,'2024-11-08 18:14:09',1.63),
(2,15,'2022-12-23 18:14:17',6.99),
(2,15,'2023-01-06 18:14:17',7.02),
(2,15,'2023-01-13 18:14:17',7.16),
(2,15,'2023-02-17 18:14:17',6.99),
(2,15,'2023-02-24 18:14:17',5.73),
(2,15,'2023-03-02 18:14:17',6.99),
(2,15,'2023-03-09 18:14:17',6.24),
(2,15,'2023-04-20 18:14:17',6.99),
(2,15,'2023-05-04 18:14:17',7.05),
(2,15,'2023-05-11 18:14:17',7.04),
(2,15,'2023-06-08 18:14:17',6.99),
(2,15,'2023-06-22 18:14:17',7.26),
(2,15,'2023-06-29 18:14:17',6.35),
(2,15,'2023-07-27 18:14:17',7.26),
(2,15,'2023-08-03 18:14:17',6.48),
(2,15,'2023-09-14 18:14:17',7.26),
(2,15,'2023-09-21 18:14:17',6.23),
(2,15,'2023-10-19 18:14:17',7.39),
(2,15,'2023-10-26 18:14:17',5.83),
(2,15,'2023-11-09 18:14:17',7.39),
(2,15,'2023-12-07 18:14:17',7.54),
(2,15,'2024-01-04 18:14:17',7.43),
(2,15,'2024-01-18 18:14:17',7.50),
(2,15,'2024-01-25 18:14:17',6.02),
(2,15,'2024-02-01 18:14:17',7.50),
(2,15,'2024-07-12 18:14:17',7.74),
(2,15,'2024-07-19 18:14:17',6.93),
(2,15,'2024-12-06 18:14:17',7.74),
(2,15,'2024-12-20 18:14:17',7.81),
(2,16,'2022-11-25 18:14:26',1.99),
(2,16,'2022-12-02 18:14:26',1.78),
(2,16,'2023-03-30 18:14:26',1.99),
(2,16,'2023-04-06 18:14:26',1.76),
(2,16,'2023-04-20 18:14:26',1.99),
(2,16,'2023-05-11 18:14:26',2.00),
(2,16,'2023-05-18 18:14:26',1.83),
(2,16,'2023-05-25 18:14:26',2.00),
(2,16,'2023-06-01 18:14:26',1.82),
(2,16,'2023-06-08 18:14:26',2.01),
(2,16,'2023-07-13 18:14:26',1.99),
(2,16,'2023-07-20 18:14:26',1.83),
(2,16,'2023-11-16 18:14:26',1.99),
(2,16,'2023-11-23 18:14:26',1.84),
(2,16,'2024-01-11 18:14:26',1.99),
(2,16,'2024-01-18 18:14:26',1.71),
(2,16,'2024-03-08 18:14:26',1.99),
(2,16,'2024-03-15 18:14:26',1.81),
(2,16,'2024-03-29 18:14:26',1.99),
(2,16,'2024-04-26 18:14:26',2.00),
(2,16,'2024-05-17 18:14:26',1.99),
(2,16,'2024-05-24 18:14:26',1.80),
(2,16,'2024-05-31 18:14:26',1.99),
(2,16,'2024-06-14 18:14:26',2.05),
(2,16,'2024-11-15 18:14:26',1.99),
(2,16,'2024-12-06 18:14:26',2.00),
(2,16,'2024-12-13 18:14:26',1.91),
(2,17,'2022-10-28 18:14:36',1.86),
(2,17,'2022-11-04 18:14:36',1.87),
(2,17,'2022-12-02 18:14:36',1.88),
(2,17,'2023-01-13 18:14:36',1.91),
(2,17,'2023-01-20 18:14:36',1.50),
(2,17,'2023-02-03 18:14:36',1.91),
(2,17,'2023-03-23 18:14:36',1.89),
(2,17,'2023-04-13 18:14:36',1.86),
(2,17,'2023-05-18 18:14:36',1.84),
(2,17,'2023-05-25 18:14:36',1.59),
(2,17,'2023-08-17 18:14:36',1.84),
(2,17,'2023-08-24 18:14:36',1.43),
(2,17,'2023-08-31 18:14:36',1.84),
(2,17,'2023-09-07 18:14:36',1.80),
(2,17,'2023-09-28 18:14:36',1.76),
(2,17,'2023-11-09 18:14:36',1.79),
(2,17,'2023-12-14 18:14:36',1.84),
(2,17,'2024-01-18 18:14:36',1.80),
(2,17,'2024-01-25 18:14:36',1.59),
(2,17,'2024-02-01 18:14:36',1.77),
(2,17,'2024-03-08 18:14:36',1.83),
(2,17,'2024-03-15 18:14:36',1.55),
(2,17,'2024-04-19 18:14:36',1.83),
(2,17,'2024-04-26 18:14:36',1.58),
(2,17,'2024-05-17 18:14:36',1.83),
(2,17,'2024-05-24 18:14:36',1.59),
(2,17,'2024-07-05 18:14:36',1.79),
(2,17,'2024-09-20 18:14:36',1.88),
(2,17,'2024-10-11 18:14:36',1.95),
(2,17,'2024-10-18 18:14:36',1.59),
(2,17,'2024-11-08 18:14:36',1.95),
(2,17,'2024-12-27 18:14:36',2.00),
(2,18,'2022-10-28 18:14:53',4.99),
(2,18,'2022-11-04 18:14:53',3.77),
(2,18,'2022-11-11 18:14:53',4.99),
(2,18,'2022-12-16 18:14:53',5.01),
(2,18,'2022-12-23 18:14:53',3.88),
(2,18,'2023-01-20 18:14:53',5.01),
(2,18,'2023-01-27 18:14:53',4.26),
(2,18,'2023-02-10 18:14:53',5.01),
(2,18,'2023-02-17 18:14:53',4.42),
(2,18,'2023-05-04 18:14:53',5.01),
(2,18,'2023-05-11 18:14:53',5.03),
(2,18,'2023-05-18 18:14:53',4.47),
(2,18,'2023-05-25 18:14:53',5.03),
(2,18,'2023-08-24 18:14:53',5.20),
(2,18,'2023-08-31 18:14:53',4.39),
(2,18,'2023-09-21 18:14:53',5.20),
(2,18,'2023-09-28 18:14:53',4.08),
(2,18,'2023-12-21 18:14:53',5.20),
(2,18,'2023-12-28 18:14:53',3.84),
(2,18,'2024-01-04 18:14:53',3.76),
(2,18,'2024-01-11 18:14:53',4.01),
(2,18,'2024-01-25 18:14:53',5.20),
(2,18,'2024-03-22 18:14:53',5.22),
(2,18,'2024-03-29 18:14:53',3.97),
(2,18,'2024-04-12 18:14:53',5.22),
(2,18,'2024-04-19 18:14:53',3.84),
(2,18,'2024-04-26 18:14:53',4.49),
(2,18,'2024-05-17 18:14:53',5.22),
(2,18,'2024-05-24 18:14:53',4.34),
(2,18,'2024-05-31 18:14:53',3.86),
(2,18,'2024-07-19 18:14:53',5.22),
(2,18,'2024-07-26 18:14:53',3.85),
(2,18,'2024-09-13 18:14:53',5.22),
(2,18,'2024-09-20 18:14:53',4.18),
(2,18,'2024-09-27 18:14:53',3.95),
(2,19,'2022-12-16 18:15:00',4.99),
(2,19,'2022-12-23 18:15:00',4.47),
(2,19,'2023-01-06 18:15:00',4.99),
(2,19,'2023-01-13 18:15:00',3.57),
(2,19,'2023-02-10 18:15:00',4.99),
(2,19,'2023-02-17 18:15:00',3.84),
(2,19,'2023-05-11 18:15:00',4.99),
(2,19,'2023-06-08 18:15:00',5.03),
(2,19,'2023-06-22 18:15:00',4.99),
(2,19,'2023-07-27 18:15:00',5.04),
(2,19,'2023-11-23 18:15:00',5.14),
(2,19,'2023-11-30 18:15:00',5.16),
(2,19,'2023-12-07 18:15:00',4.31),
(2,19,'2024-01-04 18:15:00',5.16),
(2,19,'2024-01-11 18:15:00',5.04),
(2,19,'2024-01-18 18:15:00',3.96),
(2,19,'2024-02-15 18:15:00',5.04),
(2,19,'2024-02-22 18:15:00',4.17),
(2,19,'2024-03-01 18:15:00',4.25),
(2,19,'2024-03-15 18:15:00',5.07),
(2,19,'2024-03-22 18:15:00',5.00),
(2,19,'2024-03-29 18:15:00',3.55),
(2,19,'2024-04-12 18:15:00',5.00),
(2,19,'2024-06-07 18:15:00',5.10),
(2,19,'2024-07-05 18:15:00',5.02),
(2,19,'2024-07-12 18:15:00',4.05),
(2,19,'2024-07-19 18:15:00',5.02),
(2,19,'2024-09-27 18:15:00',5.10),
(2,19,'2024-12-27 18:15:00',5.16),
(2,20,'2022-11-18 18:15:06',6.10),
(2,20,'2022-11-25 18:15:06',6.18),
(2,20,'2022-12-02 18:15:06',4.94),
(2,20,'2022-12-23 18:15:06',6.18),
(2,20,'2022-12-30 18:15:06',5.45),
(2,20,'2023-02-10 18:15:06',6.18),
(2,20,'2023-03-09 18:15:06',6.11),
(2,20,'2023-04-06 18:15:06',6.16),
(2,20,'2023-05-11 18:15:06',6.29),
(2,20,'2023-06-08 18:15:06',6.37),
(2,20,'2023-07-13 18:15:06',6.43),
(2,20,'2023-07-20 18:15:06',5.04),
(2,20,'2023-08-24 18:15:06',6.43),
(2,20,'2023-08-31 18:15:06',6.53),
(2,20,'2023-09-07 18:15:06',5.60),
(2,20,'2023-09-21 18:15:06',6.55),
(2,20,'2023-12-14 18:15:06',6.46),
(2,20,'2023-12-21 18:15:06',5.51),
(2,20,'2024-04-05 18:15:06',6.46),
(2,20,'2024-04-12 18:15:06',5.73),
(2,20,'2024-04-19 18:15:06',6.46),
(2,20,'2024-04-26 18:15:06',5.57),
(2,20,'2024-06-21 18:15:06',6.46),
(2,20,'2024-06-28 18:15:06',5.22),
(2,20,'2024-08-16 18:15:06',6.46),
(2,20,'2024-08-23 18:15:06',5.57),
(2,20,'2024-08-30 18:15:06',5.05),
(2,20,'2024-09-06 18:15:06',6.46),
(2,20,'2024-09-13 18:15:06',5.47),
(2,20,'2024-10-18 18:15:06',6.46),
(2,20,'2024-10-25 18:15:06',6.47),
(2,20,'2024-11-15 18:15:06',6.60),
(2,20,'2024-11-22 18:15:06',5.01),
(2,21,'2022-11-04 18:15:13',6.79),
(2,21,'2022-12-16 18:15:13',6.81),
(2,21,'2023-01-06 18:15:13',6.79),
(2,21,'2023-02-17 18:15:13',6.82),
(2,21,'2023-03-16 18:15:13',6.79),
(2,21,'2023-04-13 18:15:13',6.86),
(2,21,'2023-04-20 18:15:13',5.30),
(2,21,'2023-05-18 18:15:13',6.91),
(2,21,'2023-06-29 18:15:13',6.84),
(2,21,'2023-07-13 18:15:13',6.82),
(2,21,'2023-08-24 18:15:13',6.85),
(2,21,'2023-08-31 18:15:13',5.21),
(2,21,'2023-09-28 18:15:13',6.85),
(2,21,'2023-11-23 18:15:13',6.79),
(2,21,'2023-11-30 18:15:13',5.48),
(2,21,'2024-03-29 18:15:13',6.79),
(2,21,'2024-04-05 18:15:13',5.16),
(2,21,'2024-04-26 18:15:13',6.79),
(2,21,'2024-05-03 18:15:13',4.90),
(2,21,'2024-05-31 18:15:13',6.79),
(2,21,'2024-06-14 18:15:13',6.88),
(2,21,'2024-06-21 18:15:13',5.93),
(2,21,'2024-08-09 18:15:13',6.88),
(2,21,'2024-08-16 18:15:13',4.82),
(2,21,'2024-08-23 18:15:13',5.75),
(2,21,'2024-09-06 18:15:13',6.88),
(2,21,'2024-09-13 18:15:13',6.10),
(2,21,'2024-10-11 18:15:13',6.88),
(2,21,'2024-11-15 18:15:13',6.98),
(2,21,'2024-11-22 18:15:13',6.91),
(2,21,'2024-12-13 18:15:13',6.85),
(2,22,'2022-10-21 18:15:24',2.88),
(2,22,'2022-10-28 18:15:24',2.96),
(2,22,'2022-11-11 18:15:24',2.90),
(2,22,'2022-11-18 18:15:24',2.83),
(2,22,'2022-12-02 18:15:24',2.81),
(2,22,'2023-01-27 18:15:24',2.91),
(2,22,'2023-03-02 18:15:24',3.00),
(2,22,'2023-03-09 18:15:24',3.01),
(2,22,'2023-03-23 18:15:24',2.93),
(2,22,'2023-04-06 18:15:24',3.02),
(2,22,'2023-04-20 18:15:24',3.03),
(2,22,'2023-05-11 18:15:24',3.00),
(2,22,'2023-05-25 18:15:24',3.09),
(2,22,'2023-06-08 18:15:24',3.14),
(2,22,'2023-07-06 18:15:24',3.19),
(2,22,'2023-07-13 18:15:24',3.25),
(2,22,'2023-08-03 18:15:24',3.20),
(2,22,'2023-08-17 18:15:24',3.30),
(2,22,'2023-09-21 18:15:24',3.43),
(2,22,'2023-09-28 18:15:24',3.38),
(2,22,'2023-10-05 18:15:24',3.31),
(2,22,'2023-10-26 18:15:24',3.34),
(2,22,'2023-11-09 18:15:24',3.44),
(2,22,'2023-12-21 18:15:24',3.37),
(2,22,'2023-12-28 18:15:24',3.41),
(2,22,'2024-01-04 18:15:24',3.40),
(2,22,'2024-02-15 18:15:24',3.49),
(2,22,'2024-03-01 18:15:24',3.43),
(2,22,'2024-03-22 18:15:24',3.37),
(2,22,'2024-03-29 18:15:24',3.42),
(2,22,'2024-04-05 18:15:24',3.47),
(2,22,'2024-05-24 18:15:24',3.44),
(2,22,'2024-06-28 18:15:24',3.51),
(2,22,'2024-07-26 18:15:24',3.47),
(2,22,'2024-08-09 18:15:24',3.49),
(2,22,'2024-08-16 18:15:24',3.43),
(2,22,'2024-09-06 18:15:24',3.52),
(2,22,'2024-09-13 18:15:24',3.59),
(2,22,'2024-09-20 18:15:24',3.64),
(2,22,'2024-11-08 18:15:24',3.72),
(2,22,'2024-12-06 18:15:24',3.68),
(2,23,'2022-10-07 18:15:52',2.33),
(2,23,'2022-11-04 18:15:52',2.31),
(2,23,'2022-11-11 18:15:52',2.05),
(2,23,'2022-12-02 18:15:52',2.31),
(2,23,'2023-01-27 18:15:52',2.38),
(2,23,'2023-03-02 18:15:52',2.29),
(2,23,'2023-03-09 18:15:52',1.85),
(2,23,'2023-04-20 18:15:52',2.29),
(2,23,'2023-04-27 18:15:52',1.90),
(2,23,'2023-05-25 18:15:52',2.31),
(2,23,'2023-06-29 18:15:52',2.34),
(2,23,'2023-07-13 18:15:52',2.40),
(2,23,'2023-08-31 18:15:52',2.33),
(2,23,'2023-09-07 18:15:52',2.29),
(2,23,'2023-09-28 18:15:52',2.36),
(2,23,'2023-10-05 18:15:52',1.93),
(2,23,'2023-11-30 18:15:52',2.36),
(2,23,'2024-03-29 18:15:52',2.31),
(2,23,'2024-04-05 18:15:52',1.88),
(2,23,'2024-06-28 18:15:52',2.31),
(2,23,'2024-07-12 18:15:52',2.43),
(2,23,'2024-07-19 18:15:52',1.96),
(2,23,'2024-08-02 18:15:52',2.40),
(2,23,'2024-08-23 18:15:52',2.42),
(2,23,'2024-08-30 18:15:52',2.00),
(2,23,'2024-09-06 18:15:52',2.41),
(2,23,'2024-09-13 18:15:52',1.94),
(2,23,'2024-10-04 18:15:52',2.41),
(2,23,'2024-10-25 18:15:52',2.37),
(2,23,'2024-11-01 18:15:52',2.13),
(2,23,'2024-11-08 18:15:52',2.12),
(2,24,'2022-10-28 18:17:06',3.45),
(2,24,'2023-01-06 18:17:06',3.52),
(2,24,'2023-02-03 18:17:06',3.64),
(2,24,'2023-02-10 18:17:06',3.69),
(2,24,'2023-03-09 18:17:06',3.71),
(2,24,'2023-04-06 18:17:06',3.84),
(2,24,'2023-05-18 18:17:06',3.76),
(2,24,'2023-06-15 18:17:06',3.71),
(2,24,'2023-06-22 18:17:06',3.74),
(2,24,'2023-06-29 18:17:06',3.81),
(2,24,'2023-07-13 18:17:06',3.67),
(2,24,'2023-07-20 18:17:06',3.64),
(2,24,'2023-07-27 18:17:06',3.67),
(2,24,'2023-10-19 18:17:06',3.61),
(2,24,'2023-11-16 18:17:06',3.66),
(2,24,'2024-05-24 18:17:06',3.58),
(2,24,'2024-08-30 18:17:06',3.52),
(2,24,'2024-09-20 18:17:06',3.58),
(2,24,'2024-11-08 18:17:06',3.65),
(2,24,'2024-11-15 18:17:06',3.60),
(2,24,'2024-11-29 18:17:06',3.49),
(2,24,'2024-12-27 18:17:06',3.45),
(2,25,'2022-11-04 18:17:24',5.36),
(2,25,'2022-12-30 18:17:24',5.43),
(2,25,'2023-01-20 18:17:24',4.69),
(2,25,'2023-01-27 18:17:24',5.43),
(2,25,'2023-02-03 18:17:24',5.42),
(2,25,'2023-02-10 18:17:24',4.69),
(2,25,'2023-03-23 18:17:24',5.42),
(2,25,'2023-04-27 18:17:24',5.52),
(2,25,'2023-05-04 18:17:24',5.50),
(2,25,'2023-05-11 18:17:24',5.41),
(2,25,'2023-05-18 18:17:24',4.47),
(2,25,'2023-06-08 18:17:24',5.41),
(2,25,'2023-06-15 18:17:24',4.44),
(2,25,'2023-07-06 18:17:24',5.41),
(2,25,'2023-07-20 18:17:24',5.43),
(2,25,'2023-09-07 18:17:24',5.24),
(2,25,'2023-09-14 18:17:24',4.56),
(2,25,'2023-10-26 18:17:24',5.24),
(2,25,'2023-11-09 18:17:24',5.32),
(2,25,'2024-03-08 18:17:24',5.30),
(2,25,'2024-04-12 18:17:24',5.36),
(2,25,'2024-04-19 18:17:24',4.49),
(2,25,'2024-04-26 18:17:24',5.30),
(2,25,'2024-06-14 18:17:24',5.25),
(2,25,'2024-06-21 18:17:24',4.28),
(2,25,'2024-07-12 18:17:24',5.33),
(2,25,'2024-07-19 18:17:24',4.69),
(2,25,'2024-07-26 18:17:24',4.65),
(2,25,'2024-08-02 18:17:24',4.48),
(2,25,'2024-08-09 18:17:24',4.28),
(2,25,'2024-10-11 18:17:24',5.33),
(2,25,'2024-11-15 18:17:24',5.36),
(2,25,'2024-11-22 18:17:24',4.63),
(2,25,'2024-11-29 18:17:24',5.36),
(2,25,'2024-12-20 18:17:24',5.48),
(2,25,'2024-12-27 18:17:24',4.63),
(2,26,'2022-10-14 18:17:40',5.50),
(2,26,'2022-11-18 18:17:40',5.40),
(2,26,'2022-11-25 18:17:40',4.68),
(2,26,'2022-12-16 18:17:40',5.40),
(2,26,'2022-12-23 18:17:40',4.28),
(2,26,'2023-01-20 18:17:40',5.40),
(2,26,'2023-01-27 18:17:40',4.74),
(2,26,'2023-02-03 18:17:40',4.50),
(2,26,'2023-03-30 18:17:40',5.40),
(2,26,'2023-04-06 18:17:40',4.56),
(2,26,'2023-05-11 18:17:40',5.40),
(2,26,'2023-05-18 18:17:40',5.44),
(2,26,'2023-06-01 18:17:40',5.38),
(2,26,'2023-06-08 18:17:40',4.39),
(2,26,'2023-08-03 18:17:40',5.38),
(2,26,'2023-10-12 18:17:40',5.44),
(2,26,'2023-10-19 18:17:40',4.76),
(2,26,'2023-10-26 18:17:40',5.44),
(2,26,'2023-12-07 18:17:40',5.33),
(2,26,'2023-12-28 18:17:40',5.27),
(2,26,'2024-01-04 18:17:40',4.02),
(2,26,'2024-02-15 18:17:40',5.27),
(2,26,'2024-03-08 18:17:40',5.25),
(2,26,'2024-04-19 18:17:40',5.27),
(2,26,'2024-04-26 18:17:40',4.47),
(2,26,'2024-05-17 18:17:40',5.36),
(2,26,'2024-05-24 18:17:40',4.77),
(2,26,'2024-08-23 18:17:40',5.34),
(2,26,'2024-08-30 18:17:40',5.38),
(2,26,'2024-10-11 18:17:40',5.49),
(2,26,'2024-10-18 18:17:40',5.51),
(2,26,'2024-11-01 18:17:40',5.54),
(2,26,'2024-11-08 18:17:40',4.19),
(2,26,'2024-12-13 18:17:40',5.54),
(2,26,'2024-12-20 18:17:40',5.53),
(2,26,'2024-12-27 18:17:40',5.52),
(2,27,'2022-10-07 18:17:49',5.79),
(2,27,'2022-10-28 18:17:49',5.83),
(2,27,'2022-12-09 18:17:49',5.84),
(2,27,'2022-12-23 18:17:49',5.82),
(2,27,'2023-02-24 18:17:49',5.86),
(2,27,'2023-06-08 18:17:49',5.88),
(2,27,'2023-06-15 18:17:49',6.07),
(2,27,'2023-06-22 18:17:49',4.99),
(2,27,'2023-06-29 18:17:49',5.98),
(2,27,'2023-07-13 18:17:49',5.99),
(2,27,'2023-07-27 18:17:49',6.00),
(2,27,'2023-08-10 18:17:49',5.95),
(2,27,'2023-08-17 18:17:49',4.95),
(2,27,'2023-11-16 18:17:49',5.95),
(2,27,'2023-11-23 18:17:49',4.65),
(2,27,'2024-01-11 18:17:49',5.95),
(2,27,'2024-02-22 18:17:49',6.00),
(2,27,'2024-03-29 18:17:49',5.95),
(2,27,'2024-07-12 18:17:49',6.04),
(2,27,'2024-07-19 18:17:49',4.99),
(2,27,'2024-08-02 18:17:49',6.04),
(2,27,'2024-10-04 18:17:49',6.16),
(2,27,'2024-12-20 18:17:49',6.18),
(2,28,'2022-10-07 18:18:00',4.05),
(2,28,'2022-10-14 18:18:00',3.39),
(2,28,'2022-10-21 18:18:00',4.05),
(2,28,'2022-11-11 18:18:00',4.02),
(2,28,'2022-11-25 18:18:00',4.10),
(2,28,'2022-12-16 18:18:00',4.08),
(2,28,'2022-12-23 18:18:00',3.39),
(2,28,'2023-01-20 18:18:00',4.08),
(2,28,'2023-01-27 18:18:00',4.07),
(2,28,'2023-02-03 18:18:00',4.14),
(2,28,'2023-04-06 18:18:00',4.29),
(2,28,'2023-04-27 18:18:00',4.17),
(2,28,'2023-06-08 18:18:00',4.04),
(2,28,'2023-06-15 18:18:00',3.16),
(2,28,'2023-08-03 18:18:00',4.04),
(2,28,'2023-08-10 18:18:00',4.01),
(2,28,'2023-08-17 18:18:00',4.10),
(2,28,'2023-09-07 18:18:00',4.08),
(2,28,'2023-09-14 18:18:00',3.16),
(2,28,'2023-10-05 18:18:00',4.08),
(2,28,'2023-10-12 18:18:00',3.16),
(2,28,'2023-11-09 18:18:00',4.08),
(2,28,'2023-11-16 18:18:00',3.36),
(2,28,'2023-12-07 18:18:00',4.07),
(2,28,'2023-12-14 18:18:00',3.24),
(2,28,'2023-12-21 18:18:00',3.39),
(2,28,'2023-12-28 18:18:00',4.07),
(2,28,'2024-01-04 18:18:00',2.88),
(2,28,'2024-01-18 18:18:00',4.12),
(2,28,'2024-01-25 18:18:00',3.39),
(2,28,'2024-02-22 18:18:00',4.12),
(2,28,'2024-03-08 18:18:00',4.27),
(2,28,'2024-03-15 18:18:00',3.39),
(2,28,'2024-04-26 18:18:00',4.27),
(2,28,'2024-05-03 18:18:00',3.39),
(2,28,'2024-05-10 18:18:00',4.27),
(2,28,'2024-05-17 18:18:00',3.19),
(2,28,'2024-05-31 18:18:00',4.27),
(2,28,'2024-07-12 18:18:00',4.26),
(2,28,'2024-08-09 18:18:00',4.34),
(2,28,'2024-08-16 18:18:00',3.19),
(2,28,'2024-08-23 18:18:00',4.34),
(2,28,'2024-10-11 18:18:00',4.32),
(2,28,'2024-10-18 18:18:00',3.12),
(2,28,'2024-11-01 18:18:00',4.32),
(2,28,'2024-11-29 18:18:00',4.38),
(2,29,'2023-01-20 18:18:17',3.38),
(2,29,'2023-02-10 18:18:17',3.33),
(2,29,'2023-02-24 18:18:17',3.30),
(2,29,'2023-03-02 18:18:17',2.77),
(2,29,'2023-03-16 18:18:17',3.30),
(2,29,'2023-03-23 18:18:17',2.48),
(2,29,'2023-04-13 18:18:17',3.30),
(2,29,'2023-04-27 18:18:17',3.24),
(2,29,'2023-08-31 18:18:17',3.28),
(2,29,'2023-09-21 18:18:17',3.27),
(2,29,'2023-09-28 18:18:17',2.64),
(2,29,'2023-10-05 18:18:17',3.27),
(2,29,'2023-10-12 18:18:17',3.21),
(2,29,'2023-10-19 18:18:17',2.68),
(2,29,'2023-10-26 18:18:17',2.56),
(2,29,'2023-11-09 18:18:17',3.17),
(2,29,'2023-11-23 18:18:17',3.26),
(2,29,'2023-11-30 18:18:17',2.78),
(2,29,'2023-12-14 18:18:17',3.26),
(2,29,'2024-01-04 18:18:17',3.27),
(2,29,'2024-02-08 18:18:17',3.40),
(2,29,'2024-02-15 18:18:17',3.00),
(2,29,'2024-04-19 18:18:17',3.40),
(2,29,'2024-05-03 18:18:17',3.47),
(2,29,'2024-05-10 18:18:17',3.00),
(2,29,'2024-05-17 18:18:17',2.91),
(2,29,'2024-05-24 18:18:17',3.47),
(2,29,'2024-05-31 18:18:17',3.45),
(2,29,'2024-06-07 18:18:17',2.78),
(2,29,'2024-07-12 18:18:17',3.54),
(2,29,'2024-08-09 18:18:17',3.57),
(2,29,'2024-09-27 18:18:17',3.62),
(2,29,'2024-10-04 18:18:17',3.00),
(2,29,'2024-11-29 18:18:17',3.62),
(2,30,'2022-10-14 18:18:39',5.66),
(2,30,'2022-10-21 18:18:39',4.01),
(2,30,'2022-11-18 18:18:39',5.66),
(2,30,'2022-11-25 18:18:39',4.21),
(2,30,'2023-03-02 18:18:39',5.66),
(2,30,'2023-03-09 18:18:39',5.63),
(2,30,'2023-03-16 18:18:39',5.59),
(2,30,'2023-04-27 18:18:39',5.69),
(2,30,'2023-06-15 18:18:39',5.61),
(2,30,'2023-06-22 18:18:39',4.20),
(2,30,'2023-07-06 18:18:39',5.61),
(2,30,'2023-07-13 18:18:39',4.00),
(2,30,'2023-07-20 18:18:39',5.61),
(2,30,'2023-08-03 18:18:39',5.55),
(2,30,'2023-08-17 18:18:39',5.50),
(2,30,'2023-09-21 18:18:39',5.45),
(2,30,'2023-09-28 18:18:39',3.82),
(2,30,'2023-10-19 18:18:39',5.45),
(2,30,'2024-01-04 18:18:39',5.53),
(2,30,'2024-01-11 18:18:39',4.26),
(2,30,'2024-02-01 18:18:39',5.41),
(2,30,'2024-02-22 18:18:39',5.32),
(2,30,'2024-03-15 18:18:39',5.28),
(2,30,'2024-04-12 18:18:39',5.31),
(2,30,'2024-04-19 18:18:39',5.15),
(2,30,'2024-04-26 18:18:39',3.58),
(2,30,'2024-08-30 18:18:39',5.35),
(2,30,'2024-09-06 18:18:39',5.42),
(2,30,'2024-11-22 18:18:39',5.41),
(2,30,'2024-11-29 18:18:39',5.56),
(2,30,'2024-12-06 18:18:39',3.76),
(2,30,'2024-12-20 18:18:39',5.56),
(3,1,'2022-10-14 14:50:38',13.23),
(3,1,'2022-10-21 14:50:38',13.11),
(3,1,'2022-11-18 14:50:38',13.35),
(3,1,'2023-01-13 14:50:38',13.42),
(3,1,'2023-01-20 14:50:38',9.24),
(3,1,'2023-02-10 14:50:38',13.42),
(3,1,'2023-02-17 14:50:38',11.23),
(3,1,'2023-03-16 14:50:38',13.42),
(3,1,'2023-05-04 14:50:38',13.51),
(3,1,'2023-05-11 14:50:38',13.48),
(3,1,'2023-05-18 14:50:38',8.10),
(3,1,'2023-06-01 14:50:38',13.48),
(3,1,'2023-06-15 14:50:38',13.43),
(3,1,'2023-06-22 14:50:38',11.43),
(3,1,'2023-06-29 14:50:38',13.34),
(3,1,'2023-07-06 14:50:38',13.43),
(3,1,'2023-07-13 14:50:38',10.37),
(3,1,'2023-07-20 14:50:38',11.49),
(3,1,'2023-07-27 14:50:38',9.76),
(3,1,'2023-08-10 14:50:38',13.43),
(3,1,'2023-08-17 14:50:38',11.75),
(3,1,'2023-10-12 14:50:38',13.43),
(3,1,'2023-10-19 14:50:38',13.54),
(3,1,'2023-10-26 14:50:38',9.87),
(3,1,'2023-11-02 14:50:38',13.54),
(3,1,'2023-11-09 14:50:38',8.47),
(3,1,'2023-11-23 14:50:38',13.54),
(3,1,'2023-11-30 14:50:38',11.27),
(3,1,'2024-01-11 14:50:38',13.54),
(3,1,'2024-02-08 14:50:38',13.46),
(3,1,'2024-03-01 14:50:38',13.57),
(3,1,'2024-04-26 14:50:38',13.51),
(3,1,'2024-05-03 14:50:38',11.04),
(3,1,'2024-05-10 14:50:38',11.15),
(3,1,'2024-05-31 14:50:38',13.51),
(3,1,'2024-06-07 14:50:38',10.91),
(3,1,'2024-08-16 14:50:38',13.51),
(3,1,'2024-10-11 14:50:38',13.50),
(3,1,'2024-11-15 14:50:38',13.54),
(3,1,'2024-11-22 14:50:38',13.58),
(3,1,'2024-11-29 14:50:38',13.63),
(3,1,'2024-12-06 14:50:38',13.59),
(3,1,'2024-12-13 14:50:38',11.09),
(3,2,'2022-10-14 14:49:55',12.68),
(3,2,'2022-10-21 14:49:55',9.87),
(3,2,'2022-11-25 14:49:55',12.68),
(3,2,'2022-12-09 14:49:55',12.64),
(3,2,'2022-12-16 14:49:55',12.98),
(3,2,'2023-01-13 14:49:55',13.24),
(3,2,'2023-01-20 14:49:55',9.33),
(3,2,'2023-03-02 14:49:55',13.24),
(3,2,'2023-03-09 14:49:55',10.61),
(3,2,'2023-03-16 14:49:55',13.24),
(3,2,'2023-03-30 14:49:55',13.36),
(3,2,'2023-04-06 14:49:55',11.63),
(3,2,'2023-05-18 14:49:55',13.36),
(3,2,'2023-06-15 14:49:55',13.39),
(3,2,'2023-07-06 14:49:55',13.40),
(3,2,'2023-07-20 14:49:55',13.37),
(3,2,'2023-08-24 14:49:55',13.56),
(3,2,'2023-08-31 14:49:55',11.34),
(3,2,'2023-09-07 14:49:55',13.56),
(3,2,'2023-10-12 14:49:55',13.57),
(3,2,'2023-10-19 14:49:55',8.84),
(3,2,'2023-10-26 14:49:55',13.57),
(3,2,'2023-11-02 14:49:55',10.55),
(3,2,'2023-11-16 14:49:55',13.57),
(3,2,'2024-01-11 14:49:55',13.50),
(3,2,'2024-01-18 14:49:55',13.51),
(3,2,'2024-01-25 14:49:55',8.24),
(3,2,'2024-02-22 14:49:55',13.42),
(3,2,'2024-03-01 14:49:55',11.08),
(3,2,'2024-04-26 14:49:55',13.42),
(3,2,'2024-05-03 14:49:55',13.44),
(3,2,'2024-05-17 14:49:55',13.34),
(3,2,'2024-05-31 14:49:55',13.05),
(3,2,'2024-07-05 14:49:55',13.18),
(3,2,'2024-07-12 14:49:55',8.85),
(3,2,'2024-08-09 14:49:55',13.21),
(3,2,'2024-08-16 14:49:55',10.37),
(3,2,'2024-08-23 14:49:55',13.21),
(3,2,'2024-09-06 14:49:55',13.12),
(3,2,'2024-10-18 14:49:55',13.21),
(3,2,'2024-10-25 14:49:55',11.19),
(3,2,'2024-11-08 14:49:55',13.21),
(3,2,'2024-12-06 14:49:55',13.09),
(3,3,'2022-12-30 18:11:53',0.44),
(3,3,'2023-02-10 18:11:53',0.46),
(3,3,'2023-04-20 18:11:53',0.49),
(3,3,'2023-05-18 18:11:53',0.50),
(3,3,'2023-05-25 18:11:53',0.48),
(3,3,'2023-07-06 18:11:53',0.47),
(3,3,'2023-07-20 18:11:53',0.43),
(3,3,'2023-09-07 18:11:53',0.39),
(3,3,'2023-11-09 18:11:53',0.37),
(3,3,'2023-12-21 18:11:53',0.45),
(3,3,'2024-02-08 18:11:53',0.44),
(3,3,'2024-06-14 18:11:53',0.49),
(3,3,'2024-08-23 18:11:53',0.47),
(3,3,'2024-09-13 18:11:53',0.45),
(3,3,'2024-09-20 18:11:53',0.51),
(3,4,'2022-10-21 18:12:37',1.47),
(3,4,'2022-12-23 18:12:37',1.54),
(3,4,'2022-12-30 18:12:37',1.09),
(3,4,'2023-03-02 18:12:37',1.54),
(3,4,'2023-03-23 18:12:37',1.64),
(3,4,'2023-04-06 18:12:37',1.62),
(3,4,'2023-04-27 18:12:37',1.64),
(3,4,'2023-06-08 18:12:37',1.62),
(3,4,'2023-06-15 18:12:37',1.63),
(3,4,'2023-06-22 18:12:37',1.09),
(3,4,'2023-08-03 18:12:37',1.63),
(3,4,'2023-08-10 18:12:37',1.09),
(3,4,'2023-10-05 18:12:37',1.63),
(3,4,'2023-10-12 18:12:37',1.59),
(3,4,'2023-11-23 18:12:37',1.61),
(3,4,'2023-11-30 18:12:37',1.09),
(3,4,'2023-12-14 18:12:37',1.61),
(3,4,'2024-01-18 18:12:37',1.65),
(3,4,'2024-05-03 18:12:37',1.67),
(3,4,'2024-05-10 18:12:37',1.09),
(3,4,'2024-06-07 18:12:37',1.69),
(3,4,'2024-06-14 18:12:37',1.09),
(3,4,'2024-07-05 18:12:37',1.69),
(3,4,'2024-08-02 18:12:37',1.74),
(3,4,'2024-08-09 18:12:37',1.09),
(3,4,'2024-08-23 18:12:37',1.74),
(3,4,'2024-08-30 18:12:37',1.72),
(3,4,'2024-10-11 18:12:37',1.74),
(3,4,'2024-11-08 18:12:37',1.77),
(3,5,'2022-10-28 18:12:54',11.42),
(3,5,'2022-11-04 18:12:54',7.25),
(3,5,'2022-11-25 18:12:54',11.42),
(3,5,'2022-12-02 18:12:54',7.56),
(3,5,'2023-01-13 18:12:54',11.29),
(3,5,'2023-01-20 18:12:54',11.24),
(3,5,'2023-01-27 18:12:54',7.12),
(3,5,'2023-03-02 18:12:54',11.24),
(3,5,'2023-03-09 18:12:54',11.18),
(3,5,'2023-05-11 18:12:54',11.17),
(3,5,'2023-05-18 18:12:54',5.71),
(3,5,'2023-06-22 18:12:54',11.17),
(3,5,'2023-06-29 18:12:54',6.65),
(3,5,'2023-07-20 18:12:54',11.04),
(3,5,'2023-07-27 18:12:54',6.84),
(3,5,'2023-09-07 18:12:54',11.04),
(3,5,'2023-09-21 18:12:54',10.99),
(3,5,'2023-09-28 18:12:54',7.37),
(3,5,'2023-10-05 18:12:54',10.99),
(3,5,'2023-11-23 18:12:54',11.19),
(3,5,'2024-01-18 18:12:54',11.36),
(3,5,'2024-02-08 18:12:54',11.43),
(3,5,'2024-02-22 18:12:54',11.56),
(3,5,'2024-03-01 18:12:54',6.99),
(3,5,'2024-04-19 18:12:54',11.56),
(3,5,'2024-04-26 18:12:54',8.39),
(3,5,'2024-05-17 18:12:54',11.56),
(3,5,'2024-05-24 18:12:54',8.61),
(3,5,'2024-06-21 18:12:54',11.56),
(3,5,'2024-06-28 18:12:54',7.18),
(3,5,'2024-07-12 18:12:54',11.59),
(3,5,'2024-07-19 18:12:54',8.50),
(3,5,'2024-08-16 18:12:54',11.59),
(3,5,'2024-08-23 18:12:54',7.11),
(3,5,'2024-08-30 18:12:54',11.59),
(3,5,'2024-09-06 18:12:54',6.20),
(3,5,'2024-10-18 18:12:54',11.59),
(3,5,'2024-11-22 18:12:54',11.74),
(3,5,'2024-11-29 18:12:54',11.70),
(3,5,'2024-12-06 18:12:54',8.14),
(3,5,'2024-12-20 18:12:54',11.70),
(3,6,'2022-10-14 18:13:01',1.79),
(3,6,'2022-10-21 18:13:01',1.81),
(3,6,'2022-12-16 18:13:01',1.83),
(3,6,'2022-12-23 18:13:01',1.56),
(3,6,'2023-01-13 18:13:01',1.83),
(3,6,'2023-01-20 18:13:01',1.86),
(3,6,'2023-01-27 18:13:01',1.44),
(3,6,'2023-03-02 18:13:01',1.86),
(3,6,'2023-03-09 18:13:01',1.48),
(3,6,'2023-05-04 18:13:01',1.86),
(3,6,'2023-06-15 18:13:01',1.93),
(3,6,'2023-06-29 18:13:01',1.90),
(3,6,'2023-11-02 18:13:01',2.02),
(3,6,'2023-11-09 18:13:01',1.97),
(3,6,'2023-11-16 18:13:01',1.41),
(3,6,'2023-11-23 18:13:01',1.76),
(3,6,'2024-01-04 18:13:01',1.97),
(3,6,'2024-01-11 18:13:01',1.75),
(3,6,'2024-02-15 18:13:01',1.97),
(3,6,'2024-03-15 18:13:01',1.96),
(3,6,'2024-05-17 18:13:01',1.91),
(3,6,'2024-06-07 18:13:01',1.98),
(3,6,'2024-06-14 18:13:01',1.37),
(3,6,'2024-06-21 18:13:01',1.29),
(3,6,'2024-08-02 18:13:01',1.98),
(3,6,'2024-08-30 18:13:01',2.01),
(3,6,'2024-09-06 18:13:01',1.68),
(3,6,'2024-10-04 18:13:01',2.01),
(3,6,'2024-11-15 18:13:01',2.05),
(3,6,'2024-12-27 18:13:01',2.06),
(3,7,'2022-11-04 18:13:12',2.30),
(3,7,'2022-12-30 18:13:12',2.28),
(3,7,'2023-01-06 18:13:12',2.33),
(3,7,'2023-01-13 18:13:12',1.51),
(3,7,'2023-01-27 18:13:12',2.33),
(3,7,'2023-02-03 18:13:12',1.74),
(3,7,'2023-03-09 18:13:12',2.33),
(3,7,'2023-03-16 18:13:12',1.25),
(3,7,'2023-07-06 18:13:12',2.33),
(3,7,'2023-07-20 18:13:12',2.38),
(3,7,'2023-08-10 18:13:12',2.36),
(3,7,'2023-08-31 18:13:12',2.31),
(3,7,'2024-01-18 18:13:12',2.33),
(3,7,'2024-01-25 18:13:12',1.17),
(3,7,'2024-02-15 18:13:12',2.33),
(3,7,'2024-03-01 18:13:12',2.24),
(3,7,'2024-03-15 18:13:12',2.21),
(3,7,'2024-04-12 18:13:12',2.24),
(3,7,'2024-04-19 18:13:12',1.17),
(3,7,'2024-04-26 18:13:12',2.24),
(3,7,'2024-06-07 18:13:12',2.27),
(3,7,'2024-06-14 18:13:12',1.68),
(3,7,'2024-06-21 18:13:12',1.25),
(3,7,'2024-08-16 18:13:12',2.27),
(3,7,'2024-09-27 18:13:12',2.18),
(3,7,'2024-10-25 18:13:12',2.17),
(3,7,'2024-11-01 18:13:12',1.11),
(3,7,'2024-12-27 18:13:12',2.17),
(3,8,'2022-10-07 18:13:19',3.57),
(3,8,'2022-10-14 18:13:19',2.99),
(3,8,'2022-11-18 18:13:19',3.57),
(3,8,'2022-11-25 18:13:19',2.99),
(3,8,'2023-03-02 18:13:19',3.57),
(3,8,'2023-03-09 18:13:19',2.82),
(3,8,'2023-03-16 18:13:19',3.57),
(3,8,'2023-04-06 18:13:19',3.50),
(3,8,'2023-04-13 18:13:19',2.92),
(3,8,'2023-04-20 18:13:19',3.50),
(3,8,'2023-05-25 18:13:19',3.65),
(3,8,'2023-06-08 18:13:19',3.61),
(3,8,'2023-06-15 18:13:19',3.68),
(3,8,'2023-07-13 18:13:19',3.61),
(3,8,'2023-07-20 18:13:19',2.79),
(3,8,'2023-07-27 18:13:19',2.99),
(3,8,'2023-08-03 18:13:19',3.61),
(3,8,'2023-08-10 18:13:19',2.91),
(3,8,'2023-09-07 18:13:19',3.61),
(3,8,'2023-10-05 18:13:19',3.57),
(3,8,'2023-11-02 18:13:19',3.64),
(3,8,'2023-11-09 18:13:19',2.91),
(3,8,'2023-11-23 18:13:19',3.64),
(3,8,'2023-12-14 18:13:19',3.65),
(3,8,'2023-12-21 18:13:19',2.99),
(3,8,'2024-02-08 18:13:19',3.65),
(3,8,'2024-02-15 18:13:19',2.97),
(3,8,'2024-02-22 18:13:19',3.65),
(3,8,'2024-03-01 18:13:19',3.58),
(3,8,'2024-03-15 18:13:19',3.54),
(3,8,'2024-03-22 18:13:19',2.99),
(3,8,'2024-04-26 18:13:19',3.54),
(3,8,'2024-08-09 18:13:19',3.60),
(3,8,'2024-08-16 18:13:19',2.80),
(3,8,'2024-09-20 18:13:19',3.60),
(3,8,'2024-09-27 18:13:19',2.98),
(3,8,'2024-10-11 18:13:19',3.60),
(3,8,'2024-10-18 18:13:19',2.99),
(3,8,'2024-10-25 18:13:19',3.60),
(3,9,'2022-10-14 18:13:26',2.52),
(3,9,'2022-12-09 18:13:26',2.54),
(3,9,'2022-12-16 18:13:26',2.49),
(3,9,'2023-02-03 18:13:26',2.57),
(3,9,'2023-02-10 18:13:26',2.03),
(3,9,'2023-02-24 18:13:26',2.49),
(3,9,'2023-03-02 18:13:26',2.13),
(3,9,'2023-03-09 18:13:26',2.49),
(3,9,'2023-03-30 18:13:26',2.64),
(3,9,'2023-04-06 18:13:26',2.54),
(3,9,'2023-04-13 18:13:26',2.01),
(3,9,'2023-04-27 18:13:26',2.54),
(3,9,'2023-05-04 18:13:26',2.24),
(3,9,'2023-05-11 18:13:26',1.81),
(3,9,'2023-05-18 18:13:26',2.54),
(3,9,'2023-05-25 18:13:26',2.62),
(3,9,'2023-06-01 18:13:26',2.22),
(3,9,'2023-06-15 18:13:26',2.62),
(3,9,'2023-06-22 18:13:26',2.26),
(3,9,'2023-08-17 18:13:26',2.62),
(3,9,'2023-08-24 18:13:26',1.75),
(3,9,'2023-08-31 18:13:26',2.17),
(3,9,'2023-09-14 18:13:26',2.62),
(3,9,'2023-11-16 18:13:26',2.54),
(3,9,'2023-11-23 18:13:26',2.20),
(3,9,'2023-11-30 18:13:26',2.54),
(3,9,'2023-12-07 18:13:26',2.27),
(3,9,'2023-12-14 18:13:26',2.54),
(3,9,'2024-01-18 18:13:26',2.49),
(3,9,'2024-01-25 18:13:26',1.96),
(3,9,'2024-02-01 18:13:26',2.49),
(3,9,'2024-02-15 18:13:26',2.53),
(3,9,'2024-02-22 18:13:26',1.81),
(3,9,'2024-03-01 18:13:26',1.72),
(3,9,'2024-04-26 18:13:26',2.53),
(3,9,'2024-06-07 18:13:26',2.70),
(3,9,'2024-06-14 18:13:26',2.29),
(3,9,'2024-06-21 18:13:26',2.72),
(3,9,'2024-08-23 18:13:26',2.64),
(3,9,'2024-08-30 18:13:26',2.81),
(3,9,'2024-09-13 18:13:26',2.68),
(3,9,'2024-09-20 18:13:26',1.93),
(3,9,'2024-10-04 18:13:26',2.68),
(3,9,'2024-10-11 18:13:26',1.76),
(3,9,'2024-10-18 18:13:26',2.13),
(3,9,'2024-12-06 18:13:26',2.68),
(3,9,'2024-12-20 18:13:26',2.71),
(3,9,'2024-12-27 18:13:26',2.80),
(3,10,'2022-10-21 18:13:35',14.64),
(3,10,'2023-01-06 18:13:35',14.60),
(3,10,'2023-02-10 18:13:35',14.52),
(3,10,'2023-03-16 18:13:35',14.70),
(3,10,'2023-03-30 18:13:35',14.75),
(3,10,'2023-04-06 18:13:35',14.86),
(3,10,'2023-05-04 18:13:35',14.72),
(3,10,'2023-05-11 18:13:35',14.61),
(3,10,'2023-05-18 18:13:35',14.76),
(3,10,'2023-05-25 18:13:35',5.76),
(3,10,'2023-07-20 18:13:35',14.76),
(3,10,'2023-07-27 18:13:35',8.13),
(3,10,'2023-08-03 18:13:35',8.26),
(3,10,'2023-09-07 18:13:35',14.76),
(3,10,'2023-09-14 18:13:35',8.43),
(3,10,'2023-10-05 18:13:35',14.74),
(3,10,'2023-11-23 18:13:35',14.60),
(3,10,'2023-12-21 18:13:35',14.79),
(3,10,'2023-12-28 18:13:35',5.96),
(3,10,'2024-01-18 18:13:35',14.79),
(3,10,'2024-02-08 18:13:35',14.64),
(3,10,'2024-03-08 18:13:35',14.67),
(3,10,'2024-03-15 18:13:35',14.71),
(3,10,'2024-03-22 18:13:35',14.76),
(3,10,'2024-04-05 18:13:35',14.80),
(3,10,'2024-05-03 18:13:35',14.69),
(3,10,'2024-06-07 18:13:35',14.84),
(3,10,'2024-06-14 18:13:35',5.77),
(3,10,'2024-07-26 18:13:35',14.84),
(3,10,'2024-08-02 18:13:35',10.92),
(3,10,'2024-09-20 18:13:35',14.75),
(3,10,'2024-12-20 18:13:35',14.66),
(3,10,'2024-12-27 18:13:35',12.42),
(3,11,'2022-10-14 18:13:42',4.54),
(3,11,'2023-01-13 18:13:42',4.63),
(3,11,'2023-02-03 18:13:42',4.74),
(3,11,'2023-02-24 18:13:42',4.89),
(3,11,'2023-03-02 18:13:42',2.75),
(3,11,'2023-06-22 18:13:42',4.89),
(3,11,'2023-07-06 18:13:42',4.75),
(3,11,'2023-07-20 18:13:42',4.78),
(3,11,'2023-07-27 18:13:42',4.92),
(3,11,'2023-08-03 18:13:42',4.80),
(3,11,'2023-08-10 18:13:42',2.97),
(3,11,'2023-11-09 18:13:42',4.78),
(3,11,'2023-11-23 18:13:42',4.73),
(3,11,'2024-01-11 18:13:42',4.64),
(3,11,'2024-01-18 18:13:42',3.22),
(3,11,'2024-05-03 18:13:42',4.64),
(3,11,'2024-05-10 18:13:42',3.39),
(3,11,'2024-07-19 18:13:42',4.64),
(3,11,'2024-07-26 18:13:42',4.75),
(3,11,'2024-08-23 18:13:42',4.59),
(3,11,'2024-09-13 18:13:42',4.71),
(3,11,'2024-09-27 18:13:42',4.64),
(3,11,'2024-10-04 18:13:42',3.39),
(3,11,'2024-10-18 18:13:42',4.64),
(3,11,'2024-10-25 18:13:42',2.48),
(3,11,'2024-11-15 18:13:42',4.64),
(3,12,'2022-10-21 18:13:52',8.97),
(3,12,'2022-11-04 18:13:52',8.86),
(3,12,'2022-12-02 18:13:52',8.76),
(3,12,'2023-02-03 18:13:52',8.65),
(3,12,'2023-02-10 18:13:52',8.64),
(3,12,'2023-04-06 18:13:52',8.72),
(3,12,'2023-04-13 18:13:52',7.50),
(3,12,'2023-06-01 18:13:52',8.72),
(3,12,'2023-06-15 18:13:52',8.80),
(3,12,'2023-06-22 18:13:52',7.50),
(3,12,'2023-06-29 18:13:52',8.85),
(3,12,'2023-07-27 18:13:52',9.03),
(3,12,'2023-08-31 18:13:52',9.01),
(3,12,'2023-09-07 18:13:52',6.89),
(3,12,'2023-10-05 18:13:52',9.01),
(3,12,'2023-10-19 18:13:52',8.90),
(3,12,'2023-10-26 18:13:52',7.50),
(3,12,'2023-11-02 18:13:52',8.90),
(3,12,'2023-11-09 18:13:52',6.93),
(3,12,'2024-01-11 18:13:52',8.86),
(3,12,'2024-01-18 18:13:52',9.13),
(3,12,'2024-02-22 18:13:52',9.25),
(3,12,'2024-03-08 18:13:52',9.26),
(3,12,'2024-03-15 18:13:52',7.29),
(3,12,'2024-03-22 18:13:52',9.26),
(3,12,'2024-05-03 18:13:52',9.15),
(3,12,'2024-06-21 18:13:52',9.23),
(3,12,'2024-06-28 18:13:52',9.15),
(3,12,'2024-07-12 18:13:52',9.24),
(3,12,'2024-07-26 18:13:52',9.16),
(3,12,'2024-08-09 18:13:52',9.26),
(3,12,'2024-08-16 18:13:52',7.33),
(3,12,'2024-08-23 18:13:52',7.50),
(3,12,'2024-09-06 18:13:52',9.26),
(3,12,'2024-11-15 18:13:52',9.34),
(3,13,'2022-10-07 18:14:01',3.74),
(3,13,'2022-10-21 18:14:01',3.77),
(3,13,'2022-10-28 18:14:01',3.30),
(3,13,'2022-11-25 18:14:01',3.77),
(3,13,'2022-12-02 18:14:01',2.97),
(3,13,'2023-01-06 18:14:01',3.77),
(3,13,'2023-01-20 18:14:01',3.71),
(3,13,'2023-01-27 18:14:01',3.74),
(3,13,'2023-03-23 18:14:01',3.83),
(3,13,'2023-03-30 18:14:01',3.36),
(3,13,'2023-04-06 18:14:01',2.74),
(3,13,'2023-04-27 18:14:01',3.83),
(3,13,'2023-05-25 18:14:01',3.80),
(3,13,'2023-06-01 18:14:01',3.12),
(3,13,'2023-06-15 18:14:01',3.80),
(3,13,'2023-06-22 18:14:01',2.78),
(3,13,'2023-07-13 18:14:01',3.80),
(3,13,'2023-07-20 18:14:01',3.88),
(3,13,'2023-07-27 18:14:01',2.84),
(3,13,'2023-08-17 18:14:01',3.88),
(3,13,'2023-12-28 18:14:01',3.86),
(3,13,'2024-01-25 18:14:01',3.90),
(3,13,'2024-02-15 18:14:01',3.84),
(3,13,'2024-02-22 18:14:01',3.80),
(3,13,'2024-03-01 18:14:01',3.05),
(3,13,'2024-03-08 18:14:01',3.40),
(3,13,'2024-03-15 18:14:01',3.05),
(3,13,'2024-03-29 18:14:01',3.80),
(3,13,'2024-04-05 18:14:01',3.02),
(3,13,'2024-04-26 18:14:01',3.82),
(3,13,'2024-05-03 18:14:01',3.38),
(3,13,'2024-05-24 18:14:01',3.82),
(3,13,'2024-05-31 18:14:01',3.27),
(3,13,'2024-06-14 18:14:01',3.82),
(3,13,'2024-07-05 18:14:01',3.76),
(3,13,'2024-07-26 18:14:01',3.70),
(3,13,'2024-08-02 18:14:01',2.86),
(3,13,'2024-08-09 18:14:01',3.70),
(3,13,'2024-10-18 18:14:01',3.63),
(3,14,'2022-10-28 18:14:09',1.64),
(3,14,'2022-11-04 18:14:09',1.67),
(3,14,'2022-11-11 18:14:09',1.29),
(3,14,'2023-02-03 18:14:09',1.62),
(3,14,'2023-02-17 18:14:09',1.60),
(3,14,'2023-02-24 18:14:09',1.35),
(3,14,'2023-03-02 18:14:09',1.60),
(3,14,'2023-05-11 18:14:09',1.57),
(3,14,'2023-05-18 18:14:09',1.21),
(3,14,'2023-07-13 18:14:09',1.57),
(3,14,'2023-07-20 18:14:09',1.28),
(3,14,'2023-08-03 18:14:09',1.57),
(3,14,'2023-08-10 18:14:09',1.23),
(3,14,'2023-08-31 18:14:09',1.53),
(3,14,'2023-10-19 18:14:09',1.51),
(3,14,'2024-01-04 18:14:09',1.52),
(3,14,'2024-01-11 18:14:09',1.27),
(3,14,'2024-02-01 18:14:09',1.47),
(3,14,'2024-03-29 18:14:09',1.53),
(3,14,'2024-04-12 18:14:09',1.48),
(3,14,'2024-04-19 18:14:09',1.12),
(3,14,'2024-05-17 18:14:09',1.48),
(3,14,'2024-08-02 18:14:09',1.50),
(3,14,'2024-08-30 18:14:09',1.44),
(3,14,'2024-12-13 18:14:09',1.50),
(3,15,'2022-10-14 18:14:17',6.99),
(3,15,'2022-10-28 18:14:17',7.20),
(3,15,'2022-11-04 18:14:17',6.43),
(3,15,'2022-12-16 18:14:17',7.27),
(3,15,'2022-12-23 18:14:17',7.41),
(3,15,'2023-01-27 18:14:17',7.49),
(3,15,'2023-02-03 18:14:17',5.94),
(3,15,'2023-02-17 18:14:17',7.49),
(3,15,'2023-03-02 18:14:17',7.52),
(3,15,'2023-03-16 18:14:17',7.62),
(3,15,'2023-03-23 18:14:17',7.55),
(3,15,'2023-03-30 18:14:17',5.94),
(3,15,'2023-05-11 18:14:17',7.55),
(3,15,'2023-08-17 18:14:17',7.62),
(3,15,'2023-08-24 18:14:17',6.58),
(3,15,'2023-09-21 18:14:17',7.62),
(3,15,'2023-09-28 18:14:17',6.97),
(3,15,'2024-02-15 18:14:17',7.62),
(3,15,'2024-03-15 18:14:17',7.71),
(3,15,'2024-04-05 18:14:17',7.91),
(3,15,'2024-04-12 18:14:17',7.81),
(3,15,'2024-05-31 18:14:17',7.94),
(3,15,'2024-06-14 18:14:17',8.02),
(3,15,'2024-08-02 18:14:17',7.96),
(3,15,'2024-08-09 18:14:17',6.82),
(3,15,'2024-08-16 18:14:17',6.99),
(3,15,'2024-08-30 18:14:17',7.96),
(3,15,'2024-09-06 18:14:17',6.61),
(3,15,'2024-10-18 18:14:17',7.96),
(3,15,'2024-11-01 18:14:17',7.82),
(3,16,'2022-10-14 18:14:26',2.23),
(3,16,'2022-10-21 18:14:26',2.25),
(3,16,'2023-01-13 18:14:26',2.27),
(3,16,'2023-05-25 18:14:26',2.25),
(3,16,'2023-06-01 18:14:26',1.99),
(3,16,'2023-06-22 18:14:26',2.29),
(3,16,'2023-08-03 18:14:26',2.30),
(3,16,'2023-08-10 18:14:26',2.34),
(3,16,'2023-09-21 18:14:26',2.36),
(3,16,'2023-10-05 18:14:26',2.40),
(3,16,'2023-11-09 18:14:26',2.33),
(3,16,'2023-11-16 18:14:26',1.98),
(3,16,'2023-11-30 18:14:26',2.33),
(3,16,'2023-12-07 18:14:26',1.99),
(3,16,'2023-12-21 18:14:26',2.33),
(3,16,'2024-01-25 18:14:26',2.37),
(3,16,'2024-02-01 18:14:26',1.99),
(3,16,'2024-03-01 18:14:26',2.37),
(3,16,'2024-03-08 18:14:26',1.99),
(3,16,'2024-03-29 18:14:26',2.37),
(3,16,'2024-04-19 18:14:26',2.36),
(3,16,'2024-04-26 18:14:26',1.99),
(3,16,'2024-05-10 18:14:26',2.36),
(3,16,'2024-05-24 18:14:26',2.27),
(3,16,'2024-05-31 18:14:26',1.99),
(3,16,'2024-06-14 18:14:26',2.27),
(3,16,'2024-08-02 18:14:26',2.32),
(3,16,'2024-08-09 18:14:26',1.99),
(3,16,'2024-09-20 18:14:26',2.32),
(3,16,'2024-11-29 18:14:26',2.43),
(3,16,'2024-12-27 18:14:26',2.42),
(3,17,'2022-10-07 18:14:36',1.93),
(3,17,'2022-10-14 18:14:36',1.55),
(3,17,'2022-12-02 18:14:36',1.93),
(3,17,'2022-12-16 18:14:36',1.59),
(3,17,'2023-03-09 18:14:36',1.93),
(3,17,'2023-03-16 18:14:36',1.37),
(3,17,'2023-04-06 18:14:36',1.93),
(3,17,'2023-05-04 18:14:36',1.90),
(3,17,'2023-05-11 18:14:36',1.59),
(3,17,'2023-05-18 18:14:36',1.90),
(3,17,'2023-05-25 18:14:36',1.94),
(3,17,'2023-06-01 18:14:36',1.59),
(3,17,'2023-06-08 18:14:36',1.94),
(3,17,'2023-08-17 18:14:36',1.98),
(3,17,'2023-08-24 18:14:36',2.04),
(3,17,'2023-08-31 18:14:36',1.59),
(3,17,'2023-09-14 18:14:36',2.04),
(3,17,'2023-09-21 18:14:36',1.47),
(3,17,'2023-10-26 18:14:36',2.04),
(3,17,'2024-02-22 18:14:36',2.07),
(3,17,'2024-03-01 18:14:36',2.04),
(3,17,'2024-05-10 18:14:36',2.08),
(3,17,'2024-05-17 18:14:36',2.16),
(3,17,'2024-06-07 18:14:36',2.22),
(3,17,'2024-07-05 18:14:36',1.59),
(3,17,'2024-10-11 18:14:36',2.22),
(3,17,'2024-10-18 18:14:36',1.59),
(3,17,'2024-11-22 18:14:36',2.22),
(3,17,'2024-12-06 18:14:36',2.20),
(3,17,'2024-12-20 18:14:36',2.18),
(3,17,'2024-12-27 18:14:36',1.59),
(3,18,'2022-11-04 18:14:53',4.49),
(3,18,'2022-11-11 18:14:53',3.18),
(3,18,'2022-11-18 18:14:53',4.49),
(3,18,'2022-11-25 18:14:53',3.44),
(3,18,'2022-12-30 18:14:53',4.49),
(3,18,'2023-01-13 18:14:53',4.56),
(3,18,'2023-02-03 18:14:53',4.58),
(3,18,'2023-02-17 18:14:53',4.59),
(3,18,'2023-02-24 18:14:53',4.62),
(3,18,'2023-03-02 18:14:53',3.93),
(3,18,'2023-03-09 18:14:53',4.62),
(3,18,'2023-04-06 18:14:53',4.69),
(3,18,'2023-04-13 18:14:53',3.33),
(3,18,'2023-05-11 18:14:53',4.69),
(3,18,'2023-05-18 18:14:53',3.44),
(3,18,'2023-08-17 18:14:53',4.63),
(3,18,'2023-08-31 18:14:53',4.67),
(3,18,'2023-09-07 18:14:53',4.73),
(3,18,'2023-09-14 18:14:53',3.54),
(3,18,'2023-09-21 18:14:53',3.42),
(3,18,'2023-09-28 18:14:53',4.73),
(3,18,'2023-10-12 18:14:53',4.69),
(3,18,'2023-10-19 18:14:53',3.38),
(3,18,'2023-11-16 18:14:53',4.69),
(3,18,'2023-11-23 18:14:53',4.12),
(3,18,'2023-12-07 18:14:53',4.69),
(3,18,'2023-12-21 18:14:53',4.55),
(3,18,'2023-12-28 18:14:53',3.37),
(3,18,'2024-01-04 18:14:53',3.95),
(3,18,'2024-01-25 18:14:53',4.55),
(3,18,'2024-02-01 18:14:53',3.69),
(3,18,'2024-03-15 18:14:53',4.55),
(3,18,'2024-03-22 18:14:53',4.50),
(3,18,'2024-04-05 18:14:53',4.49),
(3,18,'2024-04-12 18:14:53',3.83),
(3,18,'2024-05-03 18:14:53',4.49),
(3,18,'2024-05-10 18:14:53',3.85),
(3,18,'2024-08-16 18:14:53',4.49),
(3,18,'2024-08-30 18:14:53',4.53),
(3,18,'2024-09-27 18:14:53',4.49),
(3,18,'2024-10-04 18:14:53',4.52),
(3,18,'2024-10-11 18:14:53',4.62),
(3,18,'2024-10-25 18:14:53',4.65),
(3,18,'2024-11-15 18:14:53',4.51),
(3,18,'2024-11-22 18:14:53',4.04),
(3,18,'2024-12-20 18:14:53',4.51),
(3,18,'2024-12-27 18:14:53',3.91),
(3,19,'2022-10-21 18:15:00',4.99),
(3,19,'2022-10-28 18:15:00',4.14),
(3,19,'2022-11-04 18:15:00',3.64),
(3,19,'2022-11-11 18:15:00',4.99),
(3,19,'2022-11-18 18:15:00',3.96),
(3,19,'2022-12-02 18:15:00',4.99),
(3,19,'2022-12-09 18:15:00',5.07),
(3,19,'2023-01-13 18:15:00',5.19),
(3,19,'2023-03-23 18:15:00',5.12),
(3,19,'2023-04-13 18:15:00',5.10),
(3,19,'2023-05-18 18:15:00',5.18),
(3,19,'2023-05-25 18:15:00',3.71),
(3,19,'2023-06-08 18:15:00',5.18),
(3,19,'2023-07-13 18:15:00',5.11),
(3,19,'2023-08-10 18:15:00',5.21),
(3,19,'2023-08-24 18:15:00',5.11),
(3,19,'2023-09-07 18:15:00',5.14),
(3,19,'2023-10-12 18:15:00',5.12),
(3,19,'2024-02-01 18:15:00',5.09),
(3,19,'2024-02-08 18:15:00',4.11),
(3,19,'2024-02-22 18:15:00',5.09),
(3,19,'2024-04-19 18:15:00',5.18),
(3,19,'2024-04-26 18:15:00',3.74),
(3,19,'2024-05-10 18:15:00',5.18),
(3,19,'2024-06-14 18:15:00',5.15),
(3,19,'2024-06-28 18:15:00',5.09),
(3,19,'2024-07-19 18:15:00',5.01),
(3,19,'2024-07-26 18:15:00',4.44),
(3,19,'2024-08-16 18:15:00',5.01),
(3,19,'2024-08-23 18:15:00',3.70),
(3,19,'2024-08-30 18:15:00',4.31),
(3,19,'2024-11-01 18:15:00',5.01),
(3,19,'2024-11-08 18:15:00',3.90),
(3,19,'2024-11-29 18:15:00',5.01),
(3,19,'2024-12-20 18:15:00',4.99),
(3,20,'2022-10-14 18:15:06',5.79),
(3,20,'2022-10-21 18:15:06',5.10),
(3,20,'2022-10-28 18:15:06',5.79),
(3,20,'2022-11-04 18:15:06',5.82),
(3,20,'2022-11-18 18:15:06',5.85),
(3,20,'2022-11-25 18:15:06',4.46),
(3,20,'2022-12-02 18:15:06',4.14),
(3,20,'2022-12-30 18:15:06',5.85),
(3,20,'2023-02-10 18:15:06',5.98),
(3,20,'2023-04-06 18:15:06',5.86),
(3,20,'2023-06-08 18:15:06',5.82),
(3,20,'2023-06-15 18:15:06',4.58),
(3,20,'2023-07-06 18:15:06',5.82),
(3,20,'2023-08-03 18:15:06',5.80),
(3,20,'2023-08-17 18:15:06',5.79),
(3,20,'2023-08-24 18:15:06',4.78),
(3,20,'2023-09-14 18:15:06',5.79),
(3,20,'2023-09-21 18:15:06',4.45),
(3,20,'2023-10-05 18:15:06',5.79),
(3,20,'2023-10-12 18:15:06',4.41),
(3,20,'2023-10-26 18:15:06',5.96),
(3,20,'2023-11-02 18:15:06',4.75),
(3,20,'2024-03-01 18:15:06',5.96),
(3,20,'2024-03-22 18:15:06',5.95),
(3,20,'2024-03-29 18:15:06',5.89),
(3,20,'2024-04-05 18:15:06',5.17),
(3,20,'2024-05-31 18:15:06',5.89),
(3,20,'2024-06-14 18:15:06',5.86),
(3,20,'2024-07-05 18:15:06',5.95),
(3,20,'2024-07-12 18:15:06',4.55),
(3,20,'2024-08-09 18:15:06',5.95),
(3,20,'2024-08-30 18:15:06',5.97),
(3,20,'2024-09-20 18:15:06',6.07),
(3,20,'2024-09-27 18:15:06',6.17),
(3,20,'2024-10-04 18:15:06',4.50),
(3,20,'2024-11-29 18:15:06',6.22),
(3,20,'2024-12-20 18:15:06',6.17),
(3,20,'2024-12-27 18:15:06',6.08),
(3,21,'2022-11-18 18:15:13',6.93),
(3,21,'2022-11-25 18:15:13',5.58),
(3,21,'2022-12-02 18:15:13',6.94),
(3,21,'2022-12-16 18:15:13',7.02),
(3,21,'2022-12-23 18:15:13',6.96),
(3,21,'2022-12-30 18:15:13',5.81),
(3,21,'2023-01-06 18:15:13',6.96),
(3,21,'2023-02-10 18:15:13',6.82),
(3,21,'2023-02-17 18:15:13',5.95),
(3,21,'2023-03-02 18:15:13',6.82),
(3,21,'2023-03-23 18:15:13',6.91),
(3,21,'2023-03-30 18:15:13',6.88),
(3,21,'2023-04-06 18:15:13',5.81),
(3,21,'2023-04-20 18:15:13',6.88),
(3,21,'2023-06-15 18:15:13',6.98),
(3,21,'2023-06-29 18:15:13',7.02),
(3,21,'2023-07-06 18:15:13',4.91),
(3,21,'2023-07-20 18:15:13',7.02),
(3,21,'2023-08-03 18:15:13',7.11),
(3,21,'2023-08-10 18:15:13',5.09),
(3,21,'2023-08-17 18:15:13',7.11),
(3,21,'2023-08-31 18:15:13',7.14),
(3,21,'2023-09-14 18:15:13',7.05),
(3,21,'2023-09-21 18:15:13',5.38),
(3,21,'2023-10-12 18:15:13',7.05),
(3,21,'2023-11-16 18:15:13',7.03),
(3,21,'2023-12-21 18:15:13',6.96),
(3,21,'2024-01-11 18:15:13',6.90),
(3,21,'2024-02-22 18:15:13',6.93),
(3,21,'2024-03-01 18:15:13',5.84),
(3,21,'2024-03-15 18:15:13',6.93),
(3,21,'2024-04-12 18:15:13',6.82),
(3,21,'2024-06-28 18:15:13',6.85),
(3,21,'2024-07-05 18:15:13',6.11),
(3,21,'2024-07-19 18:15:13',6.85),
(3,21,'2024-08-09 18:15:13',6.95),
(3,21,'2024-08-16 18:15:13',4.90),
(3,21,'2024-08-23 18:15:13',6.95),
(3,21,'2024-09-13 18:15:13',6.92),
(3,21,'2024-09-20 18:15:13',7.03),
(3,21,'2024-10-18 18:15:13',7.02),
(3,21,'2024-11-22 18:15:13',7.22),
(3,21,'2024-11-29 18:15:13',5.50),
(3,21,'2024-12-13 18:15:13',7.20),
(3,21,'2024-12-20 18:15:13',5.37),
(3,22,'2023-01-13 18:15:24',2.49),
(3,22,'2023-02-17 18:15:24',2.53),
(3,22,'2023-03-02 18:15:24',2.50),
(3,22,'2023-03-09 18:15:24',2.49),
(3,22,'2023-03-16 18:15:24',2.55),
(3,22,'2023-03-23 18:15:24',2.59),
(3,22,'2023-03-30 18:15:24',2.64),
(3,22,'2023-04-06 18:15:24',2.66),
(3,22,'2023-04-20 18:15:24',2.61),
(3,22,'2023-04-27 18:15:24',2.58),
(3,22,'2023-05-04 18:15:24',2.66),
(3,22,'2023-05-25 18:15:24',2.54),
(3,22,'2023-06-01 18:15:24',2.57),
(3,22,'2023-06-22 18:15:24',2.58),
(3,22,'2023-08-03 18:15:24',2.67),
(3,22,'2023-09-21 18:15:24',2.71),
(3,22,'2023-09-28 18:15:24',2.60),
(3,22,'2023-10-19 18:15:24',2.65),
(3,22,'2023-10-26 18:15:24',2.63),
(3,22,'2023-11-02 18:15:24',2.77),
(3,22,'2023-11-09 18:15:24',2.64),
(3,22,'2023-11-16 18:15:24',2.67),
(3,22,'2024-01-11 18:15:24',2.62),
(3,22,'2024-01-18 18:15:24',2.64),
(3,22,'2024-01-25 18:15:24',2.81),
(3,22,'2024-02-08 18:15:24',2.86),
(3,22,'2024-03-08 18:15:24',2.81),
(3,22,'2024-03-15 18:15:24',2.88),
(3,22,'2024-05-03 18:15:24',2.82),
(3,22,'2024-05-10 18:15:24',2.85),
(3,22,'2024-06-07 18:15:24',2.82),
(3,22,'2024-06-21 18:15:24',2.81),
(3,22,'2024-07-19 18:15:24',2.82),
(3,22,'2024-08-09 18:15:24',2.83),
(3,22,'2024-08-30 18:15:24',2.85),
(3,22,'2024-10-18 18:15:24',2.89),
(3,22,'2024-11-01 18:15:24',3.05),
(3,22,'2024-11-29 18:15:24',3.00),
(3,22,'2024-12-27 18:15:24',2.94),
(3,23,'2022-10-07 18:15:52',2.62),
(3,23,'2022-10-28 18:15:52',2.59),
(3,23,'2022-11-04 18:15:52',2.23),
(3,23,'2022-12-23 18:15:52',2.59),
(3,23,'2022-12-30 18:15:52',2.71),
(3,23,'2023-01-06 18:15:52',2.29),
(3,23,'2023-02-03 18:15:52',2.71),
(3,23,'2023-02-10 18:15:52',2.29),
(3,23,'2023-03-30 18:15:52',2.71),
(3,23,'2023-07-20 18:15:52',2.78),
(3,23,'2023-08-24 18:15:52',2.75),
(3,23,'2023-08-31 18:15:52',2.24),
(3,23,'2023-11-23 18:15:52',2.75),
(3,23,'2024-01-11 18:15:52',2.72),
(3,23,'2024-01-18 18:15:52',2.29),
(3,23,'2024-01-25 18:15:52',2.72),
(3,23,'2024-02-01 18:15:52',2.78),
(3,23,'2024-03-15 18:15:52',2.87),
(3,23,'2024-04-12 18:15:52',2.83),
(3,23,'2024-04-19 18:15:52',2.29),
(3,23,'2024-04-26 18:15:52',2.83),
(3,23,'2024-05-10 18:15:52',2.89),
(3,23,'2024-05-17 18:15:52',2.96),
(3,23,'2024-05-24 18:15:52',2.29),
(3,23,'2024-05-31 18:15:52',2.96),
(3,23,'2024-06-28 18:15:52',2.88),
(3,23,'2024-07-12 18:15:52',2.89),
(3,23,'2024-08-30 18:15:52',2.94),
(3,23,'2024-09-06 18:15:52',2.29),
(3,23,'2024-10-18 18:15:52',2.94),
(3,23,'2024-11-08 18:15:52',2.99),
(3,23,'2024-11-22 18:15:52',2.90),
(3,23,'2024-11-29 18:15:52',2.29),
(3,24,'2023-06-01 18:17:06',3.00),
(3,24,'2023-06-29 18:17:06',3.12),
(3,24,'2023-08-03 18:17:06',3.31),
(3,24,'2023-08-24 18:17:06',3.20),
(3,24,'2024-01-04 18:17:06',3.10),
(3,24,'2024-03-29 18:17:06',3.21),
(3,24,'2024-04-26 18:17:06',3.24),
(3,24,'2024-06-14 18:17:06',3.28),
(3,24,'2024-11-15 18:17:06',3.39),
(3,24,'2024-12-13 18:17:06',3.34),
(3,25,'2022-10-14 18:17:24',5.09),
(3,25,'2022-10-21 18:17:24',4.16),
(3,25,'2022-12-23 18:17:24',5.09),
(3,25,'2023-01-06 18:17:24',5.02),
(3,25,'2023-03-02 18:17:24',4.95),
(3,25,'2023-03-09 18:17:24',4.39),
(3,25,'2023-03-16 18:17:24',4.06),
(3,25,'2023-05-18 18:17:24',4.92),
(3,25,'2023-07-27 18:17:24',4.85),
(3,25,'2023-08-24 18:17:24',4.84),
(3,25,'2023-08-31 18:17:24',4.18),
(3,25,'2023-09-07 18:17:24',4.84),
(3,25,'2023-10-05 18:17:24',4.96),
(3,25,'2023-11-30 18:17:24',5.02),
(3,25,'2023-12-07 18:17:24',5.08),
(3,25,'2023-12-14 18:17:24',4.37),
(3,25,'2023-12-21 18:17:24',5.08),
(3,25,'2023-12-28 18:17:24',4.47),
(3,25,'2024-01-25 18:17:24',5.08),
(3,25,'2024-03-01 18:17:24',5.13),
(3,25,'2024-03-08 18:17:24',4.20),
(3,25,'2024-05-31 18:17:24',5.13),
(3,25,'2024-06-21 18:17:24',5.22),
(3,25,'2024-08-30 18:17:24',5.32),
(3,25,'2024-09-06 18:17:24',5.54),
(3,25,'2024-09-13 18:17:24',4.46),
(3,25,'2024-10-04 18:17:24',5.54),
(3,25,'2024-11-08 18:17:24',5.63),
(3,25,'2024-11-15 18:17:24',5.74),
(3,25,'2024-11-22 18:17:24',4.59),
(3,25,'2024-11-29 18:17:24',5.74),
(3,25,'2024-12-06 18:17:24',4.69),
(3,25,'2024-12-20 18:17:24',5.74),
(3,25,'2024-12-27 18:17:24',4.69),
(3,26,'2022-11-04 18:17:40',4.90),
(3,26,'2022-11-11 18:17:40',4.02),
(3,26,'2022-11-18 18:17:40',4.90),
(3,26,'2022-12-09 18:17:40',4.80),
(3,26,'2023-01-13 18:17:40',4.86),
(3,26,'2023-01-20 18:17:40',4.98),
(3,26,'2023-02-03 18:17:40',4.94),
(3,26,'2023-02-10 18:17:40',3.91),
(3,26,'2023-03-02 18:17:40',4.94),
(3,26,'2023-03-09 18:17:40',3.79),
(3,26,'2023-03-30 18:17:40',4.94),
(3,26,'2023-04-06 18:17:40',4.20),
(3,26,'2023-05-04 18:17:40',4.88),
(3,26,'2023-05-11 18:17:40',4.84),
(3,26,'2023-05-18 18:17:40',4.12),
(3,26,'2023-08-31 18:17:40',4.84),
(3,26,'2023-09-14 18:17:40',4.92),
(3,26,'2023-09-21 18:17:40',3.92),
(3,26,'2023-10-05 18:17:40',4.90),
(3,26,'2023-10-12 18:17:40',4.32),
(3,26,'2023-10-19 18:17:40',4.93),
(3,26,'2023-10-26 18:17:40',3.84),
(3,26,'2024-01-04 18:17:40',4.93),
(3,26,'2024-01-11 18:17:40',3.80),
(3,26,'2024-01-18 18:17:40',5.03),
(3,26,'2024-01-25 18:17:40',4.17),
(3,26,'2024-02-08 18:17:40',5.03),
(3,26,'2024-03-29 18:17:40',5.01),
(3,26,'2024-04-12 18:17:40',5.04),
(3,26,'2024-05-03 18:17:40',5.10),
(3,26,'2024-07-26 18:17:40',5.05),
(3,26,'2024-08-09 18:17:40',5.11),
(3,26,'2024-08-16 18:17:40',5.22),
(3,26,'2024-08-23 18:17:40',4.54),
(3,26,'2024-10-11 18:17:40',5.22),
(3,26,'2024-10-18 18:17:40',4.01),
(3,26,'2024-10-25 18:17:40',4.16),
(3,27,'2022-10-28 18:17:49',5.85),
(3,27,'2022-11-04 18:17:49',5.84),
(3,27,'2022-11-11 18:17:49',4.95),
(3,27,'2022-11-18 18:17:49',4.99),
(3,27,'2023-01-06 18:17:49',5.84),
(3,27,'2023-01-13 18:17:49',4.99),
(3,27,'2023-02-17 18:17:49',5.70),
(3,27,'2023-03-16 18:17:49',5.74),
(3,27,'2023-04-06 18:17:49',5.82),
(3,27,'2023-04-27 18:17:49',5.69),
(3,27,'2023-05-18 18:17:49',5.61),
(3,27,'2023-05-25 18:17:49',4.56),
(3,27,'2023-06-08 18:17:49',5.71),
(3,27,'2023-06-15 18:17:49',4.64),
(3,27,'2023-06-22 18:17:49',5.71),
(3,27,'2023-06-29 18:17:49',4.99),
(3,27,'2023-09-21 18:17:49',5.71),
(3,27,'2023-09-28 18:17:49',4.99),
(3,27,'2023-12-28 18:17:49',5.80),
(3,27,'2024-02-01 18:17:49',5.73),
(3,27,'2024-02-08 18:17:49',5.68),
(3,27,'2024-02-15 18:17:49',4.36),
(3,27,'2024-04-12 18:17:49',5.68),
(3,27,'2024-04-26 18:17:49',5.76),
(3,27,'2024-06-28 18:17:49',5.75),
(3,27,'2024-07-05 18:17:49',5.77),
(3,27,'2024-07-26 18:17:49',5.86),
(3,27,'2024-08-02 18:17:49',4.72),
(3,27,'2024-08-16 18:17:49',5.86),
(3,27,'2024-08-30 18:17:49',5.85),
(3,27,'2024-09-06 18:17:49',4.99),
(3,27,'2024-09-13 18:17:49',5.97),
(3,27,'2024-09-20 18:17:49',5.96),
(3,27,'2024-10-25 18:17:49',6.00),
(3,27,'2024-12-27 18:17:49',6.23),
(3,28,'2022-10-28 18:18:00',3.84),
(3,28,'2022-11-04 18:18:00',3.79),
(3,28,'2022-11-11 18:18:00',2.88),
(3,28,'2022-12-02 18:18:00',3.79),
(3,28,'2022-12-16 18:18:00',3.84),
(3,28,'2023-01-06 18:18:00',3.73),
(3,28,'2023-01-13 18:18:00',3.29),
(3,28,'2023-03-09 18:18:00',3.73),
(3,28,'2023-03-16 18:18:00',3.09),
(3,28,'2023-03-23 18:18:00',2.61),
(3,28,'2023-03-30 18:18:00',2.57),
(3,28,'2023-04-13 18:18:00',3.73),
(3,28,'2023-05-11 18:18:00',3.71),
(3,28,'2023-05-18 18:18:00',3.07),
(3,28,'2023-05-25 18:18:00',3.71),
(3,28,'2023-06-08 18:18:00',3.79),
(3,28,'2023-06-15 18:18:00',3.07),
(3,28,'2023-06-22 18:18:00',3.06),
(3,28,'2023-07-27 18:18:00',3.79),
(3,28,'2023-08-03 18:18:00',2.96),
(3,28,'2023-08-31 18:18:00',3.79),
(3,28,'2023-09-14 18:18:00',3.73),
(3,28,'2023-09-21 18:18:00',3.20),
(3,28,'2023-10-12 18:18:00',3.73),
(3,28,'2023-12-28 18:18:00',3.69),
(3,28,'2024-01-04 18:18:00',3.28),
(3,28,'2024-01-11 18:18:00',3.69),
(3,28,'2024-02-01 18:18:00',3.77),
(3,28,'2024-03-29 18:18:00',3.91),
(3,28,'2024-04-05 18:18:00',3.20),
(3,28,'2024-04-12 18:18:00',3.91),
(3,28,'2024-04-19 18:18:00',2.77),
(3,28,'2024-06-14 18:18:00',4.04),
(3,28,'2024-09-06 18:18:00',4.00),
(3,28,'2024-09-13 18:18:00',3.36),
(3,28,'2024-10-04 18:18:00',4.01),
(3,28,'2024-10-11 18:18:00',3.39),
(3,28,'2024-11-22 18:18:00',4.01),
(3,29,'2022-12-30 18:18:17',3.00),
(3,29,'2023-01-06 18:18:17',2.69),
(3,29,'2023-01-20 18:18:17',3.00),
(3,29,'2023-01-27 18:18:17',2.51),
(3,29,'2023-02-10 18:18:17',3.00),
(3,29,'2023-03-02 18:18:17',3.13),
(3,29,'2023-04-20 18:18:17',3.27),
(3,29,'2023-04-27 18:18:17',3.16),
(3,29,'2023-05-04 18:18:17',3.20),
(3,29,'2023-09-07 18:18:17',3.27),
(3,29,'2023-09-21 18:18:17',3.38),
(3,29,'2023-10-26 18:18:17',3.40),
(3,29,'2023-11-02 18:18:17',3.54),
(3,29,'2023-11-30 18:18:17',3.58),
(3,29,'2023-12-28 18:18:17',3.65),
(3,29,'2024-01-04 18:18:17',2.74),
(3,29,'2024-02-01 18:18:17',3.65),
(3,29,'2024-05-03 18:18:17',3.57),
(3,29,'2024-07-05 18:18:17',3.45),
(3,29,'2024-07-12 18:18:17',2.68),
(3,29,'2024-08-09 18:18:17',3.53),
(3,29,'2024-08-16 18:18:17',2.51),
(3,29,'2024-08-30 18:18:17',3.53),
(3,29,'2024-10-25 18:18:17',3.54),
(3,29,'2024-11-08 18:18:17',3.50),
(3,29,'2024-11-15 18:18:17',2.64),
(3,29,'2024-11-22 18:18:17',3.00),
(3,29,'2024-12-06 18:18:17',3.50),
(3,30,'2022-10-07 18:18:39',4.99),
(3,30,'2022-10-14 18:18:39',5.06),
(3,30,'2022-12-30 18:18:39',5.04),
(3,30,'2023-01-06 18:18:39',5.01),
(3,30,'2023-03-16 18:18:39',5.02),
(3,30,'2023-03-23 18:18:39',5.00),
(3,30,'2023-04-06 18:18:39',4.99),
(3,30,'2023-04-13 18:18:39',3.93),
(3,30,'2023-04-27 18:18:39',4.99),
(3,30,'2023-05-04 18:18:39',4.22),
(3,30,'2023-06-22 18:18:39',4.99),
(3,30,'2023-06-29 18:18:39',5.08),
(3,30,'2023-07-06 18:18:39',4.57),
(3,30,'2023-07-20 18:18:39',5.08),
(3,30,'2023-07-27 18:18:39',3.92),
(3,30,'2023-08-24 18:18:39',5.08),
(3,30,'2023-08-31 18:18:39',3.83),
(3,30,'2023-09-07 18:18:39',5.27),
(3,30,'2023-09-14 18:18:39',5.35),
(3,30,'2023-09-21 18:18:39',5.31),
(3,30,'2023-09-28 18:18:39',4.76),
(3,30,'2023-11-02 18:18:39',5.31),
(3,30,'2023-11-30 18:18:39',5.37),
(3,30,'2024-01-04 18:18:39',5.41),
(3,30,'2024-02-08 18:18:39',5.39),
(3,30,'2024-02-22 18:18:39',5.48),
(3,30,'2024-03-29 18:18:39',5.40),
(3,30,'2024-04-12 18:18:39',5.35),
(3,30,'2024-04-26 18:18:39',5.41),
(3,30,'2024-05-03 18:18:39',5.43),
(3,30,'2024-05-10 18:18:39',4.01),
(3,30,'2024-06-07 18:18:39',5.43),
(3,30,'2024-06-14 18:18:39',4.00),
(3,30,'2024-06-28 18:18:39',5.43),
(3,30,'2024-07-19 18:18:39',5.47),
(3,30,'2024-07-26 18:18:39',3.83),
(3,30,'2024-08-16 18:18:39',5.47),
(3,30,'2024-08-23 18:18:39',4.08),
(3,30,'2024-09-20 18:18:39',5.47),
(3,30,'2024-10-04 18:18:39',5.49),
(3,30,'2024-12-20 18:18:39',5.57),
(3,30,'2024-12-27 18:18:39',4.86),
(4,1,'2022-10-07 14:50:38',13.27),
(4,1,'2022-12-02 14:50:38',13.29),
(4,1,'2022-12-09 14:50:38',9.26),
(4,1,'2022-12-16 14:50:38',13.29),
(4,1,'2023-01-13 14:50:38',13.18),
(4,1,'2023-01-20 14:50:38',13.13),
(4,1,'2023-01-27 14:50:38',11.34),
(4,1,'2023-02-03 14:50:38',7.94),
(4,1,'2023-03-02 14:50:38',13.13),
(4,1,'2023-04-20 14:50:38',13.18),
(4,1,'2023-06-08 14:50:38',13.12),
(4,1,'2023-06-22 14:50:38',13.21),
(4,1,'2023-07-27 14:50:38',13.20),
(4,1,'2023-08-03 14:50:38',13.32),
(4,1,'2023-08-24 14:50:38',13.24),
(4,1,'2023-08-31 14:50:38',11.04),
(4,1,'2023-09-14 14:50:38',13.24),
(4,1,'2023-10-05 14:50:38',12.93),
(4,1,'2023-10-12 14:50:38',12.83),
(4,1,'2023-10-19 14:50:38',10.97),
(4,1,'2023-10-26 14:50:38',7.72),
(4,1,'2023-11-02 14:50:38',12.83),
(4,1,'2023-11-09 14:50:38',8.71),
(4,1,'2023-12-28 14:50:38',12.83),
(4,1,'2024-01-04 14:50:38',7.94),
(4,1,'2024-01-11 14:50:38',12.83),
(4,1,'2024-04-19 14:50:38',12.81),
(4,1,'2024-05-31 14:50:38',12.92),
(4,1,'2024-08-02 14:50:38',12.77),
(4,1,'2024-08-09 14:50:38',8.37),
(4,1,'2024-08-16 14:50:38',8.76),
(4,1,'2024-09-27 14:50:38',12.81),
(4,1,'2024-10-04 14:50:38',9.86),
(4,1,'2024-11-01 14:50:38',12.81),
(4,1,'2024-11-15 14:50:38',12.64),
(4,2,'2022-10-14 14:49:55',13.19),
(4,2,'2022-12-16 14:49:55',13.42),
(4,2,'2022-12-23 14:49:55',13.44),
(4,2,'2022-12-30 14:49:55',11.50),
(4,2,'2023-02-03 14:49:55',13.44),
(4,2,'2023-02-10 14:49:55',11.43),
(4,2,'2023-02-24 14:49:55',13.44),
(4,2,'2023-03-09 14:49:55',13.55),
(4,2,'2023-04-20 14:49:55',13.58),
(4,2,'2023-04-27 14:49:55',10.35),
(4,2,'2023-06-15 14:49:55',13.58),
(4,2,'2023-06-29 14:49:55',13.39),
(4,2,'2023-08-03 14:49:55',13.33),
(4,2,'2023-08-17 14:49:55',13.27),
(4,2,'2023-09-07 14:49:55',13.16),
(4,2,'2023-10-26 14:49:55',13.14),
(4,2,'2023-11-16 14:49:55',13.13),
(4,2,'2023-11-23 14:49:55',11.46),
(4,2,'2023-12-07 14:49:55',13.17),
(4,2,'2023-12-21 14:49:55',13.21),
(4,2,'2023-12-28 14:49:55',10.54),
(4,2,'2024-01-04 14:49:55',13.21),
(4,2,'2024-01-11 14:49:55',13.32),
(4,2,'2024-01-25 14:49:55',13.44),
(4,2,'2024-02-01 14:49:55',9.88),
(4,2,'2024-03-22 14:49:55',13.44),
(4,2,'2024-03-29 14:49:55',9.80),
(4,2,'2024-04-19 14:49:55',13.44),
(4,2,'2024-04-26 14:49:55',13.42),
(4,2,'2024-05-03 14:49:55',11.97),
(4,2,'2024-05-10 14:49:55',13.42),
(4,2,'2024-08-02 14:49:55',13.32),
(4,2,'2024-08-09 14:49:55',10.10),
(4,2,'2024-09-20 14:49:55',13.30),
(4,2,'2024-09-27 14:49:55',8.27),
(4,2,'2024-10-04 14:49:55',13.30),
(4,2,'2024-10-11 14:49:55',13.41),
(4,2,'2024-11-01 14:49:55',13.38),
(4,2,'2024-11-15 14:49:55',13.36),
(4,2,'2024-12-13 14:49:55',13.48),
(4,2,'2024-12-20 14:49:55',10.35),
(4,3,'2023-04-27 18:11:53',0.35),
(4,3,'2023-07-06 18:11:53',0.37),
(4,3,'2023-12-21 18:11:53',0.38),
(4,3,'2024-01-04 18:11:53',0.40),
(4,3,'2024-02-01 18:11:53',0.44),
(4,3,'2024-02-15 18:11:53',0.45),
(4,3,'2024-04-19 18:11:53',0.46),
(4,3,'2024-07-26 18:11:53',0.48),
(4,3,'2024-09-06 18:11:53',0.46),
(4,3,'2024-09-27 18:11:53',0.48),
(4,4,'2022-11-11 18:12:37',1.27),
(4,4,'2022-11-18 18:12:37',1.29),
(4,4,'2023-03-16 18:12:37',1.31),
(4,4,'2023-03-23 18:12:37',1.09),
(4,4,'2023-04-20 18:12:37',1.31),
(4,4,'2023-06-15 18:12:37',1.42),
(4,4,'2023-08-24 18:12:37',1.48),
(4,4,'2023-09-21 18:12:37',1.40),
(4,4,'2023-09-28 18:12:37',1.09),
(4,4,'2023-10-05 18:12:37',1.40),
(4,4,'2023-10-19 18:12:37',1.38),
(4,4,'2023-11-09 18:12:37',1.44),
(4,4,'2023-12-14 18:12:37',1.40),
(4,4,'2024-01-04 18:12:37',1.44),
(4,4,'2024-01-18 18:12:37',1.09),
(4,4,'2024-01-25 18:12:37',1.44),
(4,4,'2024-02-08 18:12:37',1.46),
(4,4,'2024-03-15 18:12:37',1.42),
(4,4,'2024-03-22 18:12:37',1.09),
(4,4,'2024-04-19 18:12:37',1.40),
(4,4,'2024-04-26 18:12:37',1.09),
(4,4,'2024-05-31 18:12:37',1.40),
(4,4,'2024-06-14 18:12:37',1.42),
(4,4,'2024-08-30 18:12:37',1.45),
(4,4,'2024-09-06 18:12:37',1.44),
(4,4,'2024-10-11 18:12:37',1.45),
(4,4,'2024-11-15 18:12:37',1.43),
(4,4,'2024-12-13 18:12:37',1.38),
(4,4,'2024-12-20 18:12:37',1.09),
(4,5,'2022-11-18 18:12:54',12.03),
(4,5,'2023-01-06 18:12:54',12.10),
(4,5,'2023-01-13 18:12:54',7.21),
(4,5,'2023-03-09 18:12:54',12.10),
(4,5,'2023-03-16 18:12:54',12.26),
(4,5,'2023-03-23 18:12:54',8.72),
(4,5,'2023-04-13 18:12:54',12.26),
(4,5,'2023-04-20 18:12:54',6.28),
(4,5,'2023-05-25 18:12:54',12.26),
(4,5,'2023-07-06 18:12:54',12.14),
(4,5,'2023-08-03 18:12:54',12.02),
(4,5,'2023-08-31 18:12:54',12.10),
(4,5,'2023-09-07 18:12:54',8.00),
(4,5,'2023-10-26 18:12:54',12.10),
(4,5,'2023-11-02 18:12:54',6.57),
(4,5,'2023-11-16 18:12:54',12.10),
(4,5,'2024-02-22 18:12:54',12.41),
(4,5,'2024-03-01 18:12:54',12.35),
(4,5,'2024-03-08 18:12:54',8.29),
(4,5,'2024-05-03 18:12:54',12.35),
(4,5,'2024-05-10 18:12:54',6.91),
(4,5,'2024-05-24 18:12:54',12.43),
(4,5,'2024-08-30 18:12:54',12.63),
(4,5,'2024-09-06 18:12:54',7.26),
(4,5,'2024-10-18 18:12:54',12.63),
(4,5,'2024-10-25 18:12:54',12.80),
(4,5,'2024-11-01 18:12:54',12.90),
(4,5,'2024-11-08 18:12:54',8.82),
(4,5,'2024-11-15 18:12:54',7.15),
(4,5,'2024-11-22 18:12:54',12.90),
(4,5,'2024-11-29 18:12:54',12.79),
(4,5,'2024-12-27 18:12:54',12.73),
(4,6,'2022-10-07 18:13:01',1.79),
(4,6,'2022-11-25 18:13:01',1.84),
(4,6,'2022-12-02 18:13:01',1.61),
(4,6,'2022-12-16 18:13:01',1.84),
(4,6,'2022-12-23 18:13:01',1.26),
(4,6,'2023-01-13 18:13:01',1.84),
(4,6,'2023-03-16 18:13:01',1.86),
(4,6,'2023-03-23 18:13:01',1.59),
(4,6,'2023-05-18 18:13:01',1.86),
(4,6,'2023-05-25 18:13:01',1.39),
(4,6,'2023-06-29 18:13:01',1.84),
(4,6,'2023-07-06 18:13:01',1.51),
(4,6,'2023-07-13 18:13:01',1.56),
(4,6,'2023-11-30 18:13:01',1.84),
(4,6,'2023-12-07 18:13:01',1.55),
(4,6,'2023-12-14 18:13:01',1.84),
(4,6,'2023-12-21 18:13:01',1.93),
(4,6,'2023-12-28 18:13:01',1.43),
(4,6,'2024-01-04 18:13:01',1.62),
(4,6,'2024-01-25 18:13:01',1.93),
(4,6,'2024-02-15 18:13:01',1.87),
(4,6,'2024-02-22 18:13:01',1.63),
(4,6,'2024-04-12 18:13:01',1.83),
(4,6,'2024-04-19 18:13:01',1.38),
(4,6,'2024-06-21 18:13:01',1.83),
(4,6,'2024-06-28 18:13:01',1.82),
(4,6,'2024-07-05 18:13:01',1.45),
(4,6,'2024-10-04 18:13:01',1.83),
(4,6,'2024-11-01 18:13:01',1.89),
(4,6,'2024-11-08 18:13:01',1.31),
(4,7,'2022-12-16 18:13:12',1.99),
(4,7,'2022-12-23 18:13:12',1.43),
(4,7,'2023-01-20 18:13:12',1.99),
(4,7,'2023-01-27 18:13:12',1.18),
(4,7,'2023-03-09 18:13:12',1.99),
(4,7,'2023-03-16 18:13:12',1.29),
(4,7,'2023-03-30 18:13:12',1.99),
(4,7,'2023-04-06 18:13:12',2.02),
(4,7,'2023-04-13 18:13:12',1.47),
(4,7,'2023-04-27 18:13:12',2.02),
(4,7,'2023-05-04 18:13:12',1.05),
(4,7,'2023-07-20 18:13:12',2.02),
(4,7,'2023-07-27 18:13:12',1.04),
(4,7,'2023-08-31 18:13:12',2.02),
(4,7,'2023-09-21 18:13:12',1.99),
(4,7,'2023-09-28 18:13:12',1.36),
(4,7,'2023-11-16 18:13:12',1.99),
(4,7,'2023-11-23 18:13:12',1.26),
(4,7,'2023-12-14 18:13:12',1.99),
(4,7,'2024-02-15 18:13:12',2.02),
(4,7,'2024-02-22 18:13:12',2.07),
(4,7,'2024-03-01 18:13:12',1.10),
(4,7,'2024-03-29 18:13:12',2.10),
(4,7,'2024-04-05 18:13:12',1.11),
(4,7,'2024-04-12 18:13:12',1.53),
(4,7,'2024-05-24 18:13:12',2.10),
(4,7,'2024-07-12 18:13:12',2.06),
(4,7,'2024-07-19 18:13:12',1.40),
(4,7,'2024-08-02 18:13:12',2.06),
(4,7,'2024-08-09 18:13:12',2.09),
(4,7,'2024-08-16 18:13:12',1.52),
(4,7,'2024-09-20 18:13:12',2.09),
(4,7,'2024-10-18 18:13:12',2.11),
(4,7,'2024-11-08 18:13:12',2.16),
(4,7,'2024-11-15 18:13:12',2.15),
(4,7,'2024-11-22 18:13:12',1.22),
(4,8,'2022-10-21 18:13:19',3.54),
(4,8,'2022-11-04 18:13:19',3.52),
(4,8,'2022-11-11 18:13:19',2.65),
(4,8,'2022-12-09 18:13:19',3.45),
(4,8,'2022-12-16 18:13:19',2.99),
(4,8,'2022-12-30 18:13:19',3.45),
(4,8,'2023-01-13 18:13:19',3.46),
(4,8,'2023-01-20 18:13:19',2.84),
(4,8,'2023-02-10 18:13:19',3.46),
(4,8,'2023-06-15 18:13:19',3.54),
(4,8,'2023-07-13 18:13:19',3.47),
(4,8,'2023-08-03 18:13:19',3.51),
(4,8,'2023-09-07 18:13:19',3.48),
(4,8,'2023-10-05 18:13:19',3.57),
(4,8,'2023-10-12 18:13:19',2.99),
(4,8,'2023-11-23 18:13:19',3.57),
(4,8,'2024-02-22 18:13:19',3.61),
(4,8,'2024-03-22 18:13:19',3.62),
(4,8,'2024-03-29 18:13:19',2.87),
(4,8,'2024-04-05 18:13:19',3.62),
(4,8,'2024-05-03 18:13:19',3.63),
(4,8,'2024-05-10 18:13:19',2.99),
(4,8,'2024-05-24 18:13:19',3.72),
(4,8,'2024-06-07 18:13:19',3.66),
(4,8,'2024-06-14 18:13:19',2.99),
(4,8,'2024-06-21 18:13:19',3.66),
(4,8,'2024-07-19 18:13:19',3.69),
(4,8,'2024-08-02 18:13:19',3.78),
(4,8,'2024-08-09 18:13:19',2.91),
(4,8,'2024-12-13 18:13:19',3.78),
(4,9,'2022-11-11 18:13:26',2.70),
(4,9,'2022-11-18 18:13:26',1.90),
(4,9,'2022-12-02 18:13:26',2.71),
(4,9,'2022-12-09 18:13:26',2.00),
(4,9,'2022-12-16 18:13:26',2.71),
(4,9,'2023-03-02 18:13:26',2.62),
(4,9,'2023-03-09 18:13:26',2.14),
(4,9,'2023-03-30 18:13:26',2.78),
(4,9,'2023-04-06 18:13:26',2.43),
(4,9,'2023-04-13 18:13:26',2.40),
(4,9,'2023-05-25 18:13:26',2.78),
(4,9,'2023-06-01 18:13:26',2.22),
(4,9,'2023-06-15 18:13:26',2.78),
(4,9,'2023-07-06 18:13:26',2.67),
(4,9,'2023-07-13 18:13:26',2.65),
(4,9,'2023-07-27 18:13:26',2.67),
(4,9,'2023-10-12 18:13:26',2.72),
(4,9,'2023-10-19 18:13:26',2.66),
(4,9,'2023-11-09 18:13:26',2.65),
(4,9,'2023-12-07 18:13:26',2.58),
(4,9,'2023-12-14 18:13:26',1.74),
(4,9,'2024-01-11 18:13:26',2.58),
(4,9,'2024-03-22 18:13:26',2.54),
(4,9,'2024-05-17 18:13:26',2.64),
(4,9,'2024-07-05 18:13:26',2.67),
(4,9,'2024-07-12 18:13:26',2.12),
(4,9,'2024-08-16 18:13:26',2.70),
(4,9,'2024-08-30 18:13:26',2.61),
(4,9,'2024-09-06 18:13:26',1.84),
(4,9,'2024-10-11 18:13:26',2.61),
(4,9,'2024-10-18 18:13:26',2.70),
(4,9,'2024-10-25 18:13:26',1.94),
(4,9,'2024-11-15 18:13:26',2.70),
(4,9,'2024-11-22 18:13:26',2.32),
(4,9,'2024-12-20 18:13:26',2.70),
(4,9,'2024-12-27 18:13:26',1.88),
(4,10,'2022-10-07 17:52:20',15.26),
(4,10,'2022-10-07 18:13:35',15.09),
(4,10,'2022-10-21 18:13:35',15.26),
(4,10,'2023-01-27 18:13:35',15.30),
(4,10,'2023-02-03 18:13:35',12.54),
(4,10,'2023-02-24 18:13:35',15.23),
(4,10,'2023-03-23 18:13:35',15.26),
(4,10,'2023-04-13 18:13:35',15.24),
(4,10,'2023-04-20 18:13:35',13.69),
(4,10,'2023-05-11 18:13:35',15.24),
(4,10,'2023-06-22 18:13:35',15.38),
(4,10,'2023-07-06 18:13:35',15.45),
(4,10,'2023-07-13 18:13:35',12.72),
(4,10,'2023-08-24 18:13:35',15.45),
(4,10,'2023-08-31 18:13:35',15.41),
(4,10,'2023-09-21 18:13:35',15.58),
(4,10,'2023-10-05 18:13:35',15.82),
(4,10,'2023-10-12 18:13:35',13.17),
(4,10,'2023-10-19 18:13:35',15.82),
(4,10,'2023-11-23 18:13:35',16.15),
(4,10,'2023-11-30 18:13:35',12.63),
(4,10,'2023-12-14 18:13:35',16.32),
(4,10,'2024-02-15 18:13:35',16.27),
(4,10,'2024-03-08 18:13:35',16.39),
(4,10,'2024-05-10 18:13:35',16.29),
(4,10,'2024-05-17 18:13:35',5.76),
(4,10,'2024-05-24 18:13:35',16.29),
(4,10,'2024-06-07 18:13:35',16.26),
(4,10,'2024-06-14 18:13:35',10.24),
(4,10,'2024-06-28 18:13:35',16.34),
(4,10,'2024-07-19 18:13:35',16.29),
(4,10,'2024-09-27 18:13:35',16.00),
(4,11,'2022-10-21 18:13:42',4.39),
(4,11,'2022-12-02 18:13:42',4.54),
(4,11,'2023-01-06 18:13:42',4.49),
(4,11,'2023-01-13 18:13:42',3.39),
(4,11,'2023-01-20 18:13:42',4.49),
(4,11,'2023-03-16 18:13:42',4.57),
(4,11,'2023-03-23 18:13:42',4.73),
(4,11,'2023-03-30 18:13:42',2.48),
(4,11,'2023-04-13 18:13:42',4.73),
(4,11,'2023-04-20 18:13:42',3.39),
(4,11,'2023-05-11 18:13:42',4.73),
(4,11,'2023-05-25 18:13:42',4.86),
(4,11,'2023-06-15 18:13:42',4.80),
(4,11,'2023-06-22 18:13:42',3.39),
(4,11,'2023-06-29 18:13:42',4.78),
(4,11,'2023-07-27 18:13:42',4.97),
(4,11,'2023-10-19 18:13:42',4.86),
(4,11,'2023-11-16 18:13:42',4.99),
(4,11,'2023-11-23 18:13:42',4.91),
(4,11,'2023-11-30 18:13:42',3.39),
(4,11,'2023-12-07 18:13:42',4.91),
(4,11,'2024-01-04 18:13:42',5.03),
(4,11,'2024-01-11 18:13:42',3.39),
(4,11,'2024-01-18 18:13:42',5.03),
(4,11,'2024-03-15 18:13:42',5.18),
(4,11,'2024-03-22 18:13:42',3.39),
(4,11,'2024-04-12 18:13:42',5.18),
(4,11,'2024-04-19 18:13:42',3.19),
(4,11,'2024-04-26 18:13:42',5.18),
(4,11,'2024-05-03 18:13:42',3.39),
(4,11,'2024-05-24 18:13:42',5.18),
(4,11,'2024-05-31 18:13:42',5.36),
(4,11,'2024-06-07 18:13:42',5.40),
(4,11,'2024-08-02 18:13:42',5.50),
(4,11,'2024-08-09 18:13:42',5.62),
(4,11,'2024-08-16 18:13:42',5.72),
(4,12,'2022-11-11 18:13:52',7.58),
(4,12,'2022-11-18 18:13:52',6.65),
(4,12,'2022-12-02 18:13:52',7.58),
(4,12,'2023-01-06 18:13:52',7.74),
(4,12,'2023-05-11 18:13:52',7.76),
(4,12,'2023-05-18 18:13:52',5.98),
(4,12,'2023-05-25 18:13:52',7.76),
(4,12,'2023-06-01 18:13:52',6.07),
(4,12,'2023-07-06 18:13:52',7.76),
(4,12,'2023-07-13 18:13:52',7.80),
(4,12,'2023-07-20 18:13:52',6.84),
(4,12,'2023-07-27 18:13:52',6.83),
(4,12,'2023-09-07 18:13:52',7.80),
(4,12,'2023-10-05 18:13:52',7.92),
(4,12,'2023-10-12 18:13:52',8.02),
(4,12,'2023-11-02 18:13:52',8.00),
(4,12,'2023-11-16 18:13:52',7.86),
(4,12,'2023-12-14 18:13:52',8.00),
(4,12,'2023-12-21 18:13:52',6.85),
(4,12,'2024-01-11 18:13:52',8.00),
(4,12,'2024-02-01 18:13:52',8.04),
(4,12,'2024-03-15 18:13:52',8.02),
(4,12,'2024-05-24 18:13:52',8.00),
(4,12,'2024-06-07 18:13:52',8.02),
(4,12,'2024-07-12 18:13:52',7.87),
(4,12,'2024-09-27 18:13:52',7.78),
(4,12,'2024-12-20 18:13:52',7.73),
(4,13,'2022-10-21 18:14:01',3.41),
(4,13,'2022-11-18 18:14:01',3.40),
(4,13,'2022-11-25 18:14:01',2.92),
(4,13,'2023-02-17 18:14:01',3.40),
(4,13,'2023-02-24 18:14:01',2.85),
(4,13,'2023-04-13 18:14:01',3.40),
(4,13,'2023-06-01 18:14:01',3.44),
(4,13,'2023-06-08 18:14:01',2.96),
(4,13,'2023-06-29 18:14:01',3.44),
(4,13,'2023-07-06 18:14:01',2.80),
(4,13,'2023-08-10 18:14:01',3.44),
(4,13,'2023-08-24 18:14:01',3.40),
(4,13,'2023-08-31 18:14:01',3.48),
(4,13,'2023-09-07 18:14:01',3.51),
(4,13,'2023-10-12 18:14:01',3.44),
(4,13,'2023-10-26 18:14:01',3.50),
(4,13,'2023-11-16 18:14:01',3.65),
(4,13,'2023-11-23 18:14:01',2.71),
(4,13,'2024-03-15 18:14:01',3.65),
(4,13,'2024-03-22 18:14:01',2.66),
(4,13,'2024-03-29 18:14:01',3.65),
(4,13,'2024-06-07 18:14:01',3.74),
(4,13,'2024-06-21 18:14:01',3.69),
(4,13,'2024-06-28 18:14:01',2.75),
(4,13,'2024-09-13 18:14:01',3.69),
(4,13,'2024-09-20 18:14:01',2.94),
(4,13,'2024-09-27 18:14:01',3.69),
(4,13,'2024-10-25 18:14:01',3.63),
(4,13,'2024-11-08 18:14:01',3.56),
(4,14,'2023-01-13 18:14:09',1.54),
(4,14,'2023-02-24 18:14:09',1.50),
(4,14,'2023-03-30 18:14:09',1.54),
(4,14,'2023-05-04 18:14:09',1.59),
(4,14,'2023-05-18 18:14:09',1.61),
(4,14,'2023-05-25 18:14:09',1.24),
(4,14,'2023-06-01 18:14:09',1.61),
(4,14,'2023-06-08 18:14:09',1.33),
(4,14,'2023-06-22 18:14:09',1.61),
(4,14,'2023-06-29 18:14:09',1.51),
(4,14,'2023-09-14 18:14:09',1.46),
(4,14,'2023-10-26 18:14:09',1.52),
(4,14,'2023-11-09 18:14:09',1.62),
(4,14,'2024-01-11 18:14:09',1.63),
(4,14,'2024-01-18 18:14:09',1.69),
(4,14,'2024-02-08 18:14:09',1.66),
(4,14,'2024-03-01 18:14:09',1.57),
(4,14,'2024-04-12 18:14:09',1.68),
(4,14,'2024-04-19 18:14:09',1.28),
(4,14,'2024-05-24 18:14:09',1.68),
(4,14,'2024-05-31 18:14:09',1.38),
(4,14,'2024-08-23 18:14:09',1.68),
(4,14,'2024-09-27 18:14:09',1.57),
(4,14,'2024-10-04 18:14:09',1.34),
(4,14,'2024-11-01 18:14:09',1.57),
(4,14,'2024-11-08 18:14:09',1.31),
(4,14,'2024-11-22 18:14:09',1.57),
(4,14,'2024-11-29 18:14:09',1.30),
(4,15,'2022-10-28 18:14:17',7.46),
(4,15,'2022-11-04 18:14:17',6.15),
(4,15,'2022-11-11 18:14:17',7.46),
(4,15,'2022-11-18 18:14:17',7.52),
(4,15,'2022-12-09 18:14:17',7.43),
(4,15,'2023-01-06 18:14:17',7.41),
(4,15,'2023-01-13 18:14:17',7.28),
(4,15,'2023-01-20 18:14:17',6.53),
(4,15,'2023-03-02 18:14:17',7.28),
(4,15,'2023-03-09 18:14:17',6.06),
(4,15,'2023-03-16 18:14:17',7.28),
(4,15,'2023-03-23 18:14:17',7.33),
(4,15,'2023-03-30 18:14:17',6.22),
(4,15,'2023-05-04 18:14:17',7.33),
(4,15,'2023-05-11 18:14:17',5.96),
(4,15,'2023-05-25 18:14:17',7.33),
(4,15,'2023-06-01 18:14:17',7.45),
(4,15,'2023-06-08 18:14:17',6.13),
(4,15,'2023-06-15 18:14:17',7.45),
(4,15,'2023-06-22 18:14:17',6.69),
(4,15,'2023-09-28 18:14:17',7.45),
(4,15,'2023-10-05 18:14:17',5.91),
(4,15,'2023-10-19 18:14:17',7.45),
(4,15,'2023-10-26 18:14:17',6.44),
(4,15,'2023-11-30 18:14:17',7.45),
(4,15,'2023-12-07 18:14:17',6.08),
(4,15,'2023-12-21 18:14:17',7.45),
(4,15,'2024-01-25 18:14:17',7.53),
(4,15,'2024-02-01 18:14:17',6.53),
(4,15,'2024-03-15 18:14:17',7.53),
(4,15,'2024-03-22 18:14:17',6.07),
(4,15,'2024-04-19 18:14:17',7.53),
(4,15,'2024-04-26 18:14:17',6.12),
(4,15,'2024-07-26 18:14:17',7.53),
(4,15,'2024-08-30 18:14:17',7.49),
(4,15,'2024-09-06 18:14:17',6.45),
(4,15,'2024-10-04 18:14:17',7.49),
(4,15,'2024-10-11 18:14:17',7.61),
(4,15,'2024-11-15 18:14:17',7.66),
(4,15,'2024-11-22 18:14:17',6.03),
(4,15,'2024-12-13 18:14:17',7.66),
(4,15,'2024-12-20 18:14:17',6.78),
(4,15,'2024-12-27 18:14:17',6.10),
(4,16,'2022-11-11 18:14:26',2.13),
(4,16,'2022-11-18 18:14:26',1.92),
(4,16,'2022-12-23 18:14:26',2.13),
(4,16,'2023-01-06 18:14:26',2.10),
(4,16,'2023-01-20 18:14:26',1.80),
(4,16,'2023-01-27 18:14:26',2.10),
(4,16,'2023-02-03 18:14:26',1.99),
(4,16,'2023-03-30 18:14:26',2.10),
(4,16,'2023-04-06 18:14:26',1.91),
(4,16,'2023-04-13 18:14:26',2.10),
(4,16,'2023-04-20 18:14:26',1.88),
(4,16,'2023-05-11 18:14:26',2.10),
(4,16,'2023-05-25 18:14:26',2.14),
(4,16,'2023-08-10 18:14:26',2.13),
(4,16,'2023-08-17 18:14:26',2.17),
(4,16,'2023-08-24 18:14:26',1.99),
(4,16,'2023-09-28 18:14:26',2.17),
(4,16,'2023-11-02 18:14:26',2.18),
(4,16,'2023-12-07 18:14:26',2.23),
(4,16,'2023-12-28 18:14:26',2.15),
(4,16,'2024-03-08 18:14:26',2.13),
(4,16,'2024-03-15 18:14:26',1.81),
(4,16,'2024-05-24 18:14:26',2.12),
(4,16,'2024-05-31 18:14:26',1.93),
(4,16,'2024-06-07 18:14:26',2.12),
(4,16,'2024-06-14 18:14:26',1.88),
(4,16,'2024-07-12 18:14:26',2.12),
(4,16,'2024-08-30 18:14:26',2.09),
(4,16,'2024-09-06 18:14:26',2.12),
(4,16,'2024-09-13 18:14:26',1.95),
(4,16,'2024-10-18 18:14:26',2.12),
(4,16,'2024-10-25 18:14:26',1.83),
(4,16,'2024-12-20 18:14:26',2.12),
(4,17,'2022-10-28 18:14:36',1.67),
(4,17,'2023-01-06 18:14:36',1.62),
(4,17,'2023-01-13 18:14:36',1.20),
(4,17,'2023-02-03 18:14:36',1.62),
(4,17,'2023-02-10 18:14:36',1.66),
(4,17,'2023-02-17 18:14:36',1.29),
(4,17,'2023-03-09 18:14:36',1.66),
(4,17,'2023-03-16 18:14:36',1.78),
(4,17,'2023-06-29 18:14:36',1.87),
(4,17,'2023-08-10 18:14:36',1.85),
(4,17,'2023-08-17 18:14:36',1.46),
(4,17,'2023-09-28 18:14:36',1.85),
(4,17,'2023-10-05 18:14:36',1.39),
(4,17,'2023-10-12 18:14:36',1.85),
(4,17,'2023-10-19 18:14:36',1.31),
(4,17,'2023-12-07 18:14:36',1.85),
(4,17,'2023-12-14 18:14:36',1.83),
(4,17,'2023-12-28 18:14:36',1.80),
(4,17,'2024-01-25 18:14:36',1.89),
(4,17,'2024-02-08 18:14:36',1.85),
(4,17,'2024-02-15 18:14:36',1.57),
(4,17,'2024-04-05 18:14:36',1.85),
(4,17,'2024-04-12 18:14:36',1.44),
(4,17,'2024-06-14 18:14:36',1.85),
(4,17,'2024-06-21 18:14:36',1.36),
(4,17,'2024-07-12 18:14:36',1.85),
(4,17,'2024-07-26 18:14:36',1.82),
(4,17,'2024-08-09 18:14:36',1.84),
(4,17,'2024-12-13 18:14:36',1.87),
(4,17,'2024-12-20 18:14:36',1.31),
(4,18,'2022-10-14 18:14:53',4.90),
(4,18,'2022-12-02 18:14:53',4.76),
(4,18,'2023-02-03 18:14:53',4.77),
(4,18,'2023-02-10 18:14:53',4.80),
(4,18,'2023-02-17 18:14:53',4.75),
(4,18,'2023-02-24 18:14:53',3.39),
(4,18,'2023-03-09 18:14:53',4.75),
(4,18,'2023-03-16 18:14:53',4.67),
(4,18,'2023-03-23 18:14:53',4.19),
(4,18,'2023-05-11 18:14:53',4.67),
(4,18,'2023-05-18 18:14:53',3.42),
(4,18,'2023-07-27 18:14:53',4.67),
(4,18,'2023-08-03 18:14:53',4.56),
(4,18,'2023-09-21 18:14:53',4.54),
(4,18,'2023-12-14 18:14:53',4.51),
(4,18,'2023-12-21 18:14:53',3.73),
(4,18,'2023-12-28 18:14:53',3.56),
(4,18,'2024-02-08 18:14:53',4.51),
(4,18,'2024-02-15 18:14:53',3.93),
(4,18,'2024-03-01 18:14:53',4.51),
(4,18,'2024-03-15 18:14:53',4.71),
(4,18,'2024-04-05 18:14:53',4.70),
(4,18,'2024-05-24 18:14:53',4.68),
(4,18,'2024-06-07 18:14:53',4.75),
(4,18,'2024-07-19 18:14:53',4.90),
(4,18,'2024-08-02 18:14:53',4.98),
(4,18,'2024-08-09 18:14:53',4.13),
(4,18,'2024-08-16 18:14:53',4.98),
(4,18,'2024-10-25 18:14:53',4.94),
(4,18,'2024-11-01 18:14:53',4.22),
(4,18,'2024-11-08 18:14:53',4.15),
(4,18,'2024-11-15 18:14:53',4.94),
(4,18,'2024-12-27 18:14:53',4.88),
(4,19,'2022-10-14 18:15:00',4.99),
(4,19,'2022-10-21 18:15:00',5.08),
(4,19,'2022-12-16 18:15:00',5.16),
(4,19,'2022-12-23 18:15:00',3.74),
(4,19,'2023-02-03 18:15:00',5.16),
(4,19,'2023-04-06 18:15:00',5.23),
(4,19,'2023-04-13 18:15:00',4.56),
(4,19,'2023-04-20 18:15:00',5.23),
(4,19,'2023-04-27 18:15:00',3.71),
(4,19,'2023-05-18 18:15:00',5.23),
(4,19,'2023-05-25 18:15:00',4.53),
(4,19,'2023-07-13 18:15:00',5.23),
(4,19,'2023-07-20 18:15:00',3.75),
(4,19,'2023-07-27 18:15:00',5.23),
(4,19,'2023-08-17 18:15:00',5.28),
(4,19,'2023-08-24 18:15:00',3.73),
(4,19,'2023-09-07 18:15:00',5.28),
(4,19,'2023-09-14 18:15:00',4.57),
(4,19,'2023-12-07 18:15:00',5.28),
(4,19,'2023-12-14 18:15:00',3.78),
(4,19,'2024-01-04 18:15:00',5.28),
(4,19,'2024-01-11 18:15:00',4.35),
(4,19,'2024-02-15 18:15:00',5.28),
(4,19,'2024-03-01 18:15:00',5.23),
(4,19,'2024-04-12 18:15:00',5.19),
(4,19,'2024-05-03 18:15:00',5.24),
(4,19,'2024-05-17 18:15:00',5.44),
(4,19,'2024-08-02 18:15:00',5.40),
(4,19,'2024-08-09 18:15:00',4.89),
(4,19,'2024-08-16 18:15:00',5.40),
(4,19,'2024-08-23 18:15:00',3.91),
(4,19,'2024-09-06 18:15:00',5.40),
(4,19,'2024-10-18 18:15:00',5.39),
(4,19,'2024-10-25 18:15:00',4.12),
(4,19,'2024-11-08 18:15:00',5.39),
(4,19,'2024-11-15 18:15:00',3.80),
(4,19,'2024-11-22 18:15:00',3.97),
(4,19,'2024-12-13 18:15:00',5.39),
(4,19,'2024-12-20 18:15:00',4.51),
(4,20,'2022-11-04 18:15:06',6.32),
(4,20,'2022-11-18 18:15:06',6.49),
(4,20,'2022-12-16 18:15:06',6.42),
(4,20,'2022-12-23 18:15:06',5.23),
(4,20,'2022-12-30 18:15:06',6.42),
(4,20,'2023-01-13 18:15:06',6.39),
(4,20,'2023-01-20 18:15:06',5.60),
(4,20,'2023-02-17 18:15:06',6.39),
(4,20,'2023-04-13 18:15:06',6.43),
(4,20,'2023-05-18 18:15:06',6.53),
(4,20,'2023-08-03 18:15:06',6.62),
(4,20,'2023-08-24 18:15:06',6.61),
(4,20,'2023-10-12 18:15:06',6.66),
(4,20,'2023-10-26 18:15:06',6.74),
(4,20,'2023-11-16 18:15:06',6.73),
(4,20,'2023-12-28 18:15:06',6.75),
(4,20,'2024-01-04 18:15:06',4.88),
(4,20,'2024-01-11 18:15:06',5.32),
(4,20,'2024-02-01 18:15:06',6.75),
(4,20,'2024-02-08 18:15:06',6.72),
(4,20,'2024-02-15 18:15:06',6.73),
(4,20,'2024-03-29 18:15:06',6.77),
(4,20,'2024-04-12 18:15:06',6.93),
(4,20,'2024-06-07 18:15:06',7.02),
(4,20,'2024-06-14 18:15:06',7.15),
(4,20,'2024-07-05 18:15:06',7.12),
(4,20,'2024-08-23 18:15:06',7.20),
(4,20,'2024-08-30 18:15:06',5.79),
(4,20,'2024-11-08 18:15:06',7.20),
(4,20,'2024-11-15 18:15:06',5.26),
(4,20,'2024-11-29 18:15:06',7.20),
(4,20,'2024-12-27 18:15:06',7.14),
(4,21,'2023-02-10 18:15:13',7.42),
(4,21,'2023-02-17 18:15:13',6.29),
(4,21,'2023-03-16 18:15:13',7.42),
(4,21,'2023-03-23 18:15:13',6.30),
(4,21,'2023-07-13 18:15:13',7.42),
(4,21,'2023-07-20 18:15:13',6.03),
(4,21,'2023-08-24 18:15:13',7.42),
(4,21,'2023-11-09 18:15:13',7.58),
(4,21,'2023-11-16 18:15:13',6.21),
(4,21,'2023-12-14 18:15:13',7.58),
(4,21,'2023-12-21 18:15:13',6.00),
(4,21,'2024-02-01 18:15:13',7.58),
(4,21,'2024-02-22 18:15:13',7.62),
(4,21,'2024-03-01 18:15:13',5.50),
(4,21,'2024-03-08 18:15:13',7.62),
(4,21,'2024-05-03 18:15:13',7.63),
(4,21,'2024-05-10 18:15:13',6.58),
(4,21,'2024-06-07 18:15:13',7.61),
(4,21,'2024-07-05 18:15:13',7.55),
(4,21,'2024-07-12 18:15:13',6.51),
(4,21,'2024-07-19 18:15:13',7.55),
(4,21,'2024-08-16 18:15:13',7.51),
(4,21,'2024-08-23 18:15:13',6.23),
(4,21,'2024-11-15 18:15:13',7.51),
(4,21,'2024-11-29 18:15:13',7.44),
(4,21,'2024-12-13 18:15:13',7.40),
(4,22,'2022-10-07 18:15:24',2.49),
(4,22,'2022-12-02 18:15:24',2.58),
(4,22,'2022-12-23 18:15:24',2.64),
(4,22,'2023-02-10 18:15:24',2.61),
(4,22,'2023-05-18 18:15:24',2.62),
(4,22,'2023-06-22 18:15:24',2.55),
(4,22,'2023-06-29 18:15:24',2.59),
(4,22,'2023-07-06 18:15:24',2.49),
(4,22,'2023-08-31 18:15:24',2.55),
(4,22,'2023-10-05 18:15:24',2.49),
(4,22,'2023-11-02 18:15:24',2.59),
(4,22,'2023-12-07 18:15:24',2.57),
(4,22,'2023-12-14 18:15:24',2.67),
(4,22,'2024-01-18 18:15:24',2.74),
(4,22,'2024-02-01 18:15:24',2.80),
(4,22,'2024-04-26 18:15:24',2.72),
(4,22,'2024-05-10 18:15:24',2.65),
(4,22,'2024-05-17 18:15:24',2.62),
(4,22,'2024-05-24 18:15:24',2.55),
(4,22,'2024-06-21 18:15:24',2.59),
(4,22,'2024-07-05 18:15:24',2.70),
(4,22,'2024-08-16 18:15:24',2.66),
(4,22,'2024-08-23 18:15:24',2.74),
(4,22,'2024-10-11 18:15:24',2.83),
(4,22,'2024-11-08 18:15:24',2.81),
(4,22,'2024-12-13 18:15:24',2.79),
(4,23,'2022-11-11 18:15:52',2.65),
(4,23,'2022-12-09 18:15:52',2.63),
(4,23,'2023-05-04 18:15:52',2.64),
(4,23,'2023-05-11 18:15:52',2.65),
(4,23,'2023-07-13 18:15:52',2.72),
(4,23,'2023-07-20 18:15:52',2.29),
(4,23,'2023-08-10 18:15:52',2.72),
(4,23,'2023-11-02 18:15:52',2.75),
(4,23,'2023-11-16 18:15:52',2.79),
(4,23,'2023-11-30 18:15:52',2.83),
(4,23,'2023-12-07 18:15:52',2.86),
(4,23,'2024-02-15 18:15:52',2.88),
(4,23,'2024-02-22 18:15:52',2.29),
(4,23,'2024-05-24 18:15:52',2.88),
(4,23,'2024-05-31 18:15:52',2.29),
(4,23,'2024-06-07 18:15:52',2.88),
(4,23,'2024-06-14 18:15:52',2.29),
(4,23,'2024-07-19 18:15:52',2.88),
(4,23,'2024-07-26 18:15:52',2.29),
(4,23,'2024-08-23 18:15:52',2.88),
(4,23,'2024-09-13 18:15:52',2.89),
(4,23,'2024-09-20 18:15:52',2.29),
(4,23,'2024-11-29 18:15:52',2.89),
(4,23,'2024-12-06 18:15:52',3.00),
(4,23,'2024-12-13 18:15:52',2.29),
(4,23,'2024-12-20 18:15:52',2.96),
(4,24,'2022-11-04 18:17:06',3.00),
(4,24,'2023-01-13 18:17:06',3.05),
(4,24,'2023-02-17 18:17:06',3.08),
(4,24,'2023-04-13 18:17:06',3.18),
(4,24,'2023-04-20 18:17:06',3.14),
(4,24,'2023-05-25 18:17:06',3.25),
(4,24,'2023-07-27 18:17:06',3.20),
(4,24,'2023-08-17 18:17:06',3.29),
(4,24,'2023-11-02 18:17:06',3.40),
(4,24,'2023-11-30 18:17:06',3.46),
(4,24,'2024-01-25 18:17:06',3.48),
(4,24,'2024-08-02 18:17:06',3.41),
(4,24,'2024-09-06 18:17:06',3.47),
(4,24,'2024-12-13 18:17:06',3.56),
(4,25,'2023-01-13 18:17:24',4.69),
(4,25,'2023-02-03 18:17:24',4.73),
(4,25,'2023-02-17 18:17:24',4.69),
(4,25,'2023-02-24 18:17:24',3.80),
(4,25,'2023-03-09 18:17:24',4.69),
(4,25,'2023-03-16 18:17:24',4.76),
(4,25,'2023-04-06 18:17:24',4.94),
(4,25,'2023-04-13 18:17:24',4.35),
(4,25,'2023-04-20 18:17:24',4.94),
(4,25,'2023-04-27 18:17:24',4.93),
(4,25,'2023-05-04 18:17:24',4.18),
(4,25,'2023-06-01 18:17:24',4.93),
(4,25,'2023-06-08 18:17:24',4.09),
(4,25,'2023-06-15 18:17:24',4.93),
(4,25,'2023-06-22 18:17:24',4.94),
(4,25,'2023-07-06 18:17:24',5.11),
(4,25,'2023-08-24 18:17:24',5.31),
(4,25,'2023-11-16 18:17:24',5.41),
(4,25,'2023-12-14 18:17:24',5.47),
(4,25,'2024-02-01 18:17:24',5.38),
(4,25,'2024-02-22 18:17:24',5.22),
(4,25,'2024-03-01 18:17:24',4.29),
(4,25,'2024-04-05 18:17:24',5.22),
(4,25,'2024-06-28 18:17:24',5.20),
(4,25,'2024-07-05 18:17:24',4.34),
(4,25,'2024-07-19 18:17:24',5.20),
(4,25,'2024-07-26 18:17:24',4.39),
(4,25,'2024-09-13 18:17:24',5.20),
(4,25,'2024-09-20 18:17:24',4.45),
(4,25,'2024-10-25 18:17:24',5.20),
(4,25,'2024-11-01 18:17:24',4.43),
(4,25,'2024-11-22 18:17:24',5.17),
(4,25,'2024-11-29 18:17:24',4.50),
(4,25,'2024-12-13 18:17:24',5.17),
(4,25,'2024-12-20 18:17:24',4.47),
(4,26,'2022-10-28 18:17:40',4.79),
(4,26,'2022-12-30 18:17:40',4.85),
(4,26,'2023-01-27 18:17:40',4.79),
(4,26,'2023-02-03 18:17:40',4.83),
(4,26,'2023-02-10 18:17:40',3.78),
(4,26,'2023-02-24 18:17:40',4.83),
(4,26,'2023-03-02 18:17:40',3.82),
(4,26,'2023-05-11 18:17:40',4.83),
(4,26,'2023-06-08 18:17:40',4.91),
(4,26,'2023-06-15 18:17:40',4.31),
(4,26,'2023-06-29 18:17:40',4.91),
(4,26,'2023-07-27 18:17:40',4.88),
(4,26,'2023-08-31 18:17:40',4.92),
(4,26,'2023-09-14 18:17:40',4.94),
(4,26,'2023-09-21 18:17:40',3.90),
(4,26,'2023-10-12 18:17:40',4.94),
(4,26,'2023-11-16 18:17:40',4.90),
(4,26,'2023-11-23 18:17:40',4.15),
(4,26,'2023-11-30 18:17:40',3.69),
(4,26,'2023-12-07 18:17:40',4.90),
(4,26,'2023-12-14 18:17:40',4.87),
(4,26,'2024-01-04 18:17:40',4.90),
(4,26,'2024-01-18 18:17:40',4.99),
(4,26,'2024-02-22 18:17:40',4.95),
(4,26,'2024-03-01 18:17:40',4.01),
(4,26,'2024-04-12 18:17:40',4.95),
(4,26,'2024-05-24 18:17:40',4.90),
(4,26,'2024-05-31 18:17:40',4.39),
(4,26,'2024-07-05 18:17:40',4.80),
(4,26,'2024-07-12 18:17:40',4.17),
(4,26,'2024-07-19 18:17:40',4.27),
(4,26,'2024-08-02 18:17:40',4.80),
(4,26,'2024-08-09 18:17:40',3.73),
(4,26,'2024-09-13 18:17:40',4.80),
(4,26,'2024-09-27 18:17:40',4.96),
(4,26,'2024-10-04 18:17:40',5.05),
(4,26,'2024-10-11 18:17:40',4.24),
(4,26,'2024-11-01 18:17:40',5.05),
(4,26,'2024-11-08 18:17:40',5.00),
(4,26,'2024-12-06 18:17:40',5.07),
(4,26,'2024-12-13 18:17:40',4.49),
(4,27,'2022-10-28 18:17:49',4.99),
(4,27,'2022-12-23 18:17:49',5.04),
(4,27,'2022-12-30 18:17:49',4.65),
(4,27,'2023-01-20 18:17:49',5.04),
(4,27,'2023-02-24 18:17:49',5.25),
(4,27,'2023-03-02 18:17:49',4.62),
(4,27,'2023-03-16 18:17:49',5.25),
(4,27,'2023-04-13 18:17:49',5.48),
(4,27,'2023-04-20 18:17:49',4.45),
(4,27,'2023-06-08 18:17:49',5.48),
(4,27,'2023-06-29 18:17:49',5.47),
(4,27,'2023-07-20 18:17:49',5.41),
(4,27,'2023-08-10 18:17:49',5.49),
(4,27,'2023-08-24 18:17:49',5.57),
(4,27,'2023-09-21 18:17:49',5.52),
(4,27,'2023-09-28 18:17:49',4.25),
(4,27,'2023-11-09 18:17:49',5.52),
(4,27,'2023-11-16 18:17:49',5.53),
(4,27,'2023-12-21 18:17:49',5.59),
(4,27,'2023-12-28 18:17:49',4.99),
(4,27,'2024-01-25 18:17:49',5.59),
(4,27,'2024-02-15 18:17:49',5.78),
(4,27,'2024-04-12 18:17:49',5.94),
(4,27,'2024-05-10 18:17:49',5.93),
(4,27,'2024-05-31 18:17:49',6.02),
(4,27,'2024-06-07 18:17:49',4.80),
(4,27,'2024-07-19 18:17:49',5.89),
(4,27,'2024-08-02 18:17:49',6.05),
(4,27,'2024-08-09 18:17:49',4.99),
(4,27,'2024-08-16 18:17:49',6.05),
(4,27,'2024-10-11 18:17:49',5.89),
(4,27,'2024-12-06 18:17:49',5.90),
(4,27,'2024-12-13 18:17:49',4.99),
(4,28,'2022-10-14 18:18:00',3.39),
(4,28,'2022-10-21 18:18:00',2.34),
(4,28,'2022-10-28 18:18:00',3.39),
(4,28,'2022-12-16 18:18:00',3.48),
(4,28,'2022-12-23 18:18:00',2.99),
(4,28,'2023-01-06 18:18:00',3.48),
(4,28,'2023-01-13 18:18:00',3.10),
(4,28,'2023-02-03 18:18:00',3.50),
(4,28,'2023-03-30 18:18:00',3.53),
(4,28,'2023-05-18 18:18:00',3.57),
(4,28,'2023-05-25 18:18:00',2.48),
(4,28,'2023-07-13 18:18:00',3.57),
(4,28,'2023-08-24 18:18:00',3.62),
(4,28,'2023-08-31 18:18:00',3.19),
(4,28,'2023-09-28 18:18:00',3.62),
(4,28,'2023-10-19 18:18:00',3.55),
(4,28,'2023-11-09 18:18:00',3.67),
(4,28,'2024-02-01 18:18:00',3.62),
(4,28,'2024-02-08 18:18:00',2.68),
(4,28,'2024-04-12 18:18:00',3.62),
(4,28,'2024-04-19 18:18:00',2.67),
(4,28,'2024-04-26 18:18:00',3.62),
(4,28,'2024-05-03 18:18:00',2.74),
(4,28,'2024-05-24 18:18:00',3.75),
(4,28,'2024-05-31 18:18:00',2.80),
(4,28,'2024-06-07 18:18:00',3.75),
(4,28,'2024-07-12 18:18:00',3.91),
(4,28,'2024-07-19 18:18:00',3.16),
(4,28,'2024-08-30 18:18:00',3.91),
(4,28,'2024-09-06 18:18:00',3.39),
(4,28,'2024-09-27 18:18:00',3.91),
(4,28,'2024-11-01 18:18:00',3.95),
(4,28,'2024-11-08 18:18:00',3.30),
(4,28,'2024-12-27 18:18:00',3.95),
(4,29,'2022-12-23 18:18:17',3.00),
(4,29,'2022-12-30 18:18:17',2.22),
(4,29,'2023-02-10 18:18:17',3.00),
(4,29,'2023-02-17 18:18:17',2.39),
(4,29,'2023-05-11 18:18:17',3.00),
(4,29,'2023-07-27 18:18:17',3.06),
(4,29,'2023-08-03 18:18:17',2.63),
(4,29,'2023-08-17 18:18:17',3.06),
(4,29,'2023-09-14 18:18:17',3.17),
(4,29,'2023-10-19 18:18:17',3.23),
(4,29,'2023-11-30 18:18:17',3.30),
(4,29,'2023-12-07 18:18:17',2.34),
(4,29,'2023-12-14 18:18:17',2.69),
(4,29,'2023-12-28 18:18:17',3.30),
(4,29,'2024-01-11 18:18:17',3.34),
(4,29,'2024-01-18 18:18:17',2.61),
(4,29,'2024-02-22 18:18:17',3.34),
(4,29,'2024-04-19 18:18:17',3.25),
(4,29,'2024-05-10 18:18:17',3.24),
(4,29,'2024-05-17 18:18:17',3.25),
(4,29,'2024-05-24 18:18:17',2.74),
(4,29,'2024-05-31 18:18:17',3.25),
(4,29,'2024-07-26 18:18:17',3.24),
(4,29,'2024-08-02 18:18:17',3.12),
(4,29,'2024-08-09 18:18:17',2.27),
(4,29,'2024-08-16 18:18:17',3.12),
(4,29,'2024-10-04 18:18:17',3.07),
(4,29,'2024-11-08 18:18:17',3.00),
(4,29,'2024-11-29 18:18:17',3.07),
(4,30,'2023-04-20 18:18:39',5.09),
(4,30,'2023-07-20 18:18:39',4.99),
(4,30,'2023-07-27 18:18:39',3.59),
(4,30,'2023-08-03 18:18:39',4.99),
(4,30,'2023-08-10 18:18:39',3.52),
(4,30,'2023-08-17 18:18:39',4.99),
(4,30,'2023-08-24 18:18:39',5.04),
(4,30,'2023-08-31 18:18:39',3.92),
(4,30,'2023-09-07 18:18:39',5.04),
(4,30,'2023-09-14 18:18:39',3.56),
(4,30,'2023-10-05 18:18:39',5.04),
(4,30,'2023-10-12 18:18:39',4.27),
(4,30,'2023-11-02 18:18:39',5.04),
(4,30,'2023-11-09 18:18:39',4.29),
(4,30,'2024-01-18 18:18:39',5.04),
(4,30,'2024-02-01 18:18:39',4.99),
(4,30,'2024-03-08 18:18:39',5.03),
(4,30,'2024-06-21 18:18:39',4.99),
(4,30,'2024-06-28 18:18:39',4.47),
(4,30,'2024-07-05 18:18:39',4.99),
(4,30,'2024-09-13 18:18:39',5.09),
(4,30,'2024-09-20 18:18:39',4.52),
(4,30,'2024-10-11 18:18:39',5.09),
(4,30,'2024-10-25 18:18:39',5.02),
(4,30,'2024-12-27 18:18:39',5.08),
(5,1,'2022-10-14 14:50:38',13.27),
(5,1,'2022-10-21 14:50:38',9.74),
(5,1,'2022-10-28 14:50:38',13.27),
(5,1,'2022-11-04 14:50:38',8.30),
(5,1,'2022-12-02 14:50:38',13.27),
(5,1,'2022-12-09 14:50:38',10.32),
(5,1,'2023-01-20 14:50:38',13.27),
(5,1,'2023-02-10 14:50:38',13.21),
(5,1,'2023-03-16 14:50:38',13.41),
(5,1,'2023-03-23 14:50:38',10.18),
(5,1,'2023-03-30 14:50:38',9.70),
(5,1,'2023-04-06 14:50:38',13.41),
(5,1,'2023-04-13 14:50:38',13.31),
(5,1,'2023-04-20 14:50:38',9.65),
(5,1,'2023-06-15 14:50:38',13.31),
(5,1,'2023-07-20 14:50:38',13.65),
(5,1,'2023-07-27 14:50:38',9.12),
(5,1,'2023-08-17 14:50:38',13.65),
(5,1,'2023-10-19 14:50:38',13.54),
(5,1,'2023-12-28 14:50:38',13.56),
(5,1,'2024-01-18 14:50:38',13.64),
(5,1,'2024-01-25 14:50:38',11.00),
(5,1,'2024-02-15 14:50:38',13.64),
(5,1,'2024-03-08 14:50:38',13.68),
(5,1,'2024-03-15 14:50:38',8.55),
(5,1,'2024-03-29 14:50:38',13.68),
(5,1,'2024-04-12 14:50:38',13.63),
(5,1,'2024-04-19 14:50:38',8.93),
(5,1,'2024-06-14 14:50:38',13.63),
(5,1,'2024-06-21 14:50:38',8.79),
(5,1,'2024-08-02 14:50:38',13.73),
(5,1,'2024-08-09 14:50:38',14.01),
(5,1,'2024-08-16 14:50:38',9.45),
(5,1,'2024-08-30 14:50:38',11.99),
(5,1,'2024-09-20 14:50:38',14.01),
(5,1,'2024-11-15 14:50:38',14.06),
(5,1,'2024-11-22 14:50:38',8.69),
(5,1,'2024-11-29 14:50:38',14.06),
(5,1,'2024-12-20 14:50:38',14.11),
(5,2,'2022-10-07 14:49:55',13.19),
(5,2,'2022-10-14 14:49:55',8.51),
(5,2,'2022-10-21 14:49:55',13.19),
(5,2,'2023-01-06 14:49:55',13.12),
(5,2,'2023-02-03 14:49:55',13.24),
(5,2,'2023-02-17 14:49:55',13.18),
(5,2,'2023-02-24 14:49:55',8.31),
(5,2,'2023-03-02 14:49:55',8.33),
(5,2,'2023-04-06 14:49:55',13.18),
(5,2,'2023-04-13 14:49:55',11.22),
(5,2,'2023-05-11 14:49:55',13.18),
(5,2,'2023-07-13 14:49:55',13.27),
(5,2,'2023-07-20 14:49:55',9.50),
(5,2,'2023-08-31 14:49:55',13.27),
(5,2,'2023-09-07 14:49:55',11.19),
(5,2,'2023-09-14 14:49:55',13.30),
(5,2,'2024-01-11 14:49:55',13.25),
(5,2,'2024-02-01 14:49:55',13.28),
(5,2,'2024-02-08 14:49:55',8.09),
(5,2,'2024-02-15 14:49:55',13.28),
(5,2,'2024-02-22 14:49:55',11.60),
(5,2,'2024-03-08 14:49:55',13.28),
(5,2,'2024-03-22 14:49:55',13.01),
(5,2,'2024-03-29 14:49:55',9.82),
(5,2,'2024-05-10 14:49:55',13.01),
(5,2,'2024-05-17 14:49:55',11.21),
(5,2,'2024-05-24 14:49:55',13.01),
(5,2,'2024-05-31 14:49:55',7.81),
(5,2,'2024-06-14 14:49:55',13.01),
(5,2,'2024-06-28 14:49:55',13.07),
(5,2,'2024-07-05 14:49:55',9.88),
(5,2,'2024-07-12 14:49:55',13.16),
(5,2,'2024-07-19 14:49:55',11.40),
(5,2,'2024-08-16 14:49:55',13.30),
(5,2,'2024-08-23 14:49:55',8.03),
(5,2,'2024-10-11 14:49:55',13.30),
(5,2,'2024-10-18 14:49:55',8.49),
(5,2,'2024-10-25 14:49:55',13.30),
(5,2,'2024-12-13 14:49:55',13.47),
(5,2,'2024-12-20 14:49:55',11.12),
(5,2,'2024-12-27 14:49:55',11.64),
(5,3,'2022-11-11 18:11:53',0.35),
(5,3,'2023-02-10 18:11:53',0.39),
(5,3,'2023-04-13 18:11:53',0.38),
(5,3,'2023-04-20 18:11:53',0.37),
(5,3,'2023-06-01 18:11:53',0.44),
(5,3,'2023-06-15 18:11:53',0.45),
(5,3,'2023-06-22 18:11:53',0.43),
(5,3,'2023-07-27 18:11:53',0.45),
(5,3,'2024-03-01 18:11:53',0.43),
(5,3,'2024-09-06 18:11:53',0.42),
(5,3,'2024-10-18 18:11:53',0.46),
(5,3,'2024-11-08 18:11:53',0.53),
(5,3,'2024-11-29 18:11:53',0.57),
(5,4,'2022-12-09 18:12:37',1.09),
(5,4,'2022-12-16 18:12:37',1.12),
(5,4,'2022-12-23 18:12:37',0.96),
(5,4,'2022-12-30 18:12:37',0.93),
(5,4,'2023-01-06 18:12:37',0.94),
(5,4,'2023-01-27 18:12:37',1.12),
(5,4,'2023-03-16 18:12:37',1.09),
(5,4,'2023-03-23 18:12:37',0.90),
(5,4,'2023-05-11 18:12:37',1.09),
(5,4,'2023-05-25 18:12:37',1.12),
(5,4,'2023-06-01 18:12:37',1.15),
(5,4,'2023-06-08 18:12:37',0.95),
(5,4,'2023-06-15 18:12:37',1.15),
(5,4,'2023-06-22 18:12:37',1.03),
(5,4,'2023-06-29 18:12:37',1.15),
(5,4,'2023-07-13 18:12:37',1.11),
(5,4,'2023-07-20 18:12:37',0.96),
(5,4,'2023-07-27 18:12:37',0.92),
(5,4,'2023-08-17 18:12:37',1.09),
(5,4,'2023-09-07 18:12:37',1.10),
(5,4,'2023-10-05 18:12:37',1.09),
(5,4,'2023-10-26 18:12:37',1.15),
(5,4,'2023-11-02 18:12:37',1.01),
(5,4,'2023-12-21 18:12:37',1.15),
(5,4,'2023-12-28 18:12:37',0.96),
(5,4,'2024-01-04 18:12:37',1.07),
(5,4,'2024-01-11 18:12:37',0.98),
(5,4,'2024-05-31 18:12:37',1.15),
(5,4,'2024-06-14 18:12:37',1.14),
(5,4,'2024-06-21 18:12:37',0.94),
(5,4,'2024-07-12 18:12:37',1.14),
(5,4,'2024-07-19 18:12:37',0.95),
(5,4,'2024-08-09 18:12:37',1.14),
(5,4,'2024-09-13 18:12:37',1.12),
(5,4,'2024-12-13 18:12:37',1.09),
(5,4,'2024-12-20 18:12:37',0.94),
(5,4,'2024-12-27 18:12:37',0.91),
(5,5,'2022-10-28 18:12:54',10.99),
(5,5,'2022-11-04 18:12:54',8.13),
(5,5,'2022-11-11 18:12:54',6.83),
(5,5,'2022-11-18 18:12:54',10.99),
(5,5,'2022-11-25 18:12:54',6.68),
(5,5,'2022-12-02 18:12:54',10.99),
(5,5,'2022-12-16 18:12:54',11.06),
(5,5,'2022-12-23 18:12:54',6.25),
(5,5,'2023-01-06 18:12:54',10.99),
(5,5,'2023-01-13 18:12:54',5.85),
(5,5,'2023-03-16 18:12:54',10.99),
(5,5,'2023-03-23 18:12:54',6.47),
(5,5,'2023-04-06 18:12:54',10.99),
(5,5,'2023-05-11 18:12:54',11.25),
(5,5,'2023-05-25 18:12:54',11.40),
(5,5,'2023-08-10 18:12:54',11.43),
(5,5,'2023-08-17 18:12:54',6.13),
(5,5,'2023-10-12 18:12:54',11.43),
(5,5,'2023-10-19 18:12:54',7.32),
(5,5,'2023-10-26 18:12:54',7.83),
(5,5,'2023-12-07 18:12:54',11.43),
(5,5,'2023-12-21 18:12:54',11.50),
(5,5,'2023-12-28 18:12:54',7.79),
(5,5,'2024-01-04 18:12:54',11.50),
(5,5,'2024-01-11 18:12:54',11.24),
(5,5,'2024-01-18 18:12:54',6.70),
(5,5,'2024-01-25 18:12:54',7.16),
(5,5,'2024-03-01 18:12:54',11.24),
(5,5,'2024-03-08 18:12:54',6.41),
(5,5,'2024-04-05 18:12:54',11.49),
(5,5,'2024-05-03 18:12:54',11.59),
(5,5,'2024-05-10 18:12:54',7.98),
(5,5,'2024-07-05 18:12:54',11.56),
(5,5,'2024-07-12 18:12:54',6.58),
(5,5,'2024-07-19 18:12:54',8.35),
(5,5,'2024-08-23 18:12:54',11.56),
(5,5,'2024-08-30 18:12:54',7.27),
(5,5,'2024-09-13 18:12:54',11.73),
(5,5,'2024-09-20 18:12:54',11.86),
(5,5,'2024-11-22 18:12:54',11.81),
(5,5,'2024-11-29 18:12:54',7.37),
(5,5,'2024-12-13 18:12:54',11.87),
(5,5,'2024-12-20 18:12:54',11.65),
(5,6,'2022-11-25 18:13:01',1.79),
(5,6,'2022-12-02 18:13:01',1.46),
(5,6,'2023-03-23 18:13:01',1.79),
(5,6,'2023-06-22 18:13:01',1.81),
(5,6,'2023-08-24 18:13:01',1.83),
(5,6,'2023-10-12 18:13:01',1.81),
(5,6,'2023-10-19 18:13:01',1.33),
(5,6,'2023-10-26 18:13:01',1.81),
(5,6,'2023-11-02 18:13:01',1.19),
(5,6,'2023-11-23 18:13:01',1.81),
(5,6,'2023-11-30 18:13:01',1.89),
(5,6,'2024-03-01 18:13:01',1.86),
(5,6,'2024-03-15 18:13:01',1.96),
(5,6,'2024-04-05 18:13:01',1.93),
(5,6,'2024-07-12 18:13:01',2.00),
(5,6,'2024-07-26 18:13:01',1.96),
(5,6,'2024-08-02 18:13:01',1.53),
(5,6,'2024-08-23 18:13:01',1.96),
(5,6,'2024-08-30 18:13:01',1.66),
(5,6,'2024-09-20 18:13:01',1.96),
(5,6,'2024-10-04 18:13:01',2.04),
(5,6,'2024-10-11 18:13:01',2.10),
(5,6,'2024-10-18 18:13:01',1.64),
(5,6,'2024-11-08 18:13:01',2.10),
(5,6,'2024-11-15 18:13:01',1.79),
(5,6,'2024-12-06 18:13:01',2.10),
(5,6,'2024-12-13 18:13:01',1.64),
(5,6,'2024-12-20 18:13:01',2.10),
(5,6,'2024-12-27 18:13:01',1.52),
(5,7,'2022-11-04 18:13:12',2.53),
(5,7,'2022-11-11 18:13:12',2.57),
(5,7,'2023-02-03 18:13:12',2.56),
(5,7,'2023-02-10 18:13:12',2.58),
(5,7,'2023-03-09 18:13:12',2.60),
(5,7,'2023-04-20 18:13:12',2.63),
(5,7,'2023-06-29 18:13:12',2.71),
(5,7,'2023-07-27 18:13:12',2.70),
(5,7,'2023-08-03 18:13:12',1.70),
(5,7,'2023-08-17 18:13:12',2.70),
(5,7,'2023-11-02 18:13:12',2.73),
(5,7,'2023-11-09 18:13:12',2.76),
(5,7,'2024-05-10 18:13:12',2.71),
(5,7,'2024-05-17 18:13:12',1.59),
(5,7,'2024-06-21 18:13:12',2.69),
(5,7,'2024-07-12 18:13:12',2.74),
(5,7,'2024-08-09 18:13:12',2.72),
(5,7,'2024-08-23 18:13:12',2.74),
(5,7,'2024-09-20 18:13:12',2.78),
(5,7,'2024-09-27 18:13:12',1.42),
(5,7,'2024-10-18 18:13:12',2.78),
(5,7,'2024-11-08 18:13:12',2.75),
(5,7,'2024-11-15 18:13:12',1.42),
(5,7,'2024-11-29 18:13:12',2.75),
(5,7,'2024-12-06 18:13:12',1.90),
(5,7,'2024-12-20 18:13:12',2.75),
(5,7,'2024-12-27 18:13:12',1.56),
(5,8,'2022-12-02 18:13:19',3.05),
(5,8,'2023-01-06 18:13:19',2.99),
(5,8,'2023-01-27 18:13:19',3.15),
(5,8,'2023-02-03 18:13:19',3.18),
(5,8,'2023-03-23 18:13:19',3.11),
(5,8,'2023-04-06 18:13:19',3.08),
(5,8,'2023-04-13 18:13:19',2.70),
(5,8,'2023-06-22 18:13:19',3.02),
(5,8,'2023-06-29 18:13:19',2.66),
(5,8,'2023-07-06 18:13:19',3.02),
(5,8,'2023-07-13 18:13:19',2.52),
(5,8,'2023-08-03 18:13:19',3.02),
(5,8,'2023-08-10 18:13:19',2.37),
(5,8,'2023-08-24 18:13:19',3.02),
(5,8,'2023-09-07 18:13:19',2.99),
(5,8,'2023-09-14 18:13:19',2.48),
(5,8,'2023-11-02 18:13:19',2.99),
(5,8,'2023-11-09 18:13:19',2.25),
(5,8,'2023-11-30 18:13:19',2.99),
(5,8,'2023-12-14 18:13:19',3.06),
(5,8,'2023-12-21 18:13:19',3.10),
(5,8,'2024-02-08 18:13:19',3.11),
(5,8,'2024-02-15 18:13:19',3.08),
(5,8,'2024-03-01 18:13:19',3.16),
(5,8,'2024-05-03 18:13:19',3.17),
(5,8,'2024-06-28 18:13:19',3.10),
(5,8,'2024-07-12 18:13:19',3.21),
(5,8,'2024-07-19 18:13:19',2.66),
(5,8,'2024-09-27 18:13:19',3.21),
(5,8,'2024-10-04 18:13:19',2.78),
(5,8,'2024-10-25 18:13:19',3.21),
(5,8,'2024-11-01 18:13:19',2.72),
(5,8,'2024-11-29 18:13:19',3.21),
(5,9,'2022-10-14 18:13:26',2.49),
(5,9,'2022-10-21 18:13:26',1.72),
(5,9,'2022-11-04 18:13:26',2.52),
(5,9,'2022-12-02 18:13:26',2.49),
(5,9,'2022-12-09 18:13:26',2.23),
(5,9,'2022-12-16 18:13:26',1.99),
(5,9,'2023-05-25 18:13:26',2.49),
(5,9,'2023-06-08 18:13:26',2.61),
(5,9,'2023-06-15 18:13:26',2.76),
(5,9,'2023-06-22 18:13:26',2.01),
(5,9,'2023-10-12 18:13:26',2.76),
(5,9,'2023-10-19 18:13:26',2.36),
(5,9,'2023-10-26 18:13:26',2.76),
(5,9,'2023-11-02 18:13:26',1.95),
(5,9,'2023-11-30 18:13:26',2.76),
(5,9,'2023-12-21 18:13:26',2.69),
(5,9,'2023-12-28 18:13:26',2.20),
(5,9,'2024-01-18 18:13:26',2.69),
(5,9,'2024-01-25 18:13:26',2.32),
(5,9,'2024-03-15 18:13:26',2.69),
(5,9,'2024-03-22 18:13:26',2.36),
(5,9,'2024-06-07 18:13:26',2.69),
(5,9,'2024-06-14 18:13:26',1.85),
(5,9,'2024-06-21 18:13:26',2.69),
(5,9,'2024-06-28 18:13:26',1.94),
(5,9,'2024-07-05 18:13:26',2.69),
(5,9,'2024-07-12 18:13:26',1.86),
(5,9,'2024-07-19 18:13:26',2.69),
(5,9,'2024-07-26 18:13:26',2.39),
(5,9,'2024-08-09 18:13:26',2.72),
(5,9,'2024-09-06 18:13:26',2.63),
(5,9,'2024-09-20 18:13:26',2.64),
(5,9,'2024-10-11 18:13:26',2.62),
(5,9,'2024-11-15 18:13:26',2.63),
(5,10,'2023-02-24 18:13:35',14.57),
(5,10,'2023-03-02 18:13:35',4.97),
(5,10,'2023-03-23 18:13:35',14.57),
(5,10,'2023-04-13 18:13:35',14.63),
(5,10,'2023-05-11 18:13:35',14.57),
(5,10,'2023-05-18 18:13:35',8.22),
(5,10,'2023-05-25 18:13:35',10.45),
(5,10,'2023-06-29 18:13:35',14.57),
(5,10,'2023-07-06 18:13:35',5.02),
(5,10,'2023-10-19 18:13:35',14.57),
(5,10,'2023-11-02 18:13:35',14.44),
(5,10,'2024-01-04 18:13:35',14.17),
(5,10,'2024-01-11 18:13:35',14.16),
(5,10,'2024-01-18 18:13:35',9.80),
(5,10,'2024-03-08 18:13:35',14.16),
(5,10,'2024-03-29 18:13:35',14.09),
(5,10,'2024-05-24 18:13:35',14.11),
(5,10,'2024-07-05 18:13:35',14.30),
(5,10,'2024-07-12 18:13:35',6.63),
(5,10,'2024-08-16 18:13:35',14.30),
(5,10,'2024-08-23 18:13:35',14.24),
(5,10,'2024-08-30 18:13:35',6.10),
(5,10,'2024-09-27 18:13:35',14.37),
(5,10,'2024-11-15 18:13:35',14.39),
(5,10,'2024-11-22 18:13:35',9.70),
(5,10,'2024-11-29 18:13:35',9.96),
(5,10,'2024-12-13 18:13:35',14.39),
(5,10,'2024-12-20 18:13:35',6.56),
(5,11,'2022-10-21 18:13:42',3.42),
(5,11,'2022-11-04 18:13:42',3.39),
(5,11,'2023-01-27 18:13:42',3.47),
(5,11,'2023-03-30 18:13:42',3.58),
(5,11,'2023-04-06 18:13:42',2.02),
(5,11,'2023-07-13 18:13:42',3.58),
(5,11,'2023-09-28 18:13:42',3.42),
(5,11,'2023-10-12 18:13:42',3.39),
(5,11,'2023-10-19 18:13:42',1.74),
(5,11,'2023-10-26 18:13:42',3.02),
(5,11,'2023-11-09 18:13:42',3.39),
(5,11,'2023-11-16 18:13:42',1.82),
(5,11,'2023-12-07 18:13:42',3.39),
(5,11,'2024-01-04 18:13:42',3.43),
(5,11,'2024-01-11 18:13:42',2.59),
(5,11,'2024-02-22 18:13:42',3.43),
(5,11,'2024-03-15 18:13:42',3.54),
(5,11,'2024-03-22 18:13:42',2.96),
(5,11,'2024-04-12 18:13:42',3.54),
(5,11,'2024-04-19 18:13:42',1.99),
(5,11,'2024-04-26 18:13:42',1.87),
(5,11,'2024-06-28 18:13:42',3.54),
(5,11,'2024-09-06 18:13:42',3.57),
(5,11,'2024-09-13 18:13:42',2.60),
(5,11,'2024-11-29 18:13:42',3.57),
(5,11,'2024-12-06 18:13:42',2.02),
(5,11,'2024-12-20 18:13:42',3.57),
(5,12,'2022-10-14 18:13:52',8.31),
(5,12,'2022-11-18 18:13:52',8.15),
(5,12,'2022-11-25 18:13:52',6.44),
(5,12,'2022-12-02 18:13:52',8.29),
(5,12,'2022-12-09 18:13:52',8.31),
(5,12,'2022-12-16 18:13:52',8.43),
(5,12,'2023-01-20 18:13:52',8.54),
(5,12,'2023-02-17 18:13:52',8.47),
(5,12,'2023-02-24 18:13:52',6.88),
(5,12,'2023-03-23 18:13:52',8.48),
(5,12,'2023-06-15 18:13:52',8.38),
(5,12,'2023-06-22 18:13:52',6.81),
(5,12,'2023-11-30 18:13:52',8.38),
(5,12,'2023-12-07 18:13:52',6.96),
(5,12,'2023-12-28 18:13:52',8.38),
(5,12,'2024-03-01 18:13:52',8.63),
(5,12,'2024-04-12 18:13:52',8.55),
(5,12,'2024-04-19 18:13:52',8.53),
(5,12,'2024-05-10 18:13:52',8.42),
(5,12,'2024-08-02 18:13:52',8.54),
(5,12,'2024-08-09 18:13:52',8.61),
(5,12,'2024-10-04 18:13:52',8.85),
(5,12,'2024-12-20 18:13:52',8.81),
(5,13,'2022-12-02 18:14:01',3.55),
(5,13,'2022-12-09 18:14:01',2.58),
(5,13,'2023-01-06 18:14:01',3.55),
(5,13,'2023-01-13 18:14:01',2.66),
(5,13,'2023-02-17 18:14:01',3.55),
(5,13,'2023-04-06 18:14:01',3.69),
(5,13,'2023-04-13 18:14:01',3.30),
(5,13,'2023-04-20 18:14:01',3.06),
(5,13,'2023-06-08 18:14:01',3.69),
(5,13,'2023-06-15 18:14:01',3.62),
(5,13,'2023-06-22 18:14:01',3.25),
(5,13,'2023-06-29 18:14:01',3.62),
(5,13,'2023-07-06 18:14:01',3.56),
(5,13,'2023-08-17 18:14:01',3.61),
(5,13,'2023-08-31 18:14:01',3.76),
(5,13,'2023-09-28 18:14:01',3.75),
(5,13,'2023-10-05 18:14:01',3.33),
(5,13,'2023-10-19 18:14:01',3.75),
(5,13,'2023-12-21 18:14:01',3.74),
(5,13,'2023-12-28 18:14:01',2.72),
(5,13,'2024-01-04 18:14:01',3.67),
(5,13,'2024-01-11 18:14:01',3.68),
(5,13,'2024-01-18 18:14:01',2.71),
(5,13,'2024-01-25 18:14:01',3.09),
(5,13,'2024-02-01 18:14:01',2.66),
(5,13,'2024-02-15 18:14:01',3.68),
(5,13,'2024-02-22 18:14:01',2.94),
(5,13,'2024-04-12 18:14:01',3.68),
(5,13,'2024-04-19 18:14:01',3.56),
(5,13,'2024-04-26 18:14:01',2.77),
(5,13,'2024-05-03 18:14:01',2.50),
(5,13,'2024-05-10 18:14:01',3.56),
(5,13,'2024-05-24 18:14:01',3.59),
(5,13,'2024-07-19 18:14:01',3.60),
(5,13,'2024-07-26 18:14:01',3.08),
(5,13,'2024-08-09 18:14:01',3.60),
(5,13,'2024-08-16 18:14:01',2.70),
(5,13,'2024-08-30 18:14:01',3.60),
(5,13,'2024-12-06 18:14:01',3.62),
(5,13,'2024-12-13 18:14:01',3.57),
(5,13,'2024-12-20 18:14:01',3.56),
(5,14,'2022-10-07 18:14:09',1.52),
(5,14,'2022-10-14 18:14:09',1.28),
(5,14,'2022-12-09 18:14:09',1.52),
(5,14,'2022-12-16 18:14:09',1.25),
(5,14,'2022-12-23 18:14:09',1.52),
(5,14,'2023-02-10 18:14:09',1.54),
(5,14,'2023-02-17 18:14:09',1.23),
(5,14,'2023-03-23 18:14:09',1.54),
(5,14,'2023-03-30 18:14:09',1.35),
(5,14,'2023-04-06 18:14:09',1.25),
(5,14,'2023-04-13 18:14:09',1.54),
(5,14,'2023-05-18 18:14:09',1.43),
(5,14,'2023-12-21 18:14:09',1.40),
(5,14,'2023-12-28 18:14:09',1.09),
(5,14,'2024-02-22 18:14:09',1.40),
(5,14,'2024-04-19 18:14:09',1.44),
(5,14,'2024-04-26 18:14:09',1.48),
(5,14,'2024-05-03 18:14:09',1.23),
(5,14,'2024-05-24 18:14:09',1.48),
(5,14,'2024-11-15 18:14:09',1.45),
(5,15,'2022-10-07 18:14:17',7.78),
(5,15,'2022-10-14 18:14:17',6.46),
(5,15,'2022-11-04 18:14:17',7.78),
(5,15,'2022-12-02 18:14:17',7.74),
(5,15,'2022-12-09 18:14:17',6.27),
(5,15,'2022-12-30 18:14:17',7.74),
(5,15,'2023-01-06 18:14:17',7.85),
(5,15,'2023-02-24 18:14:17',8.00),
(5,15,'2023-03-16 18:14:17',7.90),
(5,15,'2023-04-20 18:14:17',7.98),
(5,15,'2023-06-22 18:14:17',8.11),
(5,15,'2023-06-29 18:14:17',6.88),
(5,15,'2023-07-13 18:14:17',8.11),
(5,15,'2023-10-05 18:14:17',8.08),
(5,15,'2024-01-11 18:14:17',8.20),
(5,15,'2024-02-08 18:14:17',8.21),
(5,15,'2024-02-15 18:14:17',8.20),
(5,15,'2024-03-29 18:14:17',8.24),
(5,15,'2024-04-05 18:14:17',8.02),
(5,15,'2024-04-12 18:14:17',6.72),
(5,15,'2024-08-02 18:14:17',8.02),
(5,15,'2024-08-09 18:14:17',6.39),
(5,15,'2024-10-04 18:14:17',8.02),
(5,15,'2024-10-18 18:14:17',8.14),
(5,15,'2024-10-25 18:14:17',8.00),
(5,15,'2024-11-08 18:14:17',8.28),
(5,15,'2024-11-15 18:14:17',6.64),
(5,15,'2024-11-29 18:14:17',8.28),
(5,15,'2024-12-06 18:14:17',6.65),
(5,16,'2022-11-18 18:14:26',2.01),
(5,16,'2022-11-25 18:14:26',1.76),
(5,16,'2022-12-02 18:14:26',1.83),
(5,16,'2022-12-09 18:14:26',2.01),
(5,16,'2023-01-13 18:14:26',1.99),
(5,16,'2023-02-03 18:14:26',2.06),
(5,16,'2023-02-10 18:14:26',1.95),
(5,16,'2023-02-17 18:14:26',2.06),
(5,16,'2023-02-24 18:14:26',1.87),
(5,16,'2023-03-02 18:14:26',1.79),
(5,16,'2023-03-09 18:14:26',1.77),
(5,16,'2023-03-16 18:14:26',2.06),
(5,16,'2023-03-23 18:14:26',1.85),
(5,16,'2023-04-20 18:14:26',2.06),
(5,16,'2023-04-27 18:14:26',1.92),
(5,16,'2023-05-04 18:14:26',2.06),
(5,16,'2023-05-11 18:14:26',1.85),
(5,16,'2023-06-15 18:14:26',2.06),
(5,16,'2023-06-22 18:14:26',2.07),
(5,16,'2023-08-10 18:14:26',2.04),
(5,16,'2023-08-31 18:14:26',2.08),
(5,16,'2023-09-07 18:14:26',2.11),
(5,16,'2023-09-14 18:14:26',1.85),
(5,16,'2023-09-21 18:14:26',2.11),
(5,16,'2023-09-28 18:14:26',1.98),
(5,16,'2023-10-26 18:14:26',2.11),
(5,16,'2023-11-02 18:14:26',1.87),
(5,16,'2023-11-09 18:14:26',1.88),
(5,16,'2023-11-16 18:14:26',2.11),
(5,16,'2023-11-23 18:14:26',1.99),
(5,16,'2023-12-07 18:14:26',2.11),
(5,16,'2023-12-14 18:14:26',1.83),
(5,16,'2023-12-28 18:14:26',2.11),
(5,16,'2024-01-18 18:14:26',2.13),
(5,16,'2024-01-25 18:14:26',1.96),
(5,16,'2024-05-10 18:14:26',2.13),
(5,16,'2024-05-17 18:14:26',2.16),
(5,16,'2024-05-24 18:14:26',1.99),
(5,16,'2024-08-16 18:14:26',2.16),
(5,16,'2024-09-06 18:14:26',2.15),
(5,16,'2024-09-13 18:14:26',1.87),
(5,16,'2024-11-08 18:14:26',2.15),
(5,16,'2024-12-20 18:14:26',2.18),
(5,16,'2024-12-27 18:14:26',2.19),
(5,17,'2022-10-14 18:14:36',1.87),
(5,17,'2022-10-21 18:14:36',1.32),
(5,17,'2022-11-25 18:14:36',1.96),
(5,17,'2022-12-16 18:14:36',1.94),
(5,17,'2022-12-23 18:14:36',1.54),
(5,17,'2023-01-13 18:14:36',1.94),
(5,17,'2023-02-24 18:14:36',1.90),
(5,17,'2023-03-02 18:14:36',1.59),
(5,17,'2023-03-09 18:14:36',1.90),
(5,17,'2023-05-11 18:14:36',1.89),
(5,17,'2023-05-18 18:14:36',1.93),
(5,17,'2023-06-01 18:14:36',1.96),
(5,17,'2023-08-24 18:14:36',1.94),
(5,17,'2023-09-14 18:14:36',1.99),
(5,17,'2023-11-16 18:14:36',1.95),
(5,17,'2023-11-23 18:14:36',1.50),
(5,17,'2024-03-08 18:14:36',1.99),
(5,17,'2024-03-15 18:14:36',1.59),
(5,17,'2024-04-05 18:14:36',1.99),
(5,17,'2024-04-26 18:14:36',2.09),
(5,17,'2024-05-03 18:14:36',1.59),
(5,17,'2024-06-21 18:14:36',2.07),
(5,17,'2024-08-09 18:14:36',2.18),
(5,17,'2024-08-16 18:14:36',1.59),
(5,17,'2024-08-23 18:14:36',2.18),
(5,17,'2024-09-20 18:14:36',2.23),
(5,17,'2024-09-27 18:14:36',2.34),
(5,17,'2024-10-18 18:14:36',2.36),
(5,18,'2022-10-07 18:14:53',4.49),
(5,18,'2022-10-14 18:14:53',3.86),
(5,18,'2022-10-28 18:14:53',4.49),
(5,18,'2022-11-04 18:14:53',4.56),
(5,18,'2022-11-11 18:14:53',3.89),
(5,18,'2022-11-25 18:14:53',4.56),
(5,18,'2022-12-23 18:14:53',4.49),
(5,18,'2022-12-30 18:14:53',4.50),
(5,18,'2023-01-06 18:14:53',3.44),
(5,18,'2023-02-10 18:14:53',4.50),
(5,18,'2023-02-17 18:14:53',3.77),
(5,18,'2023-03-09 18:14:53',4.50),
(5,18,'2023-04-27 18:14:53',4.60),
(5,18,'2023-06-01 18:14:53',4.74),
(5,18,'2023-06-22 18:14:53',4.76),
(5,18,'2023-10-19 18:14:53',4.81),
(5,18,'2023-11-02 18:14:53',4.92),
(5,18,'2023-11-16 18:14:53',4.85),
(5,18,'2024-01-11 18:14:53',4.81),
(5,18,'2024-01-25 18:14:53',4.87),
(5,18,'2024-02-01 18:14:53',4.86),
(5,18,'2024-02-08 18:14:53',4.03),
(5,18,'2024-03-01 18:14:53',4.92),
(5,18,'2024-03-08 18:14:53',4.12),
(5,18,'2024-03-15 18:14:53',4.92),
(5,18,'2024-05-03 18:14:53',4.96),
(5,18,'2024-05-10 18:14:53',5.06),
(5,18,'2024-05-17 18:14:53',3.90),
(5,18,'2024-05-24 18:14:53',4.98),
(5,18,'2024-05-31 18:14:53',3.63),
(5,18,'2024-06-21 18:14:53',4.98),
(5,18,'2024-06-28 18:14:53',4.95),
(5,18,'2024-07-05 18:14:53',4.10),
(5,18,'2024-07-12 18:14:53',5.00),
(5,18,'2024-07-19 18:14:53',3.98),
(5,18,'2024-08-30 18:14:53',5.04),
(5,18,'2024-09-06 18:14:53',3.87),
(5,18,'2024-09-13 18:14:53',3.64),
(5,18,'2024-11-01 18:14:53',5.04),
(5,18,'2024-12-13 18:14:53',5.20),
(5,19,'2023-01-13 18:15:00',4.99),
(5,19,'2023-01-20 18:15:00',5.09),
(5,19,'2023-01-27 18:15:00',4.14),
(5,19,'2023-03-16 18:15:00',5.09),
(5,19,'2023-03-30 18:15:00',5.18),
(5,19,'2023-05-18 18:15:00',5.36),
(5,19,'2023-07-13 18:15:00',5.45),
(5,19,'2023-07-20 18:15:00',4.29),
(5,19,'2023-08-03 18:15:00',5.45),
(5,19,'2023-08-10 18:15:00',3.85),
(5,19,'2023-08-17 18:15:00',5.45),
(5,19,'2023-09-07 18:15:00',5.55),
(5,19,'2023-10-12 18:15:00',5.65),
(5,19,'2023-10-19 18:15:00',4.31),
(5,19,'2023-12-21 18:15:00',5.76),
(5,19,'2023-12-28 18:15:00',4.99),
(5,19,'2024-01-25 18:15:00',5.76),
(5,19,'2024-02-01 18:15:00',4.18),
(5,19,'2024-02-08 18:15:00',4.99),
(5,19,'2024-03-08 18:15:00',5.67),
(5,19,'2024-05-17 18:15:00',5.62),
(5,19,'2024-05-24 18:15:00',4.72),
(5,19,'2024-05-31 18:15:00',4.31),
(5,19,'2024-07-12 18:15:00',5.62),
(5,19,'2024-07-19 18:15:00',4.42),
(5,19,'2024-08-02 18:15:00',5.62),
(5,19,'2024-08-16 18:15:00',5.58),
(5,19,'2024-10-11 18:15:00',5.59),
(5,19,'2024-12-13 18:15:00',5.52),
(5,19,'2024-12-20 18:15:00',4.95),
(5,20,'2022-10-07 18:15:06',5.79),
(5,20,'2022-10-28 18:15:06',5.80),
(5,20,'2022-11-11 18:15:06',5.88),
(5,20,'2022-11-18 18:15:06',4.96),
(5,20,'2022-11-25 18:15:06',5.88),
(5,20,'2022-12-23 18:15:06',5.99),
(5,20,'2022-12-30 18:15:06',4.26),
(5,20,'2023-04-20 18:15:06',5.99),
(5,20,'2023-08-10 18:15:06',5.96),
(5,20,'2023-08-17 18:15:06',5.25),
(5,20,'2023-09-21 18:15:06',5.96),
(5,20,'2023-10-05 18:15:06',5.87),
(5,20,'2023-10-12 18:15:06',5.02),
(5,20,'2023-10-26 18:15:06',5.87),
(5,20,'2023-11-02 18:15:06',5.86),
(5,20,'2023-11-09 18:15:06',4.50),
(5,20,'2023-12-14 18:15:06',5.86),
(5,20,'2023-12-21 18:15:06',5.85),
(5,20,'2023-12-28 18:15:06',5.95),
(5,20,'2024-01-04 18:15:06',4.62),
(5,20,'2024-02-01 18:15:06',5.95),
(5,20,'2024-02-22 18:15:06',5.87),
(5,20,'2024-05-03 18:15:06',5.97),
(5,20,'2024-05-17 18:15:06',6.14),
(5,20,'2024-05-24 18:15:06',5.28),
(5,20,'2024-06-07 18:15:06',6.14),
(5,20,'2024-06-28 18:15:06',6.22),
(5,20,'2024-07-05 18:15:06',4.60),
(5,20,'2024-07-12 18:15:06',6.22),
(5,20,'2024-07-19 18:15:06',4.94),
(5,20,'2024-07-26 18:15:06',4.99),
(5,20,'2024-08-09 18:15:06',6.22),
(5,20,'2024-09-13 18:15:06',6.30),
(5,20,'2024-10-04 18:15:06',6.28),
(5,20,'2024-10-25 18:15:06',6.37),
(5,20,'2024-11-01 18:15:06',6.34),
(5,20,'2024-11-08 18:15:06',5.08),
(5,20,'2024-11-22 18:15:06',6.34),
(5,20,'2024-11-29 18:15:06',4.76),
(5,21,'2022-10-28 18:15:13',6.79),
(5,21,'2022-11-04 18:15:13',5.02),
(5,21,'2022-12-02 18:15:13',6.79),
(5,21,'2022-12-09 18:15:13',5.86),
(5,21,'2023-03-16 18:15:13',6.79),
(5,21,'2023-03-23 18:15:13',5.29),
(5,21,'2023-05-11 18:15:13',6.79),
(5,21,'2023-05-18 18:15:13',5.66),
(5,21,'2023-05-25 18:15:13',6.79),
(5,21,'2023-06-01 18:15:13',5.68),
(5,21,'2023-06-08 18:15:13',5.47),
(5,21,'2023-08-03 18:15:13',6.79),
(5,21,'2023-10-12 18:15:13',6.84),
(5,21,'2023-11-02 18:15:13',6.79),
(5,21,'2023-11-23 18:15:13',6.88),
(5,21,'2023-11-30 18:15:13',5.81),
(5,21,'2024-06-07 18:15:13',6.88),
(5,21,'2024-07-05 18:15:13',6.87),
(5,21,'2024-07-12 18:15:13',5.39),
(5,21,'2024-08-30 18:15:13',6.87),
(5,21,'2024-10-11 18:15:13',6.89),
(5,21,'2024-10-18 18:15:13',6.14),
(5,21,'2024-11-15 18:15:13',6.89),
(5,21,'2024-11-22 18:15:13',5.16),
(5,21,'2024-12-20 18:15:13',6.89),
(5,22,'2022-11-11 18:15:24',2.49),
(5,22,'2022-12-02 18:15:24',2.55),
(5,22,'2022-12-23 18:15:24',2.49),
(5,22,'2023-01-06 18:15:24',2.54),
(5,22,'2023-01-13 18:15:24',2.58),
(5,22,'2023-03-23 18:15:24',2.63),
(5,22,'2023-05-11 18:15:24',2.68),
(5,22,'2023-05-18 18:15:24',2.71),
(5,22,'2023-06-01 18:15:24',2.68),
(5,22,'2023-06-29 18:15:24',2.83),
(5,22,'2023-07-06 18:15:24',2.78),
(5,22,'2023-07-20 18:15:24',2.73),
(5,22,'2023-07-27 18:15:24',2.74),
(5,22,'2023-08-10 18:15:24',2.73),
(5,22,'2023-08-31 18:15:24',2.60),
(5,22,'2023-10-05 18:15:24',2.67),
(5,22,'2023-10-12 18:15:24',2.68),
(5,22,'2023-11-23 18:15:24',2.72),
(5,22,'2023-12-07 18:15:24',2.80),
(5,22,'2023-12-28 18:15:24',2.76),
(5,22,'2024-02-08 18:15:24',2.80),
(5,22,'2024-03-01 18:15:24',2.74),
(5,22,'2024-03-29 18:15:24',2.88),
(5,22,'2024-04-12 18:15:24',2.89),
(5,22,'2024-05-03 18:15:24',2.91),
(5,22,'2024-05-10 18:15:24',2.92),
(5,22,'2024-05-17 18:15:24',2.87),
(5,22,'2024-05-24 18:15:24',2.78),
(5,22,'2024-05-31 18:15:24',2.76),
(5,22,'2024-06-07 18:15:24',2.86),
(5,22,'2024-06-21 18:15:24',2.90),
(5,22,'2024-07-19 18:15:24',2.98),
(5,22,'2024-08-23 18:15:24',3.02),
(5,22,'2024-10-18 18:15:24',3.01),
(5,22,'2024-12-13 18:15:24',3.03),
(5,23,'2022-10-21 18:15:52',2.29),
(5,23,'2022-10-28 18:15:52',2.04),
(5,23,'2022-11-25 18:15:52',2.29),
(5,23,'2022-12-02 18:15:52',1.84),
(5,23,'2022-12-23 18:15:52',2.29),
(5,23,'2023-01-06 18:15:52',2.35),
(5,23,'2023-02-10 18:15:52',2.40),
(5,23,'2023-02-17 18:15:52',2.11),
(5,23,'2023-03-09 18:15:52',2.40),
(5,23,'2023-03-16 18:15:52',2.50),
(5,23,'2023-05-11 18:15:52',2.49),
(5,23,'2023-05-25 18:15:52',2.52),
(5,23,'2023-06-08 18:15:52',2.51),
(5,23,'2023-07-20 18:15:52',2.53),
(5,23,'2023-08-03 18:15:52',2.52),
(5,23,'2023-08-10 18:15:52',2.16),
(5,23,'2023-08-17 18:15:52',2.52),
(5,23,'2023-09-07 18:15:52',2.58),
(5,23,'2023-10-05 18:15:52',2.60),
(5,23,'2023-10-12 18:15:52',2.10),
(5,23,'2023-11-16 18:15:52',2.60),
(5,23,'2023-11-23 18:15:52',2.29),
(5,23,'2024-01-18 18:15:52',2.61),
(5,23,'2024-01-25 18:15:52',2.11),
(5,23,'2024-02-08 18:15:52',2.61),
(5,23,'2024-02-15 18:15:52',2.29),
(5,23,'2024-03-08 18:15:52',2.59),
(5,23,'2024-03-15 18:15:52',2.12),
(5,23,'2024-03-22 18:15:52',2.29),
(5,23,'2024-03-29 18:15:52',2.59),
(5,23,'2024-04-19 18:15:52',2.53),
(5,23,'2024-04-26 18:15:52',2.20),
(5,23,'2024-05-03 18:15:52',2.53),
(5,23,'2024-05-10 18:15:52',2.18),
(5,23,'2024-05-31 18:15:52',2.53),
(5,23,'2024-06-07 18:15:52',2.14),
(5,23,'2024-06-21 18:15:52',2.53),
(5,23,'2024-07-19 18:15:52',2.57),
(5,23,'2024-07-26 18:15:52',2.21),
(5,23,'2024-08-09 18:15:52',2.57),
(5,23,'2024-08-16 18:15:52',2.58),
(5,23,'2024-10-18 18:15:52',2.55),
(5,23,'2024-12-13 18:15:52',2.54),
(5,24,'2022-11-04 18:17:06',3.00),
(5,24,'2022-12-23 18:17:06',3.16),
(5,24,'2023-01-06 18:17:06',3.14),
(5,24,'2023-02-03 18:17:06',3.16),
(5,24,'2023-03-30 18:17:06',3.13),
(5,24,'2023-04-20 18:17:06',3.22),
(5,24,'2023-05-25 18:17:06',3.31),
(5,24,'2023-06-08 18:17:06',3.28),
(5,24,'2023-07-20 18:17:06',3.39),
(5,24,'2023-07-27 18:17:06',3.46),
(5,24,'2023-09-07 18:17:06',3.40),
(5,24,'2023-09-21 18:17:06',3.30),
(5,24,'2024-04-26 18:17:06',3.34),
(5,24,'2024-07-19 18:17:06',3.44),
(5,24,'2024-08-16 18:17:06',3.38),
(5,24,'2024-08-23 18:17:06',3.42),
(5,24,'2024-09-06 18:17:06',3.47),
(5,24,'2024-09-27 18:17:06',3.38),
(5,24,'2024-11-29 18:17:06',3.48),
(5,24,'2024-12-13 18:17:06',3.40),
(5,25,'2022-11-04 18:17:24',4.69),
(5,25,'2022-11-11 18:17:24',4.16),
(5,25,'2023-01-27 18:17:24',4.69),
(5,25,'2023-02-03 18:17:24',4.12),
(5,25,'2023-03-16 18:17:24',4.69),
(5,25,'2023-03-23 18:17:24',4.15),
(5,25,'2023-04-27 18:17:24',4.69),
(5,25,'2023-05-18 18:17:24',4.72),
(5,25,'2023-05-25 18:17:24',4.00),
(5,25,'2023-06-01 18:17:24',4.72),
(5,25,'2023-06-29 18:17:24',4.69),
(5,25,'2023-07-06 18:17:24',3.89),
(5,25,'2023-07-13 18:17:24',4.69),
(5,25,'2023-07-27 18:17:24',4.72),
(5,25,'2023-10-05 18:17:24',4.74),
(5,25,'2023-10-12 18:17:24',3.96),
(5,25,'2023-11-30 18:17:24',4.74),
(5,25,'2024-01-11 18:17:24',4.69),
(5,25,'2024-02-15 18:17:24',4.85),
(5,25,'2024-02-22 18:17:24',4.11),
(5,25,'2024-03-01 18:17:24',4.85),
(5,25,'2024-03-08 18:17:24',4.03),
(5,25,'2024-06-28 18:17:24',4.85),
(5,25,'2024-07-05 18:17:24',4.78),
(5,25,'2024-07-12 18:17:24',4.02),
(5,25,'2024-07-26 18:17:24',4.78),
(5,25,'2024-08-02 18:17:24',4.76),
(5,25,'2024-08-23 18:17:24',4.81),
(5,25,'2024-08-30 18:17:24',4.11),
(5,25,'2024-10-18 18:17:24',4.81),
(5,25,'2024-12-06 18:17:24',4.94),
(5,25,'2024-12-20 18:17:24',5.00),
(5,25,'2024-12-27 18:17:24',4.48),
(5,26,'2023-01-06 18:17:40',5.46),
(5,26,'2023-01-13 18:17:40',5.33),
(5,26,'2023-01-20 18:17:40',5.26),
(5,26,'2023-01-27 18:17:40',5.17),
(5,26,'2023-02-03 18:17:40',4.63),
(5,26,'2023-02-10 18:17:40',5.17),
(5,26,'2023-02-17 18:17:40',4.64),
(5,26,'2023-03-02 18:17:40',5.17),
(5,26,'2023-03-09 18:17:40',4.12),
(5,26,'2023-04-20 18:17:40',5.17),
(5,26,'2023-04-27 18:17:40',4.30),
(5,26,'2023-05-25 18:17:40',5.17),
(5,26,'2023-06-01 18:17:40',4.26),
(5,26,'2023-06-29 18:17:40',5.17),
(5,26,'2023-07-06 18:17:40',4.55),
(5,26,'2023-07-20 18:17:40',5.17),
(5,26,'2023-07-27 18:17:40',5.23),
(5,26,'2023-08-17 18:17:40',5.28),
(5,26,'2023-09-07 18:17:40',5.37),
(5,26,'2023-10-12 18:17:40',5.44),
(5,26,'2023-10-19 18:17:40',5.48),
(5,26,'2023-10-26 18:17:40',5.56),
(5,26,'2023-11-09 18:17:40',5.61),
(5,26,'2023-12-07 18:17:40',5.59),
(5,26,'2023-12-21 18:17:40',5.61),
(5,26,'2024-01-04 18:17:40',5.70),
(5,26,'2024-01-18 18:17:40',5.73),
(5,26,'2024-02-01 18:17:40',5.69),
(5,26,'2024-03-01 18:17:40',5.70),
(5,26,'2024-03-08 18:17:40',4.29),
(5,26,'2024-04-05 18:17:40',5.70),
(5,26,'2024-04-12 18:17:40',4.32),
(5,26,'2024-05-17 18:17:40',5.70),
(5,26,'2024-05-24 18:17:40',5.73),
(5,26,'2024-05-31 18:17:40',4.79),
(5,26,'2024-06-07 18:17:40',5.73),
(5,26,'2024-06-14 18:17:40',4.57),
(5,26,'2024-09-13 18:17:40',5.73),
(5,26,'2024-09-27 18:17:40',5.77),
(5,26,'2024-10-04 18:17:40',4.79),
(5,26,'2024-10-18 18:17:40',5.77),
(5,26,'2024-10-25 18:17:40',5.73),
(5,26,'2024-11-01 18:17:40',4.46),
(5,26,'2024-12-06 18:17:40',5.79),
(5,27,'2022-10-07 18:17:49',5.54),
(5,27,'2022-10-21 18:17:49',5.47),
(5,27,'2022-11-25 18:17:49',5.37),
(5,27,'2022-12-02 18:17:49',5.43),
(5,27,'2022-12-16 18:17:49',5.45),
(5,27,'2022-12-23 18:17:49',4.25),
(5,27,'2022-12-30 18:17:49',5.45),
(5,27,'2023-01-27 18:17:49',5.50),
(5,27,'2023-02-03 18:17:49',5.60),
(5,27,'2023-04-20 18:17:49',5.62),
(5,27,'2023-05-18 18:17:49',5.75),
(5,27,'2023-06-08 18:17:49',5.82),
(5,27,'2023-08-03 18:17:49',5.73),
(5,27,'2023-09-21 18:17:49',5.80),
(5,27,'2023-10-26 18:17:49',5.96),
(5,27,'2023-11-30 18:17:49',5.90),
(5,27,'2023-12-07 18:17:49',4.86),
(5,27,'2023-12-14 18:17:49',5.74),
(5,27,'2023-12-21 18:17:49',5.82),
(5,27,'2024-01-11 18:17:49',5.72),
(5,27,'2024-01-25 18:17:49',5.65),
(5,27,'2024-02-01 18:17:49',5.74),
(5,27,'2024-02-15 18:17:49',5.64),
(5,27,'2024-02-22 18:17:49',4.75),
(5,27,'2024-03-22 18:17:49',5.64),
(5,27,'2024-03-29 18:17:49',5.73),
(5,27,'2024-04-12 18:17:49',5.77),
(5,27,'2024-05-03 18:17:49',5.70),
(5,27,'2024-06-21 18:17:49',5.62),
(5,27,'2024-07-26 18:17:49',5.59),
(5,27,'2024-08-09 18:17:49',5.71),
(5,27,'2024-08-16 18:17:49',5.64),
(5,27,'2024-09-27 18:17:49',5.69),
(5,27,'2024-10-18 18:17:49',5.77),
(5,27,'2024-10-25 18:17:49',4.40),
(5,27,'2024-11-08 18:17:49',5.77),
(5,27,'2024-11-15 18:17:49',5.81),
(5,27,'2024-12-06 18:17:49',5.88),
(5,27,'2024-12-13 18:17:49',4.72),
(5,27,'2024-12-20 18:17:49',4.56),
(5,28,'2022-11-11 18:18:00',3.39),
(5,28,'2022-11-18 18:18:00',2.51),
(5,28,'2022-11-25 18:18:00',3.39),
(5,28,'2022-12-02 18:18:00',2.32),
(5,28,'2022-12-23 18:18:00',3.48),
(5,28,'2023-01-20 18:18:00',3.45),
(5,28,'2023-01-27 18:18:00',2.42),
(5,28,'2023-02-24 18:18:00',3.59),
(5,28,'2023-03-02 18:18:00',2.88),
(5,28,'2023-08-03 18:18:00',3.59),
(5,28,'2023-08-10 18:18:00',2.73),
(5,28,'2023-08-24 18:18:00',3.59),
(5,28,'2023-08-31 18:18:00',3.62),
(5,28,'2023-09-07 18:18:00',2.96),
(5,28,'2023-09-14 18:18:00',3.62),
(5,28,'2023-10-19 18:18:00',3.59),
(5,28,'2023-10-26 18:18:00',3.67),
(5,28,'2023-11-23 18:18:00',3.63),
(5,28,'2023-11-30 18:18:00',3.60),
(5,28,'2024-01-04 18:18:00',3.59),
(5,28,'2024-02-01 18:18:00',3.61),
(5,28,'2024-04-19 18:18:00',3.55),
(5,28,'2024-06-28 18:18:00',3.53),
(5,28,'2024-07-05 18:18:00',2.67),
(5,28,'2024-10-04 18:18:00',3.53),
(5,28,'2024-10-11 18:18:00',3.66),
(5,28,'2024-10-18 18:18:00',2.73),
(5,28,'2024-11-08 18:18:00',3.66),
(5,28,'2024-12-06 18:18:00',3.73),
(5,28,'2024-12-13 18:18:00',3.69),
(5,28,'2024-12-27 18:18:00',3.76),
(5,29,'2022-10-28 18:18:17',3.00),
(5,29,'2022-11-11 18:18:17',3.08),
(5,29,'2022-11-18 18:18:17',2.38),
(5,29,'2022-12-16 18:18:17',3.08),
(5,29,'2022-12-30 18:18:17',3.06),
(5,29,'2023-01-20 18:18:17',3.07),
(5,29,'2023-02-17 18:18:17',3.16),
(5,29,'2023-03-02 18:18:17',3.29),
(5,29,'2023-03-09 18:18:17',3.42),
(5,29,'2023-03-16 18:18:17',2.40),
(5,29,'2023-04-27 18:18:17',3.42),
(5,29,'2023-07-13 18:18:17',3.48),
(5,29,'2023-07-27 18:18:17',3.39),
(5,29,'2023-08-03 18:18:17',2.94),
(5,29,'2023-09-28 18:18:17',3.39),
(5,29,'2024-01-25 18:18:17',3.43),
(5,29,'2024-02-01 18:18:17',2.48),
(5,29,'2024-02-08 18:18:17',3.43),
(5,29,'2024-02-15 18:18:17',2.85),
(5,29,'2024-03-08 18:18:17',3.43),
(5,29,'2024-03-15 18:18:17',2.61),
(5,29,'2024-04-26 18:18:17',3.43),
(5,29,'2024-10-11 18:18:17',3.42),
(5,29,'2024-10-18 18:18:17',2.78),
(5,30,'2022-10-07 18:18:39',4.99),
(5,30,'2022-10-14 18:18:39',4.26),
(5,30,'2022-10-21 18:18:39',4.99),
(5,30,'2022-10-28 18:18:39',3.37),
(5,30,'2023-01-27 18:18:39',4.99),
(5,30,'2023-02-17 18:18:39',5.08),
(5,30,'2023-03-02 18:18:39',5.19),
(5,30,'2023-03-09 18:18:39',4.66),
(5,30,'2023-05-11 18:18:39',5.19),
(5,30,'2023-05-18 18:18:39',3.74),
(5,30,'2023-06-08 18:18:39',5.14),
(5,30,'2023-07-06 18:18:39',5.06),
(5,30,'2023-07-13 18:18:39',5.07),
(5,30,'2023-07-20 18:18:39',5.00),
(5,30,'2023-08-03 18:18:39',4.99),
(5,30,'2023-08-10 18:18:39',3.65),
(5,30,'2023-09-14 18:18:39',4.99),
(5,30,'2023-09-21 18:18:39',3.42),
(5,30,'2023-10-19 18:18:39',4.99),
(5,30,'2023-10-26 18:18:39',3.99),
(5,30,'2023-11-02 18:18:39',3.64),
(5,30,'2023-12-14 18:18:39',4.99),
(5,30,'2023-12-21 18:18:39',3.69),
(5,30,'2024-02-15 18:18:39',4.99),
(5,30,'2024-02-22 18:18:39',4.32),
(5,30,'2024-04-26 18:18:39',4.99),
(5,30,'2024-05-03 18:18:39',3.71),
(5,30,'2024-06-14 18:18:39',4.99),
(5,30,'2024-07-05 18:18:39',5.02),
(5,30,'2024-07-26 18:18:39',5.10),
(5,30,'2024-08-02 18:18:39',4.44),
(5,30,'2024-09-06 18:18:39',5.10),
(5,30,'2024-09-13 18:18:39',3.80),
(5,30,'2024-09-27 18:18:39',5.20),
(5,30,'2024-10-11 18:18:39',5.24),
(5,30,'2024-10-18 18:18:39',5.18),
(5,30,'2024-11-22 18:18:39',5.24),
(5,30,'2024-11-29 18:18:39',5.25),
(5,30,'2024-12-06 18:18:39',4.24),
(5,30,'2024-12-13 18:18:39',3.90),
(5,30,'2024-12-20 18:18:39',4.72),
(8,24,'2023-04-27 11:29:28',3.12),
(8,24,'2023-05-03 07:51:53',3.22),
(8,24,'2023-05-08 13:06:40',2.81),
(8,24,'2023-05-18 07:52:02',2.81),
(8,24,'2023-06-01 11:51:59',3.07),
(8,24,'2023-06-09 09:51:38',2.66),
(8,24,'2023-06-13 09:51:46',3.07),
(8,24,'2023-06-29 13:51:54',2.82),
(8,24,'2023-07-03 09:51:57',2.76),
(8,24,'2023-07-13 07:52:03',2.59),
(8,24,'2023-07-20 09:51:19',2.77),
(8,24,'2023-08-01 11:51:33',2.72),
(8,24,'2023-08-07 15:51:40',2.53),
(8,24,'2023-08-14 11:51:59',2.72),
(8,24,'2023-08-29 07:51:41',2.66),
(8,24,'2023-09-01 11:52:02',2.78),
(8,24,'2023-09-04 13:52:08',2.73),
(8,24,'2023-10-04 14:02:40',2.82),
(8,24,'2023-11-01 14:01:07',2.96),
(8,24,'2023-11-27 19:01:02',2.92),
(8,24,'2023-12-01 15:00:06',2.87),
(8,19,'2023-05-03 06:51:47',4.98),
(8,19,'2023-05-08 10:06:03',5.17),
(8,19,'2023-05-16 10:51:39',5.17),
(8,19,'2023-06-19 10:51:45',5.34),
(8,19,'2023-08-14 12:51:38',5.47),
(8,19,'2023-09-12 10:51:26',5.22),
(8,19,'2023-09-21 10:00:29',4.97),
(8,19,'2023-09-21 10:51:50',4.97),
(8,19,'2023-11-07 05:01:40',5.22),
(8,19,'2023-11-14 11:00:44',4.97),
(8,19,'2023-12-04 07:00:35',4.77);
/*!40000 ALTER TABLE `PriceHistory` ENABLE KEYS */;
UNLOCK TABLES;

--
-- Table structure for table `Recipe`
--

DROP TABLE IF EXISTS `Recipe`;
/*!40101 SET @saved_cs_client     = @@character_set_client */;
/*!40101 SET character_set_client = utf8 */;
CREATE TABLE `Recipe` (
  `RecipeID` int(7) NOT NULL,
  `RecipeName` varchar(50) NOT NULL,
  `IsPrivate` tinyint(1) NOT NULL,
  `PrivateUID` int(7) DEFAULT NULL,
  `IngredientID` int(7) NOT NULL,
  `Quantity` decimal(10,0) NOT NULL,
  `Unit` varchar(25) NOT NULL,
  PRIMARY KEY (`RecipeID`,`IngredientID`),
  KEY `Recipe_IngredientID_Ingredient_IngredientID` (`IngredientID`),
  CONSTRAINT `Recipe_IngredientID_Ingredient_IngredientID` FOREIGN KEY (`IngredientID`) REFERENCES `Ingredient` (`IngredientID`)
) ENGINE=InnoDB DEFAULT CHARSET=latin1 COLLATE=latin1_swedish_ci;
/*!40101 SET character_set_client = @saved_cs_client */;

--
-- Dumping data for table `Recipe`
--

LOCK TABLES `Recipe` WRITE;
/*!40000 ALTER TABLE `Recipe` DISABLE KEYS */;
INSERT INTO `Recipe` VALUES
(1,'Steak and Potatoes',0,NULL,2,8,'Oz'),
(1,'Steak and Potatoes',0,NULL,26,8,'Oz'),
(2,'Scrambled Eggs with Bacon and Toast',0,NULL,12,2,'strips'),
(2,'Scrambled Eggs with Bacon and Toast',0,NULL,22,3,'each'),
(2,'Scrambled Eggs with Bacon and Toast',0,NULL,29,2,'slices');
/*!40000 ALTER TABLE `Recipe` ENABLE KEYS */;
UNLOCK TABLES;

--
-- Table structure for table `RecipeCollection`
--

DROP TABLE IF EXISTS `RecipeCollection`;
/*!40101 SET @saved_cs_client     = @@character_set_client */;
/*!40101 SET character_set_client = utf8 */;
CREATE TABLE `RecipeCollection` (
  `UserID` int(11) NOT NULL,
  `RecipeID` int(7) NOT NULL,
  `DjangoID` int(11) NOT NULL AUTO_INCREMENT,
  `target_price` float(6,2) DEFAULT NULL,
  PRIMARY KEY (`DjangoID`),
  KEY `fk_recipe` (`RecipeID`),
  KEY `fk_user_recipe` (`UserID`),
  CONSTRAINT `fk_recipe` FOREIGN KEY (`RecipeID`) REFERENCES `Recipe` (`RecipeID`),
  CONSTRAINT `fk_user_recipe` FOREIGN KEY (`UserID`) REFERENCES `auth_user` (`id`)
) ENGINE=InnoDB AUTO_INCREMENT=4 DEFAULT CHARSET=latin1 COLLATE=latin1_swedish_ci;
/*!40101 SET character_set_client = @saved_cs_client */;

--
-- Dumping data for table `RecipeCollection`
--

LOCK TABLES `RecipeCollection` WRITE;
/*!40000 ALTER TABLE `RecipeCollection` DISABLE KEYS */;
INSERT INTO `RecipeCollection` VALUES
(2,2,2,12.99),
(6,1,3,25.77);
/*!40000 ALTER TABLE `RecipeCollection` ENABLE KEYS */;
UNLOCK TABLES;

--
-- Table structure for table `ShoppingList`
--

DROP TABLE IF EXISTS `ShoppingList`;
/*!40101 SET @saved_cs_client     = @@character_set_client */;
/*!40101 SET character_set_client = utf8 */;
CREATE TABLE `ShoppingList` (
  `ListID` int(7) NOT NULL,
  `IngredientID` int(7) NOT NULL,
  `StoreID` int(7) NOT NULL,
  `Quantity` int(11) NOT NULL,
  `Budget` int(4) DEFAULT NULL,
  PRIMARY KEY (`ListID`,`IngredientID`,`StoreID`),
  KEY `ShoppingList_IngredientID_Ingredient_IngredientID` (`IngredientID`),
  KEY `ShoppingList_StoreID_GroceryStore_StoreId` (`StoreID`),
  CONSTRAINT `ShoppingList_IngredientID_Ingredient_IngredientID` FOREIGN KEY (`IngredientID`) REFERENCES `Ingredient` (`IngredientID`),
  CONSTRAINT `ShoppingList_StoreID_GroceryStore_StoreId` FOREIGN KEY (`StoreID`) REFERENCES `GroceryStore` (`StoreId`)
) ENGINE=InnoDB DEFAULT CHARSET=latin1 COLLATE=latin1_swedish_ci;
/*!40101 SET character_set_client = @saved_cs_client */;

--
-- Dumping data for table `ShoppingList`
--

LOCK TABLES `ShoppingList` WRITE;
/*!40000 ALTER TABLE `ShoppingList` DISABLE KEYS */;
INSERT INTO `ShoppingList` VALUES
(1,1,1,1,NULL),
(1,2,4,2,NULL),
(1,13,3,1,NULL),
(1,15,3,1,NULL),
(1,26,4,1,NULL),
(2,12,1,1,NULL),
(2,15,1,1,NULL),
(2,22,1,1,NULL),
(2,28,1,1,NULL),
(5,13,1,14,NULL),
(6,10,1,71,NULL),
(7,3,1,12,NULL),
(8,12,1,1,NULL),
(8,15,1,999,NULL),
(8,22,2,2,NULL),
(9,1,1,1,NULL);
/*!40000 ALTER TABLE `ShoppingList` ENABLE KEYS */;
UNLOCK TABLES;

--
-- Table structure for table `ShoppingListCollection`
--

DROP TABLE IF EXISTS `ShoppingListCollection`;
/*!40101 SET @saved_cs_client     = @@character_set_client */;
/*!40101 SET character_set_client = utf8 */;
CREATE TABLE `ShoppingListCollection` (
  `UserID` int(11) NOT NULL,
  `ListID` int(7) NOT NULL,
  `DjangoID` int(11) NOT NULL AUTO_INCREMENT,
  PRIMARY KEY (`DjangoID`),
  KEY `ShoppingListCollection_ListID_ShoppingList_ListID` (`ListID`),
  KEY `ShoppingListCollection_UserID_AuthUser_ID` (`UserID`),
  CONSTRAINT `ShoppingListCollection_UserID_AuthUser_ID` FOREIGN KEY (`UserID`) REFERENCES `auth_user` (`id`)
) ENGINE=InnoDB AUTO_INCREMENT=4 DEFAULT CHARSET=latin1 COLLATE=latin1_swedish_ci;
/*!40101 SET character_set_client = @saved_cs_client */;

--
-- Dumping data for table `ShoppingListCollection`
--

LOCK TABLES `ShoppingListCollection` WRITE;
/*!40000 ALTER TABLE `ShoppingListCollection` DISABLE KEYS */;
INSERT INTO `ShoppingListCollection` VALUES
(1,1,1),
(2,1,2),
(2,2,3);
/*!40000 ALTER TABLE `ShoppingListCollection` ENABLE KEYS */;
UNLOCK TABLES;

--
-- Table structure for table `ShoppingListNames`
--

DROP TABLE IF EXISTS `ShoppingListNames`;
/*!40101 SET @saved_cs_client     = @@character_set_client */;
/*!40101 SET character_set_client = utf8 */;
CREATE TABLE `ShoppingListNames` (
  `ListID` int(11) NOT NULL AUTO_INCREMENT,
  `ListName` varchar(25) NOT NULL,
  `UserID` int(11) NOT NULL,
  PRIMARY KEY (`ListID`),
  KEY `UserID` (`UserID`),
  CONSTRAINT `ShoppingListNames_ibfk_2` FOREIGN KEY (`UserID`) REFERENCES `auth_user` (`id`)
) ENGINE=InnoDB AUTO_INCREMENT=10 DEFAULT CHARSET=latin1 COLLATE=latin1_swedish_ci;
/*!40101 SET character_set_client = @saved_cs_client */;

--
-- Dumping data for table `ShoppingListNames`
--

LOCK TABLES `ShoppingListNames` WRITE;
/*!40000 ALTER TABLE `ShoppingListNames` DISABLE KEYS */;
INSERT INTO `ShoppingListNames` VALUES
(1,'Fancy Dinner',2),
(2,'Breakfast',2),
(5,'New List Name',2),
(6,'Christmas',2),
(7,'ShoppingList',2),
(8,'Dummy List',6),
(9,'NewList',7);
/*!40000 ALTER TABLE `ShoppingListNames` ENABLE KEYS */;
UNLOCK TABLES;

--
-- Table structure for table `StoreCollection`
--

DROP TABLE IF EXISTS `StoreCollection`;
/*!40101 SET @saved_cs_client     = @@character_set_client */;
/*!40101 SET character_set_client = utf8 */;
CREATE TABLE `StoreCollection` (
  `UserID` int(11) NOT NULL,
  `StoreID` int(7) NOT NULL,
  `DjangoID` int(11) NOT NULL AUTO_INCREMENT,
  PRIMARY KEY (`DjangoID`),
  KEY `fk_store` (`StoreID`),
  KEY `fk_user` (`UserID`),
  CONSTRAINT `fk_store` FOREIGN KEY (`StoreID`) REFERENCES `GroceryStore` (`StoreId`),
  CONSTRAINT `fk_user` FOREIGN KEY (`UserID`) REFERENCES `auth_user` (`id`)
) ENGINE=InnoDB AUTO_INCREMENT=26 DEFAULT CHARSET=latin1 COLLATE=latin1_swedish_ci;
/*!40101 SET character_set_client = @saved_cs_client */;

--
-- Dumping data for table `StoreCollection`
--

LOCK TABLES `StoreCollection` WRITE;
/*!40000 ALTER TABLE `StoreCollection` DISABLE KEYS */;
INSERT INTO `StoreCollection` VALUES
(5,1,15),
(5,2,16),
(5,4,17),
(5,5,18),
(2,2,25);
/*!40000 ALTER TABLE `StoreCollection` ENABLE KEYS */;
UNLOCK TABLES;

--
-- Table structure for table `auth_group`
--

DROP TABLE IF EXISTS `auth_group`;
/*!40101 SET @saved_cs_client     = @@character_set_client */;
/*!40101 SET character_set_client = utf8 */;
CREATE TABLE `auth_group` (
  `id` int(11) NOT NULL AUTO_INCREMENT,
  `name` varchar(150) NOT NULL,
  PRIMARY KEY (`id`),
  UNIQUE KEY `name` (`name`)
) ENGINE=InnoDB DEFAULT CHARSET=latin1 COLLATE=latin1_swedish_ci;
/*!40101 SET character_set_client = @saved_cs_client */;

--
-- Dumping data for table `auth_group`
--

LOCK TABLES `auth_group` WRITE;
/*!40000 ALTER TABLE `auth_group` DISABLE KEYS */;
/*!40000 ALTER TABLE `auth_group` ENABLE KEYS */;
UNLOCK TABLES;

--
-- Table structure for table `auth_group_permissions`
--

DROP TABLE IF EXISTS `auth_group_permissions`;
/*!40101 SET @saved_cs_client     = @@character_set_client */;
/*!40101 SET character_set_client = utf8 */;
CREATE TABLE `auth_group_permissions` (
  `id` bigint(20) NOT NULL AUTO_INCREMENT,
  `group_id` int(11) NOT NULL,
  `permission_id` int(11) NOT NULL,
  PRIMARY KEY (`id`),
  UNIQUE KEY `auth_group_permissions_group_id_permission_id_0cd325b0_uniq` (`group_id`,`permission_id`),
  KEY `auth_group_permissio_permission_id_84c5c92e_fk_auth_perm` (`permission_id`),
  CONSTRAINT `auth_group_permissio_permission_id_84c5c92e_fk_auth_perm` FOREIGN KEY (`permission_id`) REFERENCES `auth_permission` (`id`),
  CONSTRAINT `auth_group_permissions_group_id_b120cbf9_fk_auth_group_id` FOREIGN KEY (`group_id`) REFERENCES `auth_group` (`id`)
) ENGINE=InnoDB DEFAULT CHARSET=latin1 COLLATE=latin1_swedish_ci;
/*!40101 SET character_set_client = @saved_cs_client */;

--
-- Dumping data for table `auth_group_permissions`
--

LOCK TABLES `auth_group_permissions` WRITE;
/*!40000 ALTER TABLE `auth_group_permissions` DISABLE KEYS */;
/*!40000 ALTER TABLE `auth_group_permissions` ENABLE KEYS */;
UNLOCK TABLES;

--
-- Table structure for table `auth_permission`
--

DROP TABLE IF EXISTS `auth_permission`;
/*!40101 SET @saved_cs_client     = @@character_set_client */;
/*!40101 SET character_set_client = utf8 */;
CREATE TABLE `auth_permission` (
  `id` int(11) NOT NULL AUTO_INCREMENT,
  `name` varchar(255) NOT NULL,
  `content_type_id` int(11) NOT NULL,
  `codename` varchar(100) NOT NULL,
  PRIMARY KEY (`id`),
  UNIQUE KEY `auth_permission_content_type_id_codename_01ab375a_uniq` (`content_type_id`,`codename`),
  CONSTRAINT `auth_permission_content_type_id_2f476e4b_fk_django_co` FOREIGN KEY (`content_type_id`) REFERENCES `django_content_type` (`id`)
) ENGINE=InnoDB AUTO_INCREMENT=114 DEFAULT CHARSET=latin1 COLLATE=latin1_swedish_ci;
/*!40101 SET character_set_client = @saved_cs_client */;

--
-- Dumping data for table `auth_permission`
--

LOCK TABLES `auth_permission` WRITE;
/*!40000 ALTER TABLE `auth_permission` DISABLE KEYS */;
INSERT INTO `auth_permission` VALUES
(1,'Can add log entry',1,'add_logentry'),
(2,'Can change log entry',1,'change_logentry'),
(3,'Can delete log entry',1,'delete_logentry'),
(4,'Can view log entry',1,'view_logentry'),
(5,'Can add permission',2,'add_permission'),
(6,'Can change permission',2,'change_permission'),
(7,'Can delete permission',2,'delete_permission'),
(8,'Can view permission',2,'view_permission'),
(9,'Can add group',3,'add_group'),
(10,'Can change group',3,'change_group'),
(11,'Can delete group',3,'delete_group'),
(12,'Can view group',3,'view_group'),
(13,'Can add user',4,'add_user'),
(14,'Can change user',4,'change_user'),
(15,'Can delete user',4,'delete_user'),
(16,'Can view user',4,'view_user'),
(17,'Can add content type',5,'add_contenttype'),
(18,'Can change content type',5,'change_contenttype'),
(19,'Can delete content type',5,'delete_contenttype'),
(20,'Can view content type',5,'view_contenttype'),
(21,'Can add session',6,'add_session'),
(22,'Can change session',6,'change_session'),
(23,'Can delete session',6,'delete_session'),
(24,'Can view session',6,'view_session'),
(25,'Can add grocery store',7,'add_grocerystore'),
(26,'Can change grocery store',7,'change_grocerystore'),
(27,'Can delete grocery store',7,'delete_grocerystore'),
(28,'Can view grocery store',7,'view_grocerystore'),
(29,'Can add ingredient',8,'add_ingredient'),
(30,'Can change ingredient',8,'change_ingredient'),
(31,'Can delete ingredient',8,'delete_ingredient'),
(32,'Can view ingredient',8,'view_ingredient'),
(33,'Can add price data',9,'add_pricedata'),
(34,'Can change price data',9,'change_pricedata'),
(35,'Can delete price data',9,'delete_pricedata'),
(36,'Can view price data',9,'view_pricedata'),
(37,'Can add price history',10,'add_pricehistory'),
(38,'Can change price history',10,'change_pricehistory'),
(39,'Can delete price history',10,'delete_pricehistory'),
(40,'Can view price history',10,'view_pricehistory'),
(41,'Can add user store selection',11,'add_userstoreselection'),
(42,'Can change user store selection',11,'change_userstoreselection'),
(43,'Can delete user store selection',11,'delete_userstoreselection'),
(44,'Can view user store selection',11,'view_userstoreselection'),
(46,'Can add auth group',13,'add_authgroup'),
(47,'Can change auth group',13,'change_authgroup'),
(48,'Can delete auth group',13,'delete_authgroup'),
(49,'Can view auth group',13,'view_authgroup'),
(50,'Can add auth group permissions',14,'add_authgrouppermissions'),
(51,'Can change auth group permissions',14,'change_authgrouppermissions'),
(52,'Can delete auth group permissions',14,'delete_authgrouppermissions'),
(53,'Can view auth group permissions',14,'view_authgrouppermissions'),
(54,'Can add auth permission',15,'add_authpermission'),
(55,'Can change auth permission',15,'change_authpermission'),
(56,'Can delete auth permission',15,'delete_authpermission'),
(57,'Can view auth permission',15,'view_authpermission'),
(58,'Can add auth user',16,'add_authuser'),
(59,'Can change auth user',16,'change_authuser'),
(60,'Can delete auth user',16,'delete_authuser'),
(61,'Can view auth user',16,'view_authuser'),
(62,'Can add auth user groups',17,'add_authusergroups'),
(63,'Can change auth user groups',17,'change_authusergroups'),
(64,'Can delete auth user groups',17,'delete_authusergroups'),
(65,'Can view auth user groups',17,'view_authusergroups'),
(66,'Can add auth user user permissions',18,'add_authuseruserpermissions'),
(67,'Can change auth user user permissions',18,'change_authuseruserpermissions'),
(68,'Can delete auth user user permissions',18,'delete_authuseruserpermissions'),
(69,'Can view auth user user permissions',18,'view_authuseruserpermissions'),
(70,'Can add django admin log',19,'add_djangoadminlog'),
(71,'Can change django admin log',19,'change_djangoadminlog'),
(72,'Can delete django admin log',19,'delete_djangoadminlog'),
(73,'Can view django admin log',19,'view_djangoadminlog'),
(74,'Can add django content type',20,'add_djangocontenttype'),
(75,'Can change django content type',20,'change_djangocontenttype'),
(76,'Can delete django content type',20,'delete_djangocontenttype'),
(77,'Can view django content type',20,'view_djangocontenttype'),
(78,'Can add django migrations',21,'add_djangomigrations'),
(79,'Can change django migrations',21,'change_djangomigrations'),
(80,'Can delete django migrations',21,'delete_djangomigrations'),
(81,'Can view django migrations',21,'view_djangomigrations'),
(82,'Can add django session',22,'add_djangosession'),
(83,'Can change django session',22,'change_djangosession'),
(84,'Can delete django session',22,'delete_djangosession'),
(85,'Can view django session',22,'view_djangosession'),
(86,'Can add ingredient collection',23,'add_ingredientcollection'),
(87,'Can change ingredient collection',23,'change_ingredientcollection'),
(88,'Can delete ingredient collection',23,'delete_ingredientcollection'),
(89,'Can view ingredient collection',23,'view_ingredientcollection'),
(90,'Can add recipe',24,'add_recipe'),
(91,'Can change recipe',24,'change_recipe'),
(92,'Can delete recipe',24,'delete_recipe'),
(93,'Can view recipe',24,'view_recipe'),
(94,'Can add recipe collection',25,'add_recipecollection'),
(95,'Can change recipe collection',25,'change_recipecollection'),
(96,'Can delete recipe collection',25,'delete_recipecollection'),
(97,'Can view recipe collection',25,'view_recipecollection'),
(98,'Can add shopping list',26,'add_shoppinglist'),
(99,'Can change shopping list',26,'change_shoppinglist'),
(100,'Can delete shopping list',26,'delete_shoppinglist'),
(101,'Can view shopping list',26,'view_shoppinglist'),
(102,'Can add shopping list collection',27,'add_shoppinglistcollection'),
(103,'Can change shopping list collection',27,'change_shoppinglistcollection'),
(104,'Can delete shopping list collection',27,'delete_shoppinglistcollection'),
(105,'Can view shopping list collection',27,'view_shoppinglistcollection'),
(106,'Can add shopping list names',28,'add_shoppinglistnames'),
(107,'Can change shopping list names',28,'change_shoppinglistnames'),
(108,'Can delete shopping list names',28,'delete_shoppinglistnames'),
(109,'Can view shopping list names',28,'view_shoppinglistnames'),
(110,'Can add store collection',29,'add_storecollection'),
(111,'Can change store collection',29,'change_storecollection'),
(112,'Can delete store collection',29,'delete_storecollection'),
(113,'Can view store collection',29,'view_storecollection');
/*!40000 ALTER TABLE `auth_permission` ENABLE KEYS */;
UNLOCK TABLES;

--
-- Table structure for table `auth_user`
--

DROP TABLE IF EXISTS `auth_user`;
/*!40101 SET @saved_cs_client     = @@character_set_client */;
/*!40101 SET character_set_client = utf8 */;
CREATE TABLE `auth_user` (
  `id` int(11) NOT NULL AUTO_INCREMENT,
  `password` varchar(128) NOT NULL,
  `last_login` datetime(6) DEFAULT NULL,
  `is_superuser` tinyint(1) NOT NULL,
  `username` varchar(150) NOT NULL,
  `first_name` varchar(150) NOT NULL,
  `last_name` varchar(150) NOT NULL,
  `email` varchar(254) NOT NULL,
  `is_staff` tinyint(1) NOT NULL,
  `is_active` tinyint(1) NOT NULL,
  `date_joined` datetime(6) NOT NULL,
  `selecteddate` date DEFAULT NULL,
  PRIMARY KEY (`id`),
  UNIQUE KEY `username` (`username`)
) ENGINE=InnoDB AUTO_INCREMENT=8 DEFAULT CHARSET=latin1 COLLATE=latin1_swedish_ci;
/*!40101 SET character_set_client = @saved_cs_client */;

--
-- Dumping data for table `auth_user`
--

LOCK TABLES `auth_user` WRITE;
/*!40000 ALTER TABLE `auth_user` DISABLE KEYS */;
INSERT INTO `auth_user` VALUES
(1,'pbkdf2_sha256$600000$c7yvm3nCcXfs29JUhv5yok$DuNYtOJ5Cz8Y6+dXhdK3jentZd4tzM32uYzctm7cA/g=','2023-11-28 16:41:16.831763',0,'Jesse','','','',0,1,'2023-11-28 16:41:15.946944',NULL),
(2,'pbkdf2_sha256$600000$3n7SABo8JSVel18sRtd405$CvsRxBJdIIWdL2B2FOBi0VpKyziE8CGxza9QkWnUK6U=','2023-12-09 22:20:58.685143',0,'Jesse1','','','',0,1,'2023-11-29 23:48:22.407162','2023-10-07'),
(3,'pbkdf2_sha256$600000$NRy4X6Qri91WPqgpsXz3m2$HL7zPey6SguJEhN+rPAGdUbfEFUJBJD/ULB8zmDmSs4=','2023-11-30 23:21:33.196001',0,'test123','','','',0,1,'2023-11-30 23:21:32.219285',NULL),
(4,'pbkdf2_sha256$600000$piQwkVv1UlJMMkCAza939X$CdZn5KqFvREl1et8hTdYW8vX4HYBU5HEMB8MsUx2x4M=','2023-11-30 23:25:07.694898',0,'test123123','','','',0,1,'2023-11-30 23:25:06.435339',NULL),
(5,'pbkdf2_sha256$600000$X2L2OjIzhtgzHO5OluIGCq$UobCuF0Z/Z1TUtDLGbJnfF8k6RUcSjycK/YiK1KEnfY=','2023-12-04 22:18:39.522795',0,'forgotmypassword','','','',0,1,'2023-12-04 18:25:49.753852',NULL),
(6,'pbkdf2_sha256$600000$g0F9bdkEnRUsqahtZ68Lbj$ghA0H4h/4fuDYOF4Uw/tBGsZ+IqyaO00il0kH+veLkU=','2023-12-08 00:12:53.720681',0,'dummy','','','',0,1,'2023-12-08 00:12:52.894246',NULL),
(7,'pbkdf2_sha256$600000$X3MYvJ6JEPwr1e9xNLceWI$Qu++GAjtrqsVxma+ZpKxLRRXSRQKox4LW5+pg8rNgI8=','2023-12-09 21:49:33.108321',0,'newaccount','','','',0,1,'2023-12-09 21:49:32.222963',NULL);
/*!40000 ALTER TABLE `auth_user` ENABLE KEYS */;
UNLOCK TABLES;

--
-- Table structure for table `auth_user_groups`
--

DROP TABLE IF EXISTS `auth_user_groups`;
/*!40101 SET @saved_cs_client     = @@character_set_client */;
/*!40101 SET character_set_client = utf8 */;
CREATE TABLE `auth_user_groups` (
  `id` bigint(20) NOT NULL AUTO_INCREMENT,
  `user_id` int(11) NOT NULL,
  `group_id` int(11) NOT NULL,
  PRIMARY KEY (`id`),
  UNIQUE KEY `auth_user_groups_user_id_group_id_94350c0c_uniq` (`user_id`,`group_id`),
  KEY `auth_user_groups_group_id_97559544_fk_auth_group_id` (`group_id`),
  CONSTRAINT `auth_user_groups_group_id_97559544_fk_auth_group_id` FOREIGN KEY (`group_id`) REFERENCES `auth_group` (`id`),
  CONSTRAINT `auth_user_groups_user_id_6a12ed8b_fk_auth_user_id` FOREIGN KEY (`user_id`) REFERENCES `auth_user` (`id`)
) ENGINE=InnoDB DEFAULT CHARSET=latin1 COLLATE=latin1_swedish_ci;
/*!40101 SET character_set_client = @saved_cs_client */;

--
-- Dumping data for table `auth_user_groups`
--

LOCK TABLES `auth_user_groups` WRITE;
/*!40000 ALTER TABLE `auth_user_groups` DISABLE KEYS */;
/*!40000 ALTER TABLE `auth_user_groups` ENABLE KEYS */;
UNLOCK TABLES;

--
-- Table structure for table `auth_user_user_permissions`
--

DROP TABLE IF EXISTS `auth_user_user_permissions`;
/*!40101 SET @saved_cs_client     = @@character_set_client */;
/*!40101 SET character_set_client = utf8 */;
CREATE TABLE `auth_user_user_permissions` (
  `id` bigint(20) NOT NULL AUTO_INCREMENT,
  `user_id` int(11) NOT NULL,
  `permission_id` int(11) NOT NULL,
  PRIMARY KEY (`id`),
  UNIQUE KEY `auth_user_user_permissions_user_id_permission_id_14a6b632_uniq` (`user_id`,`permission_id`),
  KEY `auth_user_user_permi_permission_id_1fbb5f2c_fk_auth_perm` (`permission_id`),
  CONSTRAINT `auth_user_user_permi_permission_id_1fbb5f2c_fk_auth_perm` FOREIGN KEY (`permission_id`) REFERENCES `auth_permission` (`id`),
  CONSTRAINT `auth_user_user_permissions_user_id_a95ead1b_fk_auth_user_id` FOREIGN KEY (`user_id`) REFERENCES `auth_user` (`id`)
) ENGINE=InnoDB DEFAULT CHARSET=latin1 COLLATE=latin1_swedish_ci;
/*!40101 SET character_set_client = @saved_cs_client */;

--
-- Dumping data for table `auth_user_user_permissions`
--

LOCK TABLES `auth_user_user_permissions` WRITE;
/*!40000 ALTER TABLE `auth_user_user_permissions` DISABLE KEYS */;
/*!40000 ALTER TABLE `auth_user_user_permissions` ENABLE KEYS */;
UNLOCK TABLES;

--
-- Table structure for table `django_admin_log`
--

DROP TABLE IF EXISTS `django_admin_log`;
/*!40101 SET @saved_cs_client     = @@character_set_client */;
/*!40101 SET character_set_client = utf8 */;
CREATE TABLE `django_admin_log` (
  `id` int(11) NOT NULL AUTO_INCREMENT,
  `action_time` datetime(6) NOT NULL,
  `object_id` longtext DEFAULT NULL,
  `object_repr` varchar(200) NOT NULL,
  `action_flag` smallint(5) unsigned NOT NULL CHECK (`action_flag` >= 0),
  `change_message` longtext NOT NULL,
  `content_type_id` int(11) DEFAULT NULL,
  `user_id` int(11) NOT NULL,
  PRIMARY KEY (`id`),
  KEY `django_admin_log_content_type_id_c4bce8eb_fk_django_co` (`content_type_id`),
  KEY `django_admin_log_user_id_c564eba6_fk_auth_user_id` (`user_id`),
  CONSTRAINT `django_admin_log_content_type_id_c4bce8eb_fk_django_co` FOREIGN KEY (`content_type_id`) REFERENCES `django_content_type` (`id`),
  CONSTRAINT `django_admin_log_user_id_c564eba6_fk_auth_user_id` FOREIGN KEY (`user_id`) REFERENCES `auth_user` (`id`)
) ENGINE=InnoDB DEFAULT CHARSET=latin1 COLLATE=latin1_swedish_ci;
/*!40101 SET character_set_client = @saved_cs_client */;

--
-- Dumping data for table `django_admin_log`
--

LOCK TABLES `django_admin_log` WRITE;
/*!40000 ALTER TABLE `django_admin_log` DISABLE KEYS */;
/*!40000 ALTER TABLE `django_admin_log` ENABLE KEYS */;
UNLOCK TABLES;

--
-- Table structure for table `django_content_type`
--

DROP TABLE IF EXISTS `django_content_type`;
/*!40101 SET @saved_cs_client     = @@character_set_client */;
/*!40101 SET character_set_client = utf8 */;
CREATE TABLE `django_content_type` (
  `id` int(11) NOT NULL AUTO_INCREMENT,
  `app_label` varchar(100) NOT NULL,
  `model` varchar(100) NOT NULL,
  PRIMARY KEY (`id`),
  UNIQUE KEY `django_content_type_app_label_model_76bd3d3b_uniq` (`app_label`,`model`)
) ENGINE=InnoDB AUTO_INCREMENT=30 DEFAULT CHARSET=latin1 COLLATE=latin1_swedish_ci;
/*!40101 SET character_set_client = @saved_cs_client */;

--
-- Dumping data for table `django_content_type`
--

LOCK TABLES `django_content_type` WRITE;
/*!40000 ALTER TABLE `django_content_type` DISABLE KEYS */;
INSERT INTO `django_content_type` VALUES
(1,'admin','logentry'),
(3,'auth','group'),
(2,'auth','permission'),
(4,'auth','user'),
(5,'contenttypes','contenttype'),
(13,'doughsaverapp','authgroup'),
(14,'doughsaverapp','authgrouppermissions'),
(15,'doughsaverapp','authpermission'),
(16,'doughsaverapp','authuser'),
(17,'doughsaverapp','authusergroups'),
(18,'doughsaverapp','authuseruserpermissions'),
(19,'doughsaverapp','djangoadminlog'),
(20,'doughsaverapp','djangocontenttype'),
(21,'doughsaverapp','djangomigrations'),
(22,'doughsaverapp','djangosession'),
(7,'doughsaverapp','grocerystore'),
(8,'doughsaverapp','ingredient'),
(23,'doughsaverapp','ingredientcollection'),
(9,'doughsaverapp','pricedata'),
(10,'doughsaverapp','pricehistory'),
(24,'doughsaverapp','recipe'),
(25,'doughsaverapp','recipecollection'),
(26,'doughsaverapp','shoppinglist'),
(27,'doughsaverapp','shoppinglistcollection'),
(28,'doughsaverapp','shoppinglistnames'),
(29,'doughsaverapp','storecollection'),
(11,'doughsaverapp','userstoreselection'),
(6,'sessions','session');
/*!40000 ALTER TABLE `django_content_type` ENABLE KEYS */;
UNLOCK TABLES;

--
-- Table structure for table `django_migrations`
--

DROP TABLE IF EXISTS `django_migrations`;
/*!40101 SET @saved_cs_client     = @@character_set_client */;
/*!40101 SET character_set_client = utf8 */;
CREATE TABLE `django_migrations` (
  `id` bigint(20) NOT NULL AUTO_INCREMENT,
  `app` varchar(255) NOT NULL,
  `name` varchar(255) NOT NULL,
  `applied` datetime(6) NOT NULL,
  PRIMARY KEY (`id`)
) ENGINE=InnoDB AUTO_INCREMENT=21 DEFAULT CHARSET=latin1 COLLATE=latin1_swedish_ci;
/*!40101 SET character_set_client = @saved_cs_client */;

--
-- Dumping data for table `django_migrations`
--

LOCK TABLES `django_migrations` WRITE;
/*!40000 ALTER TABLE `django_migrations` DISABLE KEYS */;
INSERT INTO `django_migrations` VALUES
(1,'contenttypes','0001_initial','2023-11-14 16:47:57.851075'),
(2,'auth','0001_initial','2023-11-14 16:47:58.902720'),
(3,'admin','0001_initial','2023-11-14 16:47:59.067448'),
(4,'admin','0002_logentry_remove_auto_add','2023-11-14 16:47:59.082240'),
(5,'admin','0003_logentry_add_action_flag_choices','2023-11-14 16:47:59.095579'),
(6,'contenttypes','0002_remove_content_type_name','2023-11-14 16:47:59.280984'),
(7,'auth','0002_alter_permission_name_max_length','2023-11-14 16:47:59.325736'),
(8,'auth','0003_alter_user_email_max_length','2023-11-14 16:47:59.362431'),
(9,'auth','0004_alter_user_username_opts','2023-11-14 16:47:59.373170'),
(10,'auth','0005_alter_user_last_login_null','2023-11-14 16:47:59.437604'),
(11,'auth','0006_require_contenttypes_0002','2023-11-14 16:47:59.441810'),
(12,'auth','0007_alter_validators_add_error_messages','2023-11-14 16:47:59.453805'),
(13,'auth','0008_alter_user_username_max_length','2023-11-14 16:47:59.508538'),
(14,'auth','0009_alter_user_last_name_max_length','2023-11-14 16:47:59.564682'),
(15,'auth','0010_alter_group_name_max_length','2023-11-14 16:47:59.617834'),
(16,'auth','0011_update_proxy_permissions','2023-11-14 16:47:59.628655'),
(17,'auth','0012_alter_user_first_name_max_length','2023-11-14 16:47:59.680788'),
(18,'doughsaverapp','0001_initial','2023-11-14 16:48:00.021269'),
(19,'sessions','0001_initial','2023-11-14 16:48:00.079116');
/*!40000 ALTER TABLE `django_migrations` ENABLE KEYS */;
UNLOCK TABLES;

--
-- Table structure for table `django_session`
--

DROP TABLE IF EXISTS `django_session`;
/*!40101 SET @saved_cs_client     = @@character_set_client */;
/*!40101 SET character_set_client = utf8 */;
CREATE TABLE `django_session` (
  `session_key` varchar(40) NOT NULL,
  `session_data` longtext NOT NULL,
  `expire_date` datetime(6) NOT NULL,
  PRIMARY KEY (`session_key`),
  KEY `django_session_expire_date_a5c62663` (`expire_date`)
) ENGINE=InnoDB DEFAULT CHARSET=latin1 COLLATE=latin1_swedish_ci;
/*!40101 SET character_set_client = @saved_cs_client */;

--
-- Dumping data for table `django_session`
--

LOCK TABLES `django_session` WRITE;
/*!40000 ALTER TABLE `django_session` DISABLE KEYS */;
INSERT INTO `django_session` VALUES
('t8a3rd2qdx1f0u307fz9zy7xd7txqheh','.eJxVjMsOwiAUBf-FtSFwqWBduu83kPsAqRqalHZl_HdD0oVuz8yct4q4byXuLa1xFnVVoE6_GyE_U-1AHljvi-albutMuiv6oE1Pi6TX7XD_Dgq20uskaIwPyDiGZNkZAMtCgwQCY9wFRwKfExvLGVwQH1y2iOBoOCNZ9fkC_NA4Xw:1rC5gw:3YOzCmdgm8JFDzA6C5oefEFa0OnePh6ksM2ZR7T3xhY','2023-12-23 22:20:58.689341');
/*!40000 ALTER TABLE `django_session` ENABLE KEYS */;
UNLOCK TABLES;

--
-- Table structure for table `doughsaverapp_userstoreselection`
--

DROP TABLE IF EXISTS `doughsaverapp_userstoreselection`;
/*!40101 SET @saved_cs_client     = @@character_set_client */;
/*!40101 SET character_set_client = utf8 */;
CREATE TABLE `doughsaverapp_userstoreselection` (
  `id` bigint(20) NOT NULL AUTO_INCREMENT,
  `user_id` int(11) NOT NULL,
  PRIMARY KEY (`id`),
  KEY `doughsaverapp_userst_user_id_b82f6afc_fk_auth_user` (`user_id`),
  CONSTRAINT `doughsaverapp_userst_user_id_b82f6afc_fk_auth_user` FOREIGN KEY (`user_id`) REFERENCES `auth_user` (`id`)
) ENGINE=InnoDB DEFAULT CHARSET=latin1 COLLATE=latin1_swedish_ci;
/*!40101 SET character_set_client = @saved_cs_client */;

--
-- Dumping data for table `doughsaverapp_userstoreselection`
--

LOCK TABLES `doughsaverapp_userstoreselection` WRITE;
/*!40000 ALTER TABLE `doughsaverapp_userstoreselection` DISABLE KEYS */;
/*!40000 ALTER TABLE `doughsaverapp_userstoreselection` ENABLE KEYS */;
UNLOCK TABLES;

--
-- Table structure for table `doughsaverapp_userstoreselection_stores`
--

DROP TABLE IF EXISTS `doughsaverapp_userstoreselection_stores`;
/*!40101 SET @saved_cs_client     = @@character_set_client */;
/*!40101 SET character_set_client = utf8 */;
CREATE TABLE `doughsaverapp_userstoreselection_stores` (
  `id` bigint(20) NOT NULL AUTO_INCREMENT,
  `userstoreselection_id` bigint(20) NOT NULL,
  `grocerystore_id` int(11) NOT NULL,
  PRIMARY KEY (`id`),
  UNIQUE KEY `doughsaverapp_userstores_userstoreselection_id_gr_70cc8b50_uniq` (`userstoreselection_id`,`grocerystore_id`),
  KEY `doughsaverapp_userst_grocerystore_id_a6b856f8_fk_GrocerySt` (`grocerystore_id`),
  CONSTRAINT `doughsaverapp_userst_grocerystore_id_a6b856f8_fk_GrocerySt` FOREIGN KEY (`grocerystore_id`) REFERENCES `GroceryStore` (`StoreId`),
  CONSTRAINT `doughsaverapp_userst_userstoreselection_i_aa33d223_fk_doughsave` FOREIGN KEY (`userstoreselection_id`) REFERENCES `doughsaverapp_userstoreselection` (`id`)
) ENGINE=InnoDB DEFAULT CHARSET=latin1 COLLATE=latin1_swedish_ci;
/*!40101 SET character_set_client = @saved_cs_client */;

--
-- Dumping data for table `doughsaverapp_userstoreselection_stores`
--

LOCK TABLES `doughsaverapp_userstoreselection_stores` WRITE;
/*!40000 ALTER TABLE `doughsaverapp_userstoreselection_stores` DISABLE KEYS */;
/*!40000 ALTER TABLE `doughsaverapp_userstoreselection_stores` ENABLE KEYS */;
UNLOCK TABLES;
/*!40103 SET TIME_ZONE=@OLD_TIME_ZONE */;

/*!40101 SET SQL_MODE=@OLD_SQL_MODE */;
/*!40014 SET FOREIGN_KEY_CHECKS=@OLD_FOREIGN_KEY_CHECKS */;
/*!40014 SET UNIQUE_CHECKS=@OLD_UNIQUE_CHECKS */;
/*!40101 SET CHARACTER_SET_CLIENT=@OLD_CHARACTER_SET_CLIENT */;
/*!40101 SET CHARACTER_SET_RESULTS=@OLD_CHARACTER_SET_RESULTS */;
/*!40101 SET COLLATION_CONNECTION=@OLD_COLLATION_CONNECTION */;
/*!40111 SET SQL_NOTES=@OLD_SQL_NOTES */;

-- Dump completed on 2023-12-10  0:18:43
